feature_a,feature_b,spearman_correlation,abs_spearman_correlation
high,close,0.9997994610498033,0.9997994610498033
open,high,0.9997875108544753,0.9997875108544753
low,close,0.9997874164702962,0.9997874164702962
open,low,0.99972816018925,0.99972816018925
open,close,0.9996382657146519,0.9996382657146519
high,low,0.9995859187567816,0.9995859187567816
volume_z_168h,trades_z_168h,0.9738454205138211,0.9738454205138211
dist_high_96h,dist_high_168h,0.8791732468245432,0.8791732468245432
rsi_14h,bb_pctb_20h,0.8787521970970993,0.8787521970970993
vol_96h,vol_168h,0.8761551771765271,0.8761551771765271
ret_12h,rsi_14h,0.8758670129702482,0.8758670129702482
volume_z_168h,volume,0.8727703340750973,0.8727703340750973
funding_last,funding_mean_24h,0.8716047845503144,0.8716047845503144
ret_12h,bb_pctb_20h,0.8629686332149452,0.8629686332149452
trades_z_168h,volume,0.8574774447641277,0.8574774447641277
vol_24h,atr_pct_14h,0.8455725629119402,0.8455725629119402
vol_6h,vol_ratio_6_96,0.8399376286294291,0.8399376286294291
dist_low_96h,dist_low_168h,0.8329061908355152,0.8329061908355152
ret_24h,eth_ret_24h,0.8172151329100261,0.8172151329100261
ret_168h,eth_ret_168h,0.8121162288399201,0.8121162288399201
ret_1h,eth_ret_1h,0.7981097724550327,0.7981097724550327
bb_bw_20h,atr_pct_14h,0.7943357684544163,0.7943357684544163
ret_12h,macd_hist_1h,0.7924191242150693,0.7924191242150693
ret_6h,bb_pctb_20h,0.7794880898782625,0.7794880898782625
ret_96h,dist_high_168h,0.7765230445657522,0.7765230445657522
vol_24h,bb_bw_20h,0.764641164449078,0.764641164449078
ret_168h,dist_high_168h,0.7618941087203913,0.7618941087203913
macd_hist_1h,bb_pctb_20h,0.7534767591632057,0.7534767591632057
ret_96h,dist_high_96h,0.7392826210519465,0.7392826210519465
bb_pctb_20h,dist_high_24h,0.7353542116329008,0.7353542116329008
ret_48h,dist_high_96h,0.7337438114564301,0.7337438114564301
rsi_14h,macd_hist_1h,0.7303040849770751,0.7303040849770751
vol_6h,atr_pct_14h,0.7216395548968194,0.7216395548968194
ret_96h,ret_168h,0.7173760183749723,0.7173760183749723
rsi_14h,dist_high_24h,0.689971939875322,0.689971939875322
ret_6h,macd_hist_1h,0.689752514848469,0.689752514848469
ret_24h,rsi_14h,0.6835575546566179,0.6835575546566179
ret_24h,oi_chg_24h,0.680613607486842,0.680613607486842
ret_96h,dist_low_168h,0.6707780664722645,0.6707780664722645
ret_24h,dist_high_24h,0.6695898680420943,0.6695898680420943
ret_48h,dist_low_96h,0.6674046086822439,0.6674046086822439
bb_pctb_20h,dist_low_24h,0.6659265254923481,0.6659265254923481
ret_1h,taker_buy_ratio_1h,0.6610369854704139,0.6610369854704139
ret_12h,dist_high_24h,0.6606428354157531,0.6606428354157531
ret_48h,ret_96h,0.6592485031227343,0.6592485031227343
vol_24h,vol_96h,0.6591552405825231,0.6591552405825231
eth_ret_24h,btc_eth_ret_spread_24h,-0.658087040564565,0.658087040564565
ret_24h,bb_pctb_20h,0.6559804338207728,0.6559804338207728
ret_48h,dist_high_168h,0.6534852566650666,0.6534852566650666
ret_24h,ret_48h,0.647638580962581,0.647638580962581
vol_6h,vol_24h,0.6475406922677709,0.6475406922677709
ret_12h,ret_24h,0.6456436211497596,0.6456436211497596
ret_6h,ret_12h,0.6413549191720141,0.6413549191720141
vol_96h,atr_pct_14h,0.6344159827679753,0.6344159827679753
ret_3h,ret_6h,0.6315295360594695,0.6315295360594695
rsi_14h,dist_low_24h,0.6284847762322153,0.6284847762322153
vol_6h,volume,0.6232502846969125,0.6232502846969125
dist_high_168h,eth_ret_168h,0.6225269894959419,0.6225269894959419
ret_12h,dist_low_24h,0.6212521200096706,0.6212521200096706
dist_high_24h,dist_high_96h,0.615241641582,0.615241641582
ret_3h,bb_pctb_20h,0.6132689667912311,0.6132689667912311
ret_168h,dist_low_168h,0.6028228086598288,0.6028228086598288
ret_96h,dist_low_96h,0.6008411003135542,0.6008411003135542
ret_24h,dist_high_96h,0.6005169510641524,0.6005169510641524
ret_1h,oi_chg_1h,0.5998901314232652,0.5998901314232652
ret_6h,rsi_14h,0.5977808067880745,0.5977808067880745
vol_6h,bb_bw_20h,0.594671949979135,0.594671949979135
ret_48h,dist_low_168h,0.5914021949648125,0.5914021949648125
ret_24h,dist_low_24h,0.5860274542446997,0.5860274542446997
vol_168h,atr_pct_14h,0.5856214200930571,0.5856214200930571
vol_24h,vol_168h,0.5745614795315692,0.5745614795315692
vol_ratio_6_96,trades_z_168h,0.5736450145798445,0.5736450145798445
dist_high_24h,eth_ret_24h,0.5700574118540997,0.5700574118540997
dist_low_24h,dist_low_96h,0.5692156458089955,0.5692156458089955
ret_24h,dist_low_96h,0.5646260781683826,0.5646260781683826
ret_168h,dist_high_96h,0.5600299322102567,0.5600299322102567
oi_chg_24h,eth_ret_24h,0.5530573447035281,0.5530573447035281
ret_48h,eth_ret_24h,0.5513694362929537,0.5513694362929537
ret_96h,eth_ret_168h,0.5509821377265085,0.5509821377265085
rsi_14h,eth_ret_24h,0.5505790666151775,0.5505790666151775
taker_buy_ratio_1h,eth_ret_1h,0.5465309973752468,0.5465309973752468
lsr_top_level,high,0.5450501402935426,0.5450501402935426
lsr_top_level,open,0.5448145421159887,0.5448145421159887
lsr_top_level,close,0.5444562391700938,0.5444562391700938
lsr_top_level,low,0.5437697042571573,0.5437697042571573
ret_6h,dist_high_24h,0.5416462084090663,0.5416462084090663
vol_ratio_6_96,volume_z_168h,0.5414180581240041,0.5414180581240041
atr_pct_14h,volume,0.5399802159062885,0.5399802159062885
macd_hist_1h,dist_low_24h,0.5348261445073346,0.5348261445073346
vol_24h,dist_low_24h,0.5335889680319251,0.5335889680319251
ret_6h,dist_low_24h,0.5270655336517733,0.5270655336517733
dist_high_96h,eth_ret_24h,0.5269791646189985,0.5269791646189985
vol_6h,trades_z_168h,0.526860065089995,0.526860065089995
bb_pctb_20h,eth_ret_24h,0.5232537126382925,0.5232537126382925
dist_high_24h,dist_high_168h,0.5203518950405314,0.5203518950405314
ret_12h,eth_ret_24h,0.5199995859128658,0.5199995859128658
macd_hist_1h,dist_high_24h,0.5182263688670304,0.5182263688670304
ret_24h,dist_high_168h,0.5105313499551317,0.5105313499551317
vol_24h,volume,0.49627880545493647,0.49627880545493647
atr_pct_14h,dist_high_24h,-0.49552464821886877,0.49552464821886877
oi_chg_1h,eth_ret_1h,0.49497864409616815,0.49497864409616815
vol_ratio_6_96,volume,0.4949157135286692,0.4949157135286692
ret_1h,ret_3h,0.4940624203862128,0.4940624203862128
bb_bw_20h,dist_low_24h,0.49346990688967657,0.49346990688967657
vol_6h,volume_z_168h,0.49140557825671954,0.49140557825671954
ret_24h,taker_buy_ratio_24h,0.48891653958937065,0.48891653958937065
ret_48h,ret_168h,0.4857786720019147,0.4857786720019147
vol_24h,dist_high_24h,-0.48454812293050614,0.48454812293050614
rsi_14h,dist_high_96h,0.47740374782114864,0.47740374782114864
bb_pctb_20h,dist_high_96h,0.473179028036012,0.473179028036012
bb_bw_20h,volume,0.4727313648233658,0.4727313648233658
ret_24h,dist_low_168h,0.4680590344115574,0.4680590344115574
atr_pct_14h,dist_low_24h,0.46707601817937955,0.46707601817937955
ret_48h,rsi_14h,0.4660725834795018,0.4660725834795018
dist_low_96h,eth_ret_24h,0.4654633640005325,0.4654633640005325
dist_high_168h,dist_low_168h,0.46375064164435614,0.46375064164435614
ret_48h,oi_chg_24h,0.45886492807906504,0.45886492807906504
dist_high_96h,eth_ret_168h,0.45882912786426516,0.45882912786426516
vol_96h,bb_bw_20h,0.45717597684230854,0.45717597684230854
ret_12h,dist_high_96h,0.45591956074140844,0.45591956074140844
ret_48h,dist_high_24h,0.45566216395730735,0.45566216395730735
rsi_14h,oi_chg_24h,0.45542268342512954,0.45542268342512954
bb_bw_20h,dist_high_24h,-0.45514793399987313,0.45514793399987313
vol_96h,dist_low_96h,0.4540041148952309,0.4540041148952309
dist_high_96h,oi_chg_24h,0.4525986079845168,0.4525986079845168
dist_high_24h,oi_chg_24h,0.44915450483951885,0.44915450483951885
vol_168h,dist_low_168h,0.4484546023432335,0.4484546023432335
rsi_14h,dist_low_96h,0.4445887096761003,0.4445887096761003
dist_high_168h,eth_ret_24h,0.444422650266118,0.444422650266118
ret_12h,ret_48h,0.4415386407969986,0.4415386407969986
ret_12h,dist_low_96h,0.43973204845911396,0.43973204845911396
dist_high_96h,dist_low_96h,0.4397139619342415,0.4397139619342415
ret_48h,bb_pctb_20h,0.43899025731399505,0.43899025731399505
ret_24h,ret_96h,0.4375342777673116,0.4375342777673116
ret_48h,taker_buy_ratio_24h,0.4361031192615811,0.4361031192615811
bb_pctb_20h,dist_low_96h,0.43239907179694426,0.43239907179694426
dist_high_96h,dist_low_168h,0.4315521414368533,0.4315521414368533
dist_low_24h,eth_ret_24h,0.4299204220425501,0.4299204220425501
ret_3h,ret_12h,0.42924121053713804,0.42924121053713804
vol_6h,vol_96h,0.4272312256775539,0.4272312256775539
vol_ratio_6_96,atr_pct_14h,0.42651199754133273,0.42651199754133273
dist_low_24h,dist_low_168h,0.4249916238029627,0.4249916238029627
bb_pctb_20h,oi_chg_24h,0.42357324559352083,0.42357324559352083
ret_12h,oi_chg_24h,0.42113967782773576,0.42113967782773576
ret_3h,dist_high_24h,0.4187082459050562,0.4187082459050562
vol_168h,dist_low_96h,0.41745049574961596,0.41745049574961596
ret_6h,ret_24h,0.4169001829387654,0.4169001829387654
ret_3h,dist_low_24h,0.4132926981613809,0.4132926981613809
ret_3h,macd_hist_1h,0.407613754763328,0.407613754763328
taker_buy_ratio_1h,oi_chg_1h,0.4070532331901869,0.4070532331901869
ret_3h,rsi_14h,0.4063812339893279,0.4063812339893279
ret_3h,eth_ret_1h,0.4037782505004948,0.4037782505004948
dist_low_168h,eth_ret_24h,0.40128540195148127,0.40128540195148127
taker_buy_ratio_24h,eth_ret_24h,0.3999678916457066,0.3999678916457066
vol_168h,bb_bw_20h,0.39923541785511707,0.39923541785511707
vol_6h,vol_168h,0.39900467386328686,0.39900467386328686
ret_96h,eth_ret_24h,0.39737045213628885,0.39737045213628885
vol_96h,dist_high_168h,-0.3948261835480982,0.3948261835480982
rsi_14h,dist_high_168h,0.394614277848463,0.394614277848463
dist_high_168h,oi_chg_24h,0.3913961728358978,0.3913961728358978
vol_ratio_6_96,bb_bw_20h,0.3903202679196229,0.3903202679196229
dist_low_96h,dist_high_168h,0.39028090053420106,0.39028090053420106
vol_96h,dist_low_24h,0.38534942700436364,0.38534942700436364
bb_pctb_20h,dist_high_168h,0.385270116280724,0.385270116280724
dist_low_168h,eth_ret_168h,0.38328156334047037,0.38328156334047037
trades_z_168h,dow_sin,0.37522965391293717,0.37522965391293717
vol_ratio_6_96,dow_sin,0.3745212735840991,0.3745212735840991
ret_168h,dist_low_96h,0.3744793425343399,0.3744793425343399
ret_12h,dist_high_168h,0.37395852606250696,0.37395852606250696
ret_24h,macd_hist_1h,0.37384837784825814,0.37384837784825814
ret_3h,oi_chg_1h,0.3733295811811559,0.3733295811811559
vol_96h,dist_low_168h,0.37116692961798053,0.37116692961798053
dist_high_96h,taker_buy_ratio_24h,0.3709242364170445,0.3709242364170445
atr_pct_14h,trades_z_168h,0.3706078978743349,0.3706078978743349
vol_96h,dist_high_96h,-0.3698981745082886,0.3698981745082886
ret_48h,eth_ret_168h,0.36860616604832874,0.36860616604832874
ret_1h,bb_pctb_20h,0.36808233811380053,0.36808233811380053
bb_bw_20h,trades_z_168h,0.3669920125129564,0.3669920125129564
dist_low_24h,oi_chg_24h,0.3650343213667245,0.3650343213667245
atr_pct_14h,dow_sin,0.3633161097218558,0.3633161097218558
vol_6h,dist_high_24h,-0.3632180890437138,0.3632180890437138
atr_pct_14h,dist_high_96h,-0.36041939807430196,0.36041939807430196
atr_pct_14h,dist_high_168h,-0.35888092906877195,0.35888092906877195
taker_buy_ratio_24h,oi_chg_24h,0.3559260169895646,0.3559260169895646
rsi_14h,dist_low_168h,0.34930955861634616,0.34930955861634616
ret_12h,dist_low_168h,0.3486779536772669,0.3486779536772669
volume_z_168h,dow_sin,0.3475774437747927,0.3475774437747927
vol_168h,funding_std_168h,0.3455951367915272,0.3455951367915272
vol_168h,dist_high_168h,-0.3451435508480009,0.3451435508480009
vol_168h,low,-0.34423982300991224,0.34423982300991224
bb_bw_20h,volume_z_168h,0.3413343973332543,0.3413343973332543
vol_24h,dist_high_96h,-0.3410153304449376,0.3410153304449376
vol_168h,open,-0.340650733186518,0.340650733186518
dist_low_96h,taker_buy_ratio_24h,0.340550141199299,0.340550141199299
vol_168h,close,-0.34045225362564413,0.34045225362564413
dist_high_168h,taker_buy_ratio_24h,0.3403638674530322,0.3403638674530322
vol_24h,vol_ratio_6_96,0.33806266648654165,0.33806266648654165
vol_168h,high,-0.33695248910519876,0.33695248910519876
vol_168h,dist_low_24h,0.3367205142421778,0.3367205142421778
ret_6h,dist_high_96h,0.3350605784021294,0.3350605784021294
bb_pctb_20h,dist_low_168h,0.33399223880669504,0.33399223880669504
ret_1h,ret_6h,0.33361973251478333,0.33361973251478333
vol_96h,volume,0.3333971174177357,0.3333971174177357
vol_24h,dist_high_168h,-0.33322221123458606,0.33322221123458606
rsi_14h,taker_buy_ratio_24h,0.3320760266924656,0.3320760266924656
ret_6h,eth_ret_24h,0.3291644962944316,0.3291644962944316
dist_low_96h,oi_chg_24h,0.3280713122581619,0.3280713122581619
bb_pctb_20h,taker_buy_ratio_24h,0.3264221824593113,0.3264221824593113
vol_24h,trades_z_168h,0.3251629225508722,0.3251629225508722
dist_low_168h,funding_std_168h,0.32485708527963375,0.32485708527963375
atr_pct_14h,volume_z_168h,0.3247872272357462,0.3247872272357462
ret_48h,dist_low_24h,0.32432993752470196,0.32432993752470196
ret_24h,ret_168h,0.3239872697047342,0.3239872697047342
funding_mean_24h,lsr_top_level,0.3235752888973649,0.3235752888973649
ret_6h,dist_low_96h,0.32322500018505607,0.32322500018505607
vol_6h,dist_low_24h,0.3222596188026959,0.3222596188026959
eth_ret_24h,eth_ret_168h,0.32092020625970596,0.32092020625970596
vol_6h,dow_sin,0.32069066518726685,0.32069066518726685
vol_168h,volume,0.31884793769403474,0.31884793769403474
dow_sin,volume,0.3180362458835311,0.3180362458835311
vol_96h,funding_std_168h,0.31362792284911545,0.31362792284911545
bb_pctb_20h,eth_ret_1h,0.3087651467877228,0.3087651467877228
vol_96h,low,-0.30745253165310066,0.30745253165310066
ret_96h,oi_chg_24h,0.3057493403537804,0.3057493403537804
vol_96h,dist_high_24h,-0.30357937247900163,0.30357937247900163
vol_96h,open,-0.3034956993427113,0.3034956993427113
vol_96h,close,-0.3033707049035248,0.3033707049035248
bb_bw_20h,dow_sin,0.3024397900117503,0.3024397900117503
ret_12h,taker_buy_ratio_24h,0.3010907811903425,0.3010907811903425
ret_96h,rsi_14h,0.30008226298858004,0.30008226298858004
ret_96h,taker_buy_ratio_24h,0.3000472691136694,0.3000472691136694
vol_96h,high,-0.29955444320614,0.29955444320614
ret_96h,dist_high_24h,0.2977762489110593,0.2977762489110593
vol_24h,volume_z_168h,0.2969148738935199,0.2969148738935199
vol_24h,dow_sin,0.29529902568965316,0.29529902568965316
ret_6h,ret_48h,0.29506689285231885,0.29506689285231885
ret_168h,eth_ret_24h,0.2942161767408273,0.2942161767408273
ret_12h,ret_96h,0.2915691201313084,0.2915691201313084
dist_low_168h,taker_buy_ratio_24h,0.2907487121359081,0.2907487121359081
macd_hist_1h,eth_ret_24h,0.2901537839232128,0.2901537839232128
dist_high_24h,taker_buy_ratio_24h,0.28792237607384785,0.28792237607384785
vol_168h,dist_high_96h,-0.2875887227108497,0.2875887227108497
bb_pctb_20h,oi_chg_1h,0.28626709911370224,0.28626709911370224
ret_96h,bb_pctb_20h,0.2827029421730171,0.2827029421730171
ret_3h,taker_buy_ratio_1h,0.2815329376074881,0.2815329376074881
dist_high_24h,volume,-0.2805169622964749,0.2805169622964749
funding_last,lsr_top_level,0.27975854178051907,0.27975854178051907
ret_6h,eth_ret_1h,0.2796222442749132,0.2796222442749132
dist_low_96h,funding_std_168h,0.2740648825094133,0.2740648825094133
ret_3h,ret_24h,0.2721092767439891,0.2721092767439891
ret_6h,dist_high_168h,0.26928716562040855,0.26928716562040855
dist_low_168h,oi_chg_24h,0.2681891736496181,0.2681891736496181
ret_24h,lsr_top_chg_24h,-0.267746631508141,0.267746631508141
bb_bw_20h,dist_high_96h,-0.2634522477015466,0.2634522477015466
ret_1h,dist_low_24h,0.26272051473127406,0.26272051473127406
ret_6h,oi_chg_24h,0.26271192542751926,0.26271192542751926
dist_low_24h,volume,0.2618125419434002,0.2618125419434002
vol_168h,dist_high_24h,-0.2607311518492022,0.2607311518492022
bb_bw_20h,dist_high_168h,-0.2606261271121644,0.2606261271121644
ret_1h,dist_high_24h,0.26051786452371656,0.26051786452371656
dist_high_24h,dist_low_24h,0.2596181222055806,0.2596181222055806
ret_6h,oi_chg_1h,0.25724826890518526,0.25724826890518526
ret_168h,dist_high_24h,0.2563522565102645,0.2563522565102645
vol_96h,eth_ret_168h,-0.25597370788205176,0.25597370788205176
dist_low_24h,taker_buy_ratio_24h,0.2545463191459619,0.2545463191459619
vol_24h,dist_low_96h,0.2539762172123735,0.2539762172123735
dist_high_24h,dist_low_96h,0.25322525263663787,0.25322525263663787
atr_pct_14h,dist_low_96h,0.248545337533297,0.248545337533297
ret_6h,dist_low_168h,0.24799007866036188,0.24799007866036188
atr_pct_14h,low,-0.24795676130110847,0.24795676130110847
eth_ret_168h,btc_eth_ret_spread_24h,-0.24732001008204504,0.24732001008204504
vol_6h,dist_high_168h,-0.243191464411083,0.243191464411083
low,volume,-0.24287877550391973,0.24287877550391973
atr_pct_14h,close,-0.2415159089964266,0.2415159089964266
atr_pct_14h,open,-0.24134049883366598,0.24134049883366598
ret_24h,eth_ret_168h,0.2405658732920034,0.2405658732920034
ret_3h,dist_high_96h,0.2390816314339931,0.2390816314339931
rsi_14h,lsr_top_chg_24h,-0.23884016081702797,0.23884016081702797
vol_6h,dist_high_96h,-0.23800913702605841,0.23800913702605841
dist_high_24h,eth_ret_168h,0.23794210470833235,0.23794210470833235
ret_3h,dist_low_96h,0.23626873638604728,0.23626873638604728
vol_ratio_6_96,hour_sin,-0.2357293643874091,0.2357293643874091
atr_pct_14h,high,-0.2356013395557339,0.2356013395557339
vol_ratio_6_96,dist_high_24h,-0.23440865035436922,0.23440865035436922
atr_pct_14h,funding_std_168h,0.23366583815162376,0.23366583815162376
close,volume,-0.23356297256846412,0.23356297256846412
open,volume,-0.23312129165893378,0.23312129165893378
oi_chg_24h,lsr_top_chg_24h,-0.23252928415051555,0.23252928415051555
bb_pctb_20h,taker_buy_ratio_1h,0.23104669612968448,0.23104669612968448
atr_pct_14h,eth_ret_168h,-0.23045033905920168,0.23045033905920168
trades_z_168h,hour_sin,-0.22991366947055691,0.22991366947055691
volume_z_168h,hour_cos,-0.22984434793508052,0.22984434793508052
dist_high_24h,lsr_top_chg_24h,-0.22947665215002258,0.22947665215002258
ret_1h,ret_12h,0.22788488385711259,0.22788488385711259
dist_high_24h,oi_chg_1h,0.22703190145289653,0.22703190145289653
macd_hist_1h,oi_chg_24h,0.22673407597622336,0.22673407597622336
ret_12h,lsr_top_chg_24h,-0.22599703693406692,0.22599703693406692
funding_std_168h,lsr_top_level,-0.224723505461111,0.224723505461111
vol_24h,low,-0.22459203268041755,0.22459203268041755
high,volume,-0.22452762452971312,0.22452762452971312
macd_hist_1h,lsr_top_chg_24h,-0.22441051488651137,0.22441051488651137
ret_168h,rsi_14h,0.22430238361538138,0.22430238361538138
vol_24h,eth_ret_168h,-0.22423384852707082,0.22423384852707082
dist_high_24h,trades_z_168h,-0.2235330032266536,0.2235330032266536
ret_168h,oi_chg_24h,0.22268826386139098,0.22268826386139098
ret_1h,rsi_14h,0.22070820412066702,0.22070820412066702
vol_24h,open,-0.21882798401592854,0.21882798401592854
vol_24h,close,-0.21877216499748176,0.21877216499748176
dist_high_24h,eth_ret_1h,0.21824781876421848,0.21824781876421848
dist_low_24h,eth_ret_1h,0.21738506884167008,0.21738506884167008
ret_168h,taker_buy_ratio_24h,0.2165500408926335,0.2165500408926335
ret_12h,ret_168h,0.21643585660338832,0.21643585660338832
vol_168h,eth_ret_168h,-0.21514512971654343,0.21514512971654343
dow_sin,dow_cos,0.2149083731017293,0.2149083731017293
vol_24h,funding_std_168h,0.2147793777055561,0.2147793777055561
vol_24h,high,-0.21348575447136559,0.21348575447136559
atr_pct_14h,dist_low_168h,0.21324584753176082,0.21324584753176082
bb_pctb_20h,lsr_top_chg_24h,-0.21320770662512153,0.21320770662512153
ret_6h,taker_buy_ratio_24h,0.21319669827063265,0.21319669827063265
ret_3h,eth_ret_24h,0.21294391022324807,0.21294391022324807
vol_6h,hour_sin,-0.21239601979913014,0.21239601979913014
ret_168h,bb_pctb_20h,0.2120690095542262,0.2120690095542262
vol_96h,dow_cos,-0.20845571587255574,0.20845571587255574
hour_cos,volume,-0.20843847447885772,0.20843847447885772
taker_buy_ratio_1h,taker_buy_ratio_24h,0.20823502366831306,0.20823502366831306
dist_low_96h,eth_ret_168h,0.20732992984702592,0.20732992984702592
vol_24h,dist_low_168h,0.20338578214154407,0.20338578214154407
funding_last,lsr_top_chg_24h,0.20288274373260687,0.20288274373260687
ret_3h,ret_48h,0.20077114795212778,0.20077114795212778
dist_high_24h,volume_z_168h,-0.19851189987903242,0.19851189987903242
trades_z_168h,hour_cos,-0.19779971388917228,0.19779971388917228
volume_z_168h,hour_sin,-0.19712334558527864,0.19712334558527864
taker_buy_ratio_24h,lsr_top_level,-0.19648073622799525,0.19648073622799525
ret_6h,ret_96h,0.19534341022899193,0.19534341022899193
ret_12h,eth_ret_1h,0.1949775224433594,0.1949775224433594
bb_bw_20h,eth_ret_168h,-0.19208347727002018,0.19208347727002018
funding_mean_24h,eth_ret_168h,0.19172851505353314,0.19172851505353314
dist_low_24h,lsr_top_chg_24h,-0.1916821665681466,0.1916821665681466
dist_high_24h,btc_eth_ret_spread_24h,-0.19133331824250074,0.19133331824250074
ret_3h,dist_high_168h,0.19087230949904468,0.19087230949904468
atr_pct_14h,hour_cos,0.1905329112537846,0.1905329112537846
dist_high_24h,dist_low_168h,0.1893776863834178,0.1893776863834178
funding_last,eth_ret_168h,0.18874832089840812,0.18874832089840812
ret_24h,btc_eth_ret_spread_24h,-0.18759881094765948,0.18759881094765948
rsi_14h,eth_ret_1h,0.18670607117278795,0.18670607117278795
funding_mean_24h,funding_std_168h,-0.18606602905041597,0.18606602905041597
dist_low_24h,dist_high_96h,0.18419378049005888,0.18419378049005888
ret_12h,oi_chg_1h,0.18378972170616392,0.18378972170616392
lsr_top_chg_24h,eth_ret_24h,-0.18304450215710266,0.18304450215710266
rsi_14h,oi_chg_1h,0.1818117140473592,0.1818117140473592
bb_bw_20h,btc_eth_ret_spread_24h,0.18178591680652717,0.18178591680652717
vol_ratio_6_96,dow_cos,0.18104641113140285,0.18104641113140285
hour_sin,volume,-0.18061233164548532,0.18061233164548532
ret_3h,dist_low_168h,0.1778762110668041,0.1778762110668041
dist_low_24h,oi_chg_1h,0.17777235700421734,0.17777235700421734
atr_pct_14h,btc_eth_ret_spread_24h,0.1770231019839884,0.1770231019839884
bb_bw_20h,dist_low_96h,0.17562990641474496,0.17562990641474496
ret_6h,taker_buy_ratio_1h,0.1749308072899209,0.1749308072899209
dist_high_96h,btc_eth_ret_spread_24h,-0.17271668733810416,0.17271668733810416
oi_chg_24h,eth_ret_168h,0.17050646025451024,0.17050646025451024
dist_high_24h,dow_sin,-0.169514770126145,0.169514770126145
vol_6h,low,-0.1685046949376456,0.1685046949376456
vol_24h,btc_eth_ret_spread_24h,0.167486464802473,0.167486464802473
vol_6h,funding_std_168h,0.1670230758407449,0.1670230758407449
dist_high_24h,taker_buy_ratio_1h,0.16548131998676294,0.16548131998676294
vol_6h,eth_ret_168h,-0.16470222018184216,0.16470222018184216
ret_96h,dist_low_24h,0.16451161029876002,0.16451161029876002
ret_3h,taker_buy_ratio_24h,0.1643834362731694,0.1643834362731694
rsi_14h,eth_ret_168h,0.16317703331452513,0.16317703331452513
ret_3h,oi_chg_24h,0.1628788042344737,0.1628788042344737
dist_high_168h,low,0.16168875748860287,0.16168875748860287
vol_6h,close,-0.1612269993596691,0.1612269993596691
vol_6h,open,-0.16116868928463823,0.16116868928463823
dist_high_168h,close,0.16006608956371488,0.16006608956371488
dist_low_24h,funding_std_168h,0.1591337244624951,0.1591337244624951
dist_low_96h,volume,0.15868446976829426,0.15868446976829426
ret_168h,vol_96h,-0.15818650619754995,0.15818650619754995
ret_12h,eth_ret_168h,0.15793272455725693,0.15793272455725693
dist_low_168h,volume,0.1572192403568794,0.1572192403568794
dist_high_168h,open,0.15701380962599829,0.15701380962599829
oi_chg_1h,oi_chg_24h,0.15697369128886698,0.15697369128886698
bb_pctb_20h,eth_ret_168h,0.15666211516429798,0.15666211516429798
dist_high_168h,high,0.15633250939705817,0.15633250939705817
taker_buy_ratio_24h,funding_mean_24h,-0.15571603061582537,0.15571603061582537
vol_6h,dist_low_96h,0.15564019840312218,0.15564019840312218
ret_168h,atr_pct_14h,-0.15477725925197053,0.15477725925197053
dist_low_24h,dow_sin,0.15466541749825335,0.15466541749825335
vol_6h,high,-0.1544130037927652,0.1544130037927652
vol_6h,btc_eth_ret_spread_24h,0.15279646567750765,0.15279646567750765
ret_168h,vol_24h,-0.1509833810579726,0.1509833810579726
dist_low_24h,taker_buy_ratio_1h,0.15092325293459202,0.15092325293459202
ret_6h,ret_168h,0.14820858680446566,0.14820858680446566
bb_bw_20h,low,-0.1479845126800078,0.1479845126800078
dist_high_96h,low,0.14712681157458496,0.14712681157458496
dist_high_96h,close,0.145840636060613,0.145840636060613
dist_high_24h,low,0.14579834276173867,0.14579834276173867
dist_high_24h,close,0.14498972416026856,0.14498972416026856
funding_last,funding_std_168h,-0.14419184063834267,0.14419184063834267
ret_168h,funding_last,0.1431321457395189,0.1431321457395189
ret_48h,btc_eth_ret_spread_24h,-0.14308613560360425,0.14308613560360425
bb_bw_20h,open,-0.1428610734346516,0.1428610734346516
bb_bw_20h,close,-0.14277843367613366,0.14277843367613366
funding_mean_24h,lsr_top_chg_24h,0.14254226400479117,0.14254226400479117
dist_high_96h,open,0.14193227450952228,0.14193227450952228
bb_bw_20h,funding_std_168h,0.14184745927880993,0.14184745927880993
dist_high_96h,high,0.14181807082887135,0.14181807082887135
funding_last,volume,0.1416812990439384,0.1416812990439384
rsi_14h,taker_buy_ratio_1h,0.14134799077936788,0.14134799077936788
ret_6h,lsr_top_chg_24h,-0.14032636992877054,0.14032636992877054
ret_1h,ret_24h,0.14028639721466546,0.14028639721466546
dist_high_96h,volume,-0.14019378972326074,0.14019378972326074
ret_12h,taker_buy_ratio_1h,0.13980838989529537,0.13980838989529537
ret_1h,macd_hist_1h,0.1390023900828695,0.1390023900828695
dist_high_24h,high,0.13878871430700515,0.13878871430700515
dist_high_168h,btc_eth_ret_spread_24h,-0.13846104318405836,0.13846104318405836
dist_low_24h,trades_z_168h,0.1383692663927407,0.1383692663927407
dist_high_24h,open,0.1381900712816517,0.1381900712816517
bb_bw_20h,high,-0.13807734894119086,0.13807734894119086
dist_low_168h,lsr_top_level,-0.13758457272350552,0.13758457272350552
btc_eth_ret_spread_24h,volume,0.13746067141523494,0.13746067141523494
taker_buy_ratio_24h,eth_ret_168h,0.13675230442559705,0.13675230442559705
ret_1h,dist_low_96h,0.13648719852065475,0.13648719852065475
ret_1h,dist_high_96h,0.13627094451964095,0.13627094451964095
eth_ret_1h,eth_ret_24h,0.13611927832691623,0.13611927832691623
ret_168h,funding_mean_24h,0.13600728758628006,0.13600728758628006
atr_pct_14h,eth_ret_24h,-0.13433040676118696,0.13433040676118696
macd_hist_1h,dist_low_96h,0.13414442233805007,0.13414442233805007
funding_mean_24h,volume,0.13414265461736397,0.13414265461736397
bb_bw_20h,dist_low_168h,0.13361250023904084,0.13361250023904084
ret_3h,ret_96h,0.13354584845207537,0.13354584845207537
ret_96h,lsr_top_level,-0.13302563190234676,0.13302563190234676
vol_6h,dist_low_168h,0.13293865385085996,0.13293865385085996
trades_z_168h,btc_eth_ret_spread_24h,0.13272955914703014,0.13272955914703014
ret_168h,bb_bw_20h,-0.1309610696207467,0.1309610696207467
vol_ratio_6_96,dist_low_24h,0.13091930846526317,0.13091930846526317
dist_high_168h,volume,-0.13012308424581928,0.13012308424581928
funding_std_168h,volume,0.13008371080827963,0.13008371080827963
vol_ratio_6_96,btc_eth_ret_spread_24h,0.1291868582870914,0.1291868582870914
macd_hist_1h,oi_chg_1h,0.1279851396200926,0.1279851396200926
ret_168h,lsr_top_level,-0.12743893744529536,0.12743893744529536
dist_low_24h,volume_z_168h,0.12576741918401907,0.12576741918401907
macd_hist_1h,dist_high_96h,0.1257634178103462,0.1257634178103462
ret_96h,btc_eth_ret_spread_24h,-0.1252751765509818,0.1252751765509818
ret_48h,lsr_top_level,-0.12434852142203667,0.12434852142203667
vol_ratio_6_96,eth_ret_24h,-0.12390361520036244,0.12390361520036244
dist_high_168h,lsr_top_level,-0.12206756836272638,0.12206756836272638
dist_high_96h,oi_chg_1h,0.121997092789329,0.121997092789329
ret_24h,oi_chg_1h,0.12177249722122803,0.12177249722122803
volume_z_168h,btc_eth_ret_spread_24h,0.12084741224493811,0.12084741224493811
dist_high_96h,eth_ret_1h,0.12054571482895127,0.12054571482895127
ret_24h,taker_buy_ratio_1h,0.11984241370581916,0.11984241370581916
ret_24h,eth_ret_1h,0.11921238390258801,0.11921238390258801
dist_low_96h,lsr_top_level,-0.11877386628916484,0.11877386628916484
ret_96h,vol_24h,-0.11801504391247185,0.11801504391247185
dist_high_96h,lsr_top_level,-0.11797976519376323,0.11797976519376323
dist_low_96h,eth_ret_1h,0.11791560785903735,0.11791560785903735
ret_96h,atr_pct_14h,-0.11754071462357356,0.11754071462357356
oi_chg_24h,btc_eth_ret_spread_24h,-0.11720670553576114,0.11720670553576114
macd_hist_1h,eth_ret_1h,0.11677669332642775,0.11677669332642775
dist_low_24h,open,-0.11576126955632035,0.11576126955632035
dist_low_24h,low,-0.11451392347759368,0.11451392347759368
vol_6h,eth_ret_24h,-0.11399029013658098,0.11399029013658098
dist_low_24h,dist_high_168h,0.11388755738691685,0.11388755738691685
ret_168h,vol_6h,-0.1127400201520527,0.1127400201520527
rsi_14h,btc_eth_ret_spread_24h,-0.11160882914723329,0.11160882914723329
dist_high_96h,taker_buy_ratio_1h,0.11144368331894355,0.11144368331894355
dist_low_96h,open,-0.11089524758747595,0.11089524758747595
ret_96h,funding_std_168h,0.11050769343731925,0.11050769343731925
dist_low_96h,lsr_top_chg_24h,-0.10983352530367048,0.10983352530367048
ret_1h,eth_ret_24h,0.10972677558705743,0.10972677558705743
dist_low_96h,low,-0.10965735416381174,0.10965735416381174
dist_low_24h,high,-0.10959292969113738,0.10959292969113738
dist_low_24h,close,-0.1088976721727789,0.1088976721727789
ret_1h,ret_48h,0.10803653089275894,0.10803653089275894
ret_1h,dist_high_168h,0.10758724785430117,0.10758724785430117
dist_low_96h,high,-0.10734954764491615,0.10734954764491615
dist_low_96h,close,-0.10696939138244817,0.10696939138244817
ret_168h,vol_168h,-0.10651174475216225,0.10651174475216225
trades_z_168h,eth_ret_24h,-0.10593669755167139,0.10593669755167139
ret_48h,atr_pct_14h,-0.10573138626157576,0.10573138626157576
macd_hist_1h,taker_buy_ratio_24h,0.10570620437556343,0.10570620437556343
ret_168h,funding_std_168h,0.10548900278349696,0.10548900278349696
ret_48h,funding_std_168h,0.10528917755653473,0.10528917755653473
ret_1h,taker_buy_ratio_24h,0.10504881260477625,0.10504881260477625
ret_3h,ret_168h,0.10490290683499244,0.10490290683499244
ret_6h,eth_ret_168h,0.10475581640693438,0.10475581640693438
ret_1h,dist_low_168h,0.10358403239517455,0.10358403239517455
bb_pctb_20h,btc_eth_ret_spread_24h,-0.10284775725246634,0.10284775725246634
taker_buy_ratio_24h,funding_last,-0.10138495432984164,0.10138495432984164
dist_low_96h,taker_buy_ratio_1h,0.10004552146936753,0.10004552146936753
ret_24h,lsr_top_level,-0.09975624843305514,0.09975624843305514
vol_ratio_6_96,dist_low_96h,-0.09964667923365392,0.09964667923365392
ret_12h,btc_eth_ret_spread_24h,-0.09936515764241012,0.09936515764241012
taker_buy_ratio_1h,eth_ret_24h,0.09928312282730378,0.09928312282730378
dist_high_96h,dow_cos,0.09904320248447895,0.09904320248447895
oi_chg_1h,hour_sin,0.09898583211891566,0.09898583211891566
ret_96h,bb_bw_20h,-0.09889360608048066,0.09889360608048066
ret_48h,eth_ret_1h,0.09873856858232778,0.09873856858232778
taker_buy_ratio_24h,btc_eth_ret_spread_24h,-0.09833669860615678,0.09833669860615678
ret_48h,vol_24h,-0.09800697283102579,0.09800697283102579
vol_24h,eth_ret_24h,-0.09665279111871956,0.09665279111871956
ret_168h,btc_eth_ret_spread_24h,-0.09654089208966045,0.09654089208966045
ret_48h,vol_ratio_6_96,-0.09605996440393362,0.09605996440393362
dist_high_168h,oi_chg_1h,0.09598080667338985,0.09598080667338985
dist_high_168h,eth_ret_1h,0.09585487969196661,0.09585487969196661
volume_z_168h,eth_ret_24h,-0.09528708040792601,0.09528708040792601
ret_48h,taker_buy_ratio_1h,0.0948274477405672,0.0948274477405672
oi_chg_1h,eth_ret_24h,0.09438216785142965,0.09438216785142965
ret_24h,vol_ratio_6_96,-0.09401997537871985,0.09401997537871985
bb_bw_20h,hour_cos,0.09388919144978608,0.09388919144978608
lsr_top_level,lsr_top_chg_24h,0.09291634550449457,0.09291634550449457
dist_low_168h,open,-0.0927720297891991,0.0927720297891991
bb_bw_20h,eth_ret_24h,-0.09273191880263452,0.09273191880263452
eth_ret_168h,low,0.0923134973833184,0.0923134973833184
dist_low_168h,eth_ret_1h,0.09210867201427594,0.09210867201427594
dist_low_168h,low,-0.09193291627656903,0.09193291627656903
eth_ret_168h,close,0.09105262984729379,0.09105262984729379
eth_ret_1h,btc_eth_ret_spread_24h,-0.0901302474554081,0.0901302474554081
dist_low_168h,high,-0.08991513594919641,0.08991513594919641
eth_ret_168h,open,0.08978615214072899,0.08978615214072899
dist_low_168h,close,-0.0897780658210828,0.0897780658210828
dist_high_168h,taker_buy_ratio_1h,0.08959173385076344,0.08959173385076344
dist_high_96h,lsr_top_chg_24h,-0.08945752417053754,0.08945752417053754
eth_ret_168h,high,0.08887727898407892,0.08887727898407892
lsr_top_level,volume,-0.0886598962156643,0.0886598962156643
ret_96h,vol_6h,-0.08833513447644312,0.08833513447644312
ret_48h,bb_bw_20h,-0.08780886996979474,0.08780886996979474
vol_96h,vol_ratio_6_96,-0.08720770206403149,0.08720770206403149
taker_buy_ratio_24h,oi_chg_1h,0.08540082945396749,0.08540082945396749
dist_low_96h,oi_chg_1h,0.08532257383378235,0.08532257383378235
dist_low_168h,btc_eth_ret_spread_24h,-0.08511127142180003,0.08511127142180003
ret_48h,oi_chg_1h,0.08504063713718032,0.08504063713718032
vol_96h,btc_eth_ret_spread_24h,0.08426418187889632,0.08426418187889632
ret_24h,atr_pct_14h,-0.08169521929359362,0.08169521929359362
ret_48h,vol_6h,-0.08150455947400224,0.08150455947400224
ret_168h,dist_low_24h,0.08112339397300435,0.08112339397300435
dist_low_96h,btc_eth_ret_spread_24h,-0.08109479371895899,0.08109479371895899
oi_chg_24h,lsr_top_level,-0.08107643416139221,0.08107643416139221
taker_buy_ratio_24h,eth_ret_1h,0.0808531772777297,0.0808531772777297
eth_ret_168h,volume,-0.07959902724228715,0.07959902724228715
ret_12h,lsr_top_level,-0.07868145707815828,0.07868145707815828
ret_96h,vol_96h,-0.07798002998046591,0.07798002998046591
dist_low_168h,taker_buy_ratio_1h,0.07782372275997043,0.07782372275997043
vol_ratio_6_96,rsi_14h,-0.07755924068271189,0.07755924068271189
ret_1h,oi_chg_24h,0.0771934160108674,0.0771934160108674
taker_buy_ratio_24h,funding_std_168h,0.07707228059148619,0.07707228059148619
rsi_14h,lsr_top_level,-0.07644258126363163,0.07644258126363163
eth_ret_24h,volume,-0.07589161317434867,0.07589161317434867
ret_96h,funding_last,0.07517295708130665,0.07517295708130665
taker_buy_ratio_24h,open,-0.07484429625846142,0.07484429625846142
vol_ratio_6_96,dist_low_168h,-0.07411545104375927,0.07411545104375927
taker_buy_ratio_24h,high,-0.07381689196024696,0.07381689196024696
ret_3h,eth_ret_168h,0.07358990371995161,0.07358990371995161
lsr_top_level,eth_ret_168h,-0.07297161625774208,0.07297161625774208
dist_high_96h,trades_z_168h,-0.07290763925639293,0.07290763925639293
funding_last,oi_chg_24h,0.07245667311840835,0.07245667311840835
taker_buy_ratio_24h,close,-0.07236638780527248,0.07236638780527248
ret_1h,ret_96h,0.07227208503222791,0.07227208503222791
taker_buy_ratio_24h,low,-0.07226799942662807,0.07226799942662807
atr_pct_14h,oi_chg_24h,-0.07174805234078199,0.07174805234078199
dist_high_24h,funding_std_168h,-0.0713846557444628,0.0713846557444628
taker_buy_ratio_1h,oi_chg_24h,0.07132424830751702,0.07132424830751702
ret_168h,low,0.07069631202898648,0.07069631202898648
bb_pctb_20h,trades_z_168h,-0.07065213422252006,0.07065213422252006
ret_24h,funding_std_168h,0.07060432755453634,0.07060432755453634
ret_96h,eth_ret_1h,0.07049503198105896,0.07049503198105896
ret_168h,close,0.07006589618490963,0.07006589618490963
bb_pctb_20h,lsr_top_level,-0.06997449567240246,0.06997449567240246
rsi_14h,trades_z_168h,-0.06920680021574029,0.06920680021574029
macd_hist_1h,dist_low_168h,0.06911712964110454,0.06911712964110454
macd_hist_1h,dist_high_168h,0.06845326399343644,0.06845326399343644
ret_168h,open,0.06839609781472716,0.06839609781472716
trades_z_168h,dow_cos,0.06836307789610338,0.06836307789610338
lsr_top_level,eth_ret_24h,-0.06814744164890403,0.06814744164890403
ret_168h,high,0.06814665512019578,0.06814665512019578
vol_24h,funding_mean_24h,0.06760124225808091,0.06760124225808091
trades_z_168h,funding_last,0.06742117394210884,0.06742117394210884
ret_3h,lsr_top_chg_24h,-0.06697931689924326,0.06697931689924326
vol_ratio_6_96,bb_pctb_20h,-0.06684180301393905,0.06684180301393905
ret_96h,taker_buy_ratio_1h,0.06623486520894169,0.06623486520894169
oi_chg_24h,eth_ret_1h,0.06569809758277045,0.06569809758277045
ret_24h,trades_z_168h,-0.06546843221420452,0.06546843221420452
dist_low_168h,oi_chg_1h,0.06524005473323734,0.06524005473323734
atr_pct_14h,funding_mean_24h,0.0644453055844544,0.0644453055844544
ret_24h,vol_6h,-0.06406941174125763,0.06406941174125763
vol_6h,funding_last,0.06385057715225297,0.06385057715225297
ret_12h,vol_ratio_6_96,-0.06354239910937538,0.06354239910937538
ret_48h,trades_z_168h,-0.06317434083071996,0.06317434083071996
vol_24h,funding_last,0.06301010902662085,0.06301010902662085
dist_high_168h,funding_last,0.06298319064463638,0.06298319064463638
rsi_14h,atr_pct_14h,-0.06294792959275945,0.06294792959275945
oi_chg_1h,hour_cos,-0.06266387331325829,0.06266387331325829
atr_pct_14h,hour_sin,-0.06247061286871151,0.06247061286871151
ret_12h,trades_z_168h,-0.06232897460463432,0.06232897460463432
bb_pctb_20h,volume_z_168h,-0.06181176430752382,0.06181176430752382
rsi_14h,volume_z_168h,-0.06061225151555372,0.06061225151555372
dist_high_96h,volume_z_168h,-0.06020733323391043,0.06020733323391043
ret_48h,volume_z_168h,-0.060204811855248515,0.060204811855248515
dist_low_168h,lsr_top_chg_24h,-0.06005221766814886,0.06005221766814886
atr_pct_14h,funding_last,0.059999250793260475,0.059999250793260475
eth_ret_1h,eth_ret_168h,0.05990192912418779,0.05990192912418779
vol_ratio_6_96,hour_cos,0.059848625385576795,0.059848625385576795
trades_z_168h,funding_mean_24h,0.05978270915923322,0.05978270915923322
vol_6h,rsi_14h,-0.05947135283124708,0.05947135283124708
vol_6h,dow_cos,0.059441669154429805,0.059441669154429805
volume_z_168h,dow_cos,0.059394369841077564,0.059394369841077564
bb_pctb_20h,atr_pct_14h,-0.05881717959018983,0.05881717959018983
volume_z_168h,funding_last,0.05848249707698809,0.05848249707698809
ret_1h,ret_168h,0.05836135457864165,0.05836135457864165
dist_low_168h,volume_z_168h,-0.057926514464661724,0.057926514464661724
ret_168h,eth_ret_1h,0.057920751838839775,0.057920751838839775
vol_24h,dow_cos,-0.05779522525302843,0.05779522525302843
ret_24h,volume_z_168h,-0.057674884811083675,0.057674884811083675
ret_48h,lsr_top_chg_24h,-0.056386521986901854,0.056386521986901854
vol_6h,funding_mean_24h,0.056356119256884475,0.056356119256884475
dist_low_24h,funding_mean_24h,0.05565371984193693,0.05565371984193693
ret_96h,oi_chg_1h,0.055649340211045506,0.055649340211045506
ret_12h,volume_z_168h,-0.05555611526120138,0.05555611526120138
macd_hist_1h,taker_buy_ratio_1h,0.05532679340791472,0.05532679340791472
vol_6h,hour_cos,0.05506924100582752,0.05506924100582752
dist_high_24h,lsr_top_level,-0.05477216636815331,0.05477216636815331
vol_168h,vol_ratio_6_96,-0.05473652303590405,0.05473652303590405
dist_high_24h,dow_cos,0.05470627038911049,0.05470627038911049
dist_low_24h,lsr_top_level,-0.05460794802832608,0.05460794802832608
vol_168h,btc_eth_ret_spread_24h,0.05410051665280863,0.05410051665280863
ret_6h,lsr_top_level,-0.05391660731087462,0.05391660731087462
dow_cos,volume,0.053755183556523194,0.053755183556523194
ret_96h,funding_mean_24h,0.05289712063938523,0.05289712063938523
ret_96h,low,0.05234172482018607,0.05234172482018607
vol_6h,bb_pctb_20h,-0.051947412871828295,0.051947412871828295
ret_96h,close,0.05187006781726578,0.05187006781726578
dist_high_168h,funding_mean_24h,0.05179953825581244,0.05179953825581244
funding_std_168h,btc_eth_ret_spread_24h,0.05164307237487944,0.05164307237487944
dist_low_24h,funding_last,0.05120547226717848,0.05120547226717848
ret_96h,high,0.049914537294823376,0.049914537294823376
vol_ratio_6_96,lsr_top_chg_24h,0.049845380927629,0.049845380927629
ret_96h,open,0.049704712595311104,0.049704712595311104
volume_z_168h,eth_ret_168h,-0.04958896610819276,0.04958896610819276
vol_ratio_6_96,funding_last,0.04956832529451295,0.04956832529451295
volume_z_168h,funding_mean_24h,0.04944415773550353,0.04944415773550353
ret_96h,vol_ratio_6_96,-0.04934888519303104,0.04934888519303104
eth_ret_24h,dow_cos,0.04901919804394111,0.04901919804394111
ret_3h,trades_z_168h,-0.04896777895108964,0.04896777895108964
vol_24h,oi_chg_24h,-0.04872800781656721,0.04872800781656721
ret_6h,trades_z_168h,-0.048660842968536434,0.048660842968536434
ret_168h,oi_chg_1h,0.04808624162920275,0.04808624162920275
ret_6h,btc_eth_ret_spread_24h,-0.04750913722240992,0.04750913722240992
ret_168h,taker_buy_ratio_1h,0.04731976253805825,0.04731976253805825
ret_96h,volume_z_168h,-0.04710800689112415,0.04710800689112415
trades_z_168h,eth_ret_168h,-0.04683656255492785,0.04683656255492785
dist_low_96h,dow_cos,-0.04669587469507581,0.04669587469507581
dist_high_168h,trades_z_168h,-0.04657652500230713,0.04657652500230713
dist_low_168h,funding_last,0.046277062100382606,0.046277062100382606
vol_ratio_6_96,oi_chg_24h,-0.046259555276897846,0.046259555276897846
dist_low_168h,trades_z_168h,-0.046142324813248835,0.046142324813248835
vol_168h,lsr_top_chg_24h,-0.04606724207347579,0.04606724207347579
vol_24h,macd_hist_1h,0.04606416300550382,0.04606416300550382
vol_ratio_6_96,dist_high_96h,-0.045520582687107285,0.045520582687107285
bb_pctb_20h,volume,-0.045486026689613275,0.045486026689613275
dist_high_96h,funding_std_168h,-0.04534851442608105,0.04534851442608105
ret_3h,volume_z_168h,-0.044526714818479717,0.044526714818479717
vol_ratio_6_96,funding_mean_24h,0.04377163117007251,0.04377163117007251
taker_buy_ratio_1h,lsr_top_level,-0.04356637146443443,0.04356637146443443
ret_96h,trades_z_168h,-0.04346641910495198,0.04346641910495198
vol_6h,oi_chg_24h,-0.043373808028070227,0.043373808028070227
macd_hist_1h,trades_z_168h,-0.04310562362574545,0.04310562362574545
funding_last,eth_ret_24h,0.04308479392185556,0.04308479392185556
taker_buy_ratio_1h,funding_mean_24h,-0.04288492252778639,0.04288492252778639
ret_6h,volume_z_168h,-0.04261337405998645,0.04261337405998645
vol_96h,funding_mean_24h,0.04257903622364789,0.04257903622364789
taker_buy_ratio_1h,funding_last,-0.0423476222697459,0.0423476222697459
ret_12h,funding_std_168h,0.04230758128717394,0.04230758128717394
vol_168h,funding_last,0.04215867311803229,0.04215867311803229
vol_96h,funding_last,0.04213974185863616,0.04213974185863616
ret_1h,eth_ret_168h,0.04154228694629031,0.04154228694629031
funding_mean_24h,oi_chg_24h,0.041484560568818815,0.041484560568818815
rsi_14h,volume,-0.04134284466057791,0.04134284466057791
eth_ret_24h,low,0.04064833768885978,0.04064833768885978
vol_96h,lsr_top_chg_24h,-0.0406169014939077,0.0406169014939077
macd_hist_1h,btc_eth_ret_spread_24h,-0.04051146063119459,0.04051146063119459
ret_12h,vol_6h,-0.040398823361255505,0.040398823361255505
eth_ret_24h,close,0.040276290478434416,0.040276290478434416
rsi_14h,funding_std_168h,0.04018724740250587,0.04018724740250587
dist_low_96h,funding_last,0.03969784691759275,0.03969784691759275
funding_mean_24h,dow_sin,0.039499958050582325,0.039499958050582325
vol_168h,lsr_top_level,-0.0391769741422724,0.0391769741422724
dist_high_168h,volume_z_168h,-0.03893943947937022,0.03893943947937022
lsr_top_chg_24h,dow_sin,0.03868153102932781,0.03868153102932781
funding_last,dow_sin,0.038040010715184966,0.038040010715184966
macd_hist_1h,bb_bw_20h,0.03801769739321142,0.03801769739321142
eth_ret_24h,high,0.037712453860390675,0.037712453860390675
dist_high_168h,lsr_top_chg_24h,-0.0371934740411028,0.0371934740411028
ret_48h,low,0.03715147203037201,0.03715147203037201
ret_24h,dow_cos,0.03705191294146839,0.03705191294146839
ret_48h,close,0.03693715432559963,0.03693715432559963
eth_ret_24h,open,0.036774798153035075,0.036774798153035075
lsr_top_chg_24h,eth_ret_168h,0.03675318244281657,0.03675318244281657
ret_168h,volume_z_168h,-0.03670302322517038,0.03670302322517038
ret_12h,atr_pct_14h,-0.03662153418794256,0.03662153418794256
trades_z_168h,lsr_top_chg_24h,0.036459319802357976,0.036459319802357976
vol_168h,funding_mean_24h,0.03620306280171354,0.03620306280171354
macd_hist_1h,volume_z_168h,-0.03601282705355865,0.03601282705355865
vol_ratio_6_96,dist_high_168h,-0.034800658483592324,0.034800658483592324
ret_48h,dow_cos,0.034712599519849584,0.034712599519849584
ret_48h,high,0.03468258592776453,0.03468258592776453
bb_bw_20h,funding_mean_24h,0.03462894653905781,0.03462894653905781
btc_eth_ret_spread_24h,dow_cos,-0.033946450688024835,0.033946450688024835
macd_hist_1h,volume,-0.0337286058980368,0.0337286058980368
oi_chg_24h,dow_cos,0.03371263167324645,0.03371263167324645
ret_48h,open,0.033699101480947964,0.033699101480947964
dist_low_96h,volume_z_168h,-0.03366538094932186,0.03366538094932186
ret_96h,dow_sin,0.03357991314500834,0.03357991314500834
ret_6h,funding_std_168h,0.03347971763817753,0.03347971763817753
vol_96h,dow_sin,-0.03344735803278958,0.03344735803278958
ret_168h,lsr_top_chg_24h,0.033427121046837094,0.033427121046837094
vol_96h,trades_z_168h,0.03315962464454816,0.03315962464454816
funding_std_168h,lsr_top_chg_24h,-0.03298245690669458,0.03298245690669458
vol_ratio_6_96,oi_chg_1h,-0.03289446906717774,0.03289446906717774
ret_24h,close,0.0326614627757873,0.0326614627757873
bb_pctb_20h,funding_std_168h,0.032643875542204694,0.032643875542204694
btc_eth_ret_spread_24h,low,-0.03257768379500467,0.03257768379500467
trades_z_168h,lsr_top_level,0.032577431634912134,0.032577431634912134
dist_low_24h,hour_sin,0.032456175039690595,0.032456175039690595
bb_bw_20h,funding_last,0.032452677967431794,0.032452677967431794
ret_24h,low,0.032365806155401196,0.032365806155401196
ret_96h,macd_hist_1h,-0.03224703814634547,0.03224703814634547
vol_168h,volume_z_168h,-0.031972365357095966,0.031972365357095966
funding_last,low,-0.0319177910685065,0.0319177910685065
oi_chg_1h,eth_ret_168h,0.03189111707834679,0.03189111707834679
taker_buy_ratio_1h,open,-0.03173882181456833,0.03173882181456833
ret_48h,funding_last,0.03149664079334025,0.03149664079334025
dist_high_24h,funding_mean_24h,-0.03131434609448385,0.03131434609448385
volume_z_168h,lsr_top_chg_24h,0.031307085351771693,0.031307085351771693
btc_eth_ret_spread_24h,close,-0.031036618402675284,0.031036618402675284
ret_3h,volume,-0.030963309079939445,0.030963309079939445
dist_high_96h,funding_last,0.03093534186993471,0.03093534186993471
funding_last,close,-0.030867065973084952,0.030867065973084952
ret_24h,vol_24h,-0.030866257344348107,0.030866257344348107
dist_low_168h,dow_cos,0.030843140349002787,0.030843140349002787
funding_mean_24h,eth_ret_24h,0.030790445053983245,0.030790445053983245
volume_z_168h,eth_ret_1h,-0.030702971136575996,0.030702971136575996
ret_12h,volume,-0.03068807621149902,0.03068807621149902
funding_last,open,-0.030668794974963918,0.030668794974963918
taker_buy_ratio_1h,eth_ret_168h,0.030586209229025472,0.030586209229025472
vol_168h,trades_z_168h,-0.030562317923010292,0.030562317923010292
btc_eth_ret_spread_24h,open,-0.03052309375644778,0.03052309375644778
dist_low_96h,funding_mean_24h,0.03043232590963946,0.03043232590963946
ret_168h,trades_z_168h,-0.030214084539145914,0.030214084539145914
funding_last,high,-0.030181530412302763,0.030181530412302763
ret_24h,high,0.030020550911543636,0.030020550911543636
btc_eth_ret_spread_24h,high,-0.02961671011414288,0.02961671011414288
funding_std_168h,low,-0.029542837102869136,0.029542837102869136
dist_low_168h,funding_mean_24h,0.029406800651226382,0.029406800651226382
trades_z_168h,eth_ret_1h,-0.029187677966663387,0.029187677966663387
dist_high_168h,funding_std_168h,-0.028655743344010744,0.028655743344010744
ret_24h,open,0.02835954308349401,0.02835954308349401
taker_buy_ratio_24h,dow_cos,0.02825413944983603,0.02825413944983603
ret_24h,volume,-0.028153762828480255,0.028153762828480255
ret_24h,bb_bw_20h,-0.028111934251211158,0.028111934251211158
volume_z_168h,funding_std_168h,-0.027838636496372946,0.027838636496372946
volume_z_168h,lsr_top_level,0.027758688333583983,0.027758688333583983
rsi_14h,close,0.02754685642265116,0.02754685642265116
macd_hist_1h,lsr_top_level,-0.02744999112368621,0.02744999112368621
funding_std_168h,open,-0.02742836355601712,0.02742836355601712
vol_6h,oi_chg_1h,-0.027341376322698164,0.027341376322698164
taker_buy_ratio_24h,dow_sin,0.02732897587850566,0.02732897587850566
vol_ratio_6_96,eth_ret_168h,-0.02730602244274514,0.02730602244274514
ret_3h,lsr_top_level,-0.02726549713266465,0.02726549713266465
atr_pct_14h,taker_buy_ratio_24h,-0.027175585422737132,0.027175585422737132
funding_std_168h,close,-0.027096217199687883,0.027096217199687883
ret_6h,volume,-0.027070756364838255,0.027070756364838255
ret_6h,vol_ratio_6_96,-0.02704276014516869,0.02704276014516869
funding_mean_24h,low,-0.027010065324379013,0.027010065324379013
rsi_14h,low,0.026559917471386647,0.026559917471386647
vol_96h,eth_ret_24h,-0.02650065697857456,0.02650065697857456
dist_low_168h,dow_sin,0.026467409793029213,0.026467409793029213
bb_pctb_20h,close,0.02611692372619081,0.02611692372619081
bb_pctb_20h,dow_sin,-0.026092013832715925,0.026092013832715925
macd_hist_1h,dow_sin,-0.02600774450694557,0.02600774450694557
funding_mean_24h,close,-0.02592866968126718,0.02592866968126718
ret_168h,vol_ratio_6_96,-0.02585456673202142,0.02585456673202142
funding_std_168h,eth_ret_24h,0.02584681613539481,0.02584681613539481
ret_3h,btc_eth_ret_spread_24h,-0.025834335279490396,0.025834335279490396
funding_mean_24h,open,-0.02582267981122059,0.02582267981122059
funding_std_168h,oi_chg_24h,0.025749850660351133,0.025749850660351133
funding_last,dow_cos,0.025551252631907953,0.025551252631907953
taker_buy_ratio_1h,hour_sin,-0.02548133679956846,0.02548133679956846
funding_mean_24h,high,-0.02536420327259694,0.02536420327259694
dist_low_24h,dow_cos,-0.025348061519830913,0.025348061519830913
atr_pct_14h,oi_chg_1h,-0.02531658960143293,0.02531658960143293
eth_ret_1h,volume,-0.02528110012548966,0.02528110012548966
ret_3h,funding_std_168h,0.025104279600165463,0.025104279600165463
funding_std_168h,high,-0.02510294207508238,0.02510294207508238
taker_buy_ratio_1h,btc_eth_ret_spread_24h,-0.024990796372082177,0.024990796372082177
ret_48h,macd_hist_1h,0.02484652859829441,0.02484652859829441
vol_96h,oi_chg_24h,-0.024829838159037786,0.024829838159037786
vol_24h,lsr_top_chg_24h,0.024633703797996984,0.024633703797996984
btc_eth_ret_spread_24h,dow_sin,0.024428791995360518,0.024428791995360518
lsr_top_chg_24h,dow_cos,0.024414255698056265,0.024414255698056265
ret_12h,vol_168h,0.024378905974066035,0.024378905974066035
rsi_14h,high,0.024375167899750562,0.024375167899750562
ret_24h,funding_last,0.02419200876025336,0.02419200876025336
oi_chg_1h,open,-0.02414298282671824,0.02414298282671824
macd_hist_1h,funding_last,-0.02409306413954333,0.02409306413954333
dist_low_96h,trades_z_168h,-0.023935299082717312,0.023935299082717312
taker_buy_ratio_1h,low,-0.023856072691436372,0.023856072691436372
taker_buy_ratio_1h,high,-0.023853569368334493,0.023853569368334493
ret_24h,vol_168h,0.023797591279409037,0.023797591279409037
dist_high_24h,funding_last,-0.02371732197017047,0.02371732197017047
bb_pctb_20h,low,0.023642668618802473,0.023642668618802473
vol_ratio_6_96,macd_hist_1h,-0.023587591167756623,0.023587591167756623
dist_low_96h,dow_sin,-0.02351598769892868,0.02351598769892868
ret_48h,volume,-0.023202540875297255,0.023202540875297255
ret_48h,dow_sin,0.022821575194429677,0.022821575194429677
funding_std_168h,dow_cos,0.022668112222171043,0.022668112222171043
dist_high_96h,dow_sin,0.022603412973967434,0.022603412973967434
rsi_14h,open,0.021746501580708757,0.021746501580708757
vol_96h,volume_z_168h,0.021628857393619437,0.021628857393619437
ret_168h,macd_hist_1h,-0.021420658178123823,0.021420658178123823
bb_pctb_20h,high,0.021417348427866773,0.021417348427866773
funding_last,hour_cos,-0.02083496136193866,0.02083496136193866
dist_high_168h,dow_cos,0.020804636926288526,0.020804636926288526
rsi_14h,dow_sin,-0.020768209627548072,0.020768209627548072
oi_chg_1h,lsr_top_chg_24h,-0.020439496651643966,0.020439496651643966
ret_96h,vol_168h,-0.02043106048292507,0.02043106048292507
trades_z_168h,funding_std_168h,-0.01989852743641412,0.01989852743641412
macd_hist_1h,hour_sin,0.01958626575071339,0.01958626575071339
ret_12h,close,0.01955552961912709,0.01955552961912709
bb_bw_20h,oi_chg_24h,0.019413424244297716,0.019413424244297716
vol_6h,lsr_top_chg_24h,0.019316404080407405,0.019316404080407405
funding_last,oi_chg_1h,0.01897654153766408,0.01897654153766408
taker_buy_ratio_1h,funding_std_168h,0.018927273514368063,0.018927273514368063
taker_buy_ratio_24h,lsr_top_chg_24h,-0.018658568751196706,0.018658568751196706
ret_12h,low,0.018321307298466413,0.018321307298466413
ret_12h,vol_96h,0.018309973694902476,0.018309973694902476
taker_buy_ratio_1h,close,-0.01826387662441721,0.01826387662441721
ret_6h,vol_168h,0.018095855942821884,0.018095855942821884
bb_bw_20h,lsr_top_level,0.017908346147356393,0.017908346147356393
ret_1h,funding_std_168h,0.017749691852291395,0.017749691852291395
macd_hist_1h,eth_ret_168h,-0.01770221508888686,0.01770221508888686
rsi_14h,hour_sin,0.017456876944399256,0.017456876944399256
ret_12h,hour_sin,0.01738189429787623,0.01738189429787623
macd_hist_1h,funding_mean_24h,-0.01722584672729688,0.01722584672729688
oi_chg_1h,high,-0.016996218005248944,0.016996218005248944
bb_pctb_20h,open,0.016895148903949622,0.016895148903949622
ret_168h,volume,-0.016863656021618493,0.016863656021618493
rsi_14h,dow_cos,0.01680764937910317,0.01680764937910317
atr_pct_14h,lsr_top_level,-0.016730402748136856,0.016730402748136856
vol_6h,taker_buy_ratio_1h,0.01672400081389894,0.01672400081389894
vol_24h,bb_pctb_20h,-0.01665339822641242,0.01665339822641242
ret_12h,high,0.016192982079002622,0.016192982079002622
oi_chg_1h,lsr_top_level,-0.01615458347745226,0.01615458347745226
trades_z_168h,high,0.016053978883773606,0.016053978883773606
dist_high_96h,funding_mean_24h,0.016047258420374123,0.016047258420374123
trades_z_168h,taker_buy_ratio_1h,0.016040461980275388,0.016040461980275388
ret_12h,dow_cos,0.015964245298452015,0.015964245298452015
ret_6h,vol_24h,0.01591437390082364,0.01591437390082364
ret_3h,vol_168h,0.0159012950072849,0.0159012950072849
ret_6h,vol_96h,0.015808819675237226,0.015808819675237226
ret_3h,vol_96h,0.0157731343738184,0.0157731343738184
ret_48h,vol_168h,0.01573276746767757,0.01573276746767757
lsr_top_chg_24h,volume,0.0157095116211695,0.0157095116211695
funding_last,btc_eth_ret_spread_24h,-0.015519973554167673,0.015519973554167673
ret_48h,funding_mean_24h,0.01550638251154708,0.01550638251154708
oi_chg_24h,dow_sin,0.015445585197645337,0.015445585197645337
vol_24h,rsi_14h,-0.015425171758628026,0.015425171758628026
funding_mean_24h,btc_eth_ret_spread_24h,-0.015376287279311281,0.015376287279311281
bb_pctb_20h,bb_bw_20h,-0.015239815002777624,0.015239815002777624
oi_chg_1h,low,-0.015195061072684932,0.015195061072684932
vol_ratio_6_96,taker_buy_ratio_24h,-0.015131194622781821,0.015131194622781821
ret_24h,vol_96h,0.015123625148390505,0.015123625148390505
ret_3h,vol_24h,0.015109634671999451,0.015109634671999451
eth_ret_168h,dow_cos,-0.015001013475861974,0.015001013475861974
lsr_top_chg_24h,close,-0.014661118798420098,0.014661118798420098
bb_bw_20h,lsr_top_chg_24h,0.014650867957287173,0.014650867957287173
lsr_top_chg_24h,low,-0.014638846544766755,0.014638846544766755
ret_1h,vol_24h,0.014633453597941364,0.014633453597941364
volume_z_168h,taker_buy_ratio_1h,0.014592207641102785,0.014592207641102785
lsr_top_chg_24h,high,-0.014586720317223193,0.014586720317223193
vol_ratio_6_96,taker_buy_ratio_1h,0.014390924437575036,0.014390924437575036
ret_1h,vol_6h,0.014196591876537521,0.014196591876537521
ret_6h,bb_bw_20h,0.014150965511330956,0.014150965511330956
vol_96h,lsr_top_level,-0.014145652743738128,0.014145652743738128
lsr_top_chg_24h,open,-0.014125463590629163,0.014125463590629163
ret_3h,bb_bw_20h,0.013970170764743408,0.013970170764743408
vol_96h,macd_hist_1h,0.013817763959129528,0.013817763959129528
oi_chg_24h,low,0.01364241914985362,0.01364241914985362
ret_6h,hour_cos,0.013634079664852028,0.013634079664852028
ret_1h,vol_168h,0.013492918191992383,0.013492918191992383
lsr_top_level,btc_eth_ret_spread_24h,0.013441946866144644,0.013441946866144644
ret_1h,open,-0.013279683140714678,0.013279683140714678
ret_12h,open,0.01325289285333299,0.01325289285333299
oi_chg_24h,close,0.013051848960113493,0.013051848960113493
ret_6h,vol_6h,-0.012989679735390868,0.012989679735390868
ret_6h,close,0.012968265026482175,0.012968265026482175
dist_low_96h,hour_sin,0.01295209507263843,0.01295209507263843
eth_ret_1h,close,0.01282570552310447,0.01282570552310447
ret_1h,trades_z_168h,-0.012623996204218424,0.012623996204218424
ret_1h,btc_eth_ret_spread_24h,-0.01254801867940176,0.01254801867940176
eth_ret_24h,dow_sin,-0.012539661870470094,0.012539661870470094
ret_6h,atr_pct_14h,-0.012470024059651618,0.012470024059651618
ret_1h,vol_96h,0.012370367863608057,0.012370367863608057
eth_ret_1h,hour_cos,0.012267890635201818,0.012267890635201818
bb_pctb_20h,dow_cos,0.012240207224377648,0.012240207224377648
ret_1h,volume_z_168h,-0.012174759823786654,0.012174759823786654
vol_168h,macd_hist_1h,0.012033712254970132,0.012033712254970132
vol_168h,rsi_14h,0.011802447207409866,0.011802447207409866
volume_z_168h,high,0.011750417273884152,0.011750417273884152
trades_z_168h,oi_chg_24h,-0.011492427489093683,0.011492427489093683
ret_3h,close,0.011340097818332525,0.011340097818332525
dist_high_24h,hour_cos,-0.011148394703385304,0.011148394703385304
oi_chg_24h,high,0.011113381658771423,0.011113381658771423
oi_chg_1h,btc_eth_ret_spread_24h,-0.011090052983071974,0.011090052983071974
macd_hist_1h,funding_std_168h,-0.010759948880359367,0.010759948880359367
taker_buy_ratio_24h,volume,-0.010645289208926273,0.010645289208926273
taker_buy_ratio_1h,volume,0.010630627967205944,0.010630627967205944
oi_chg_1h,close,-0.010583110404775378,0.010583110404775378
oi_chg_24h,open,0.010561780769829682,0.010561780769829682
ret_6h,dow_sin,-0.010544418795807049,0.010544418795807049
ret_6h,low,0.010408157257106088,0.010408157257106088
bb_pctb_20h,hour_sin,0.010295964049210125,0.010295964049210125
vol_168h,bb_pctb_20h,0.0102783087072815,0.0102783087072815
ret_96h,volume,-0.010032622765173188,0.010032622765173188
ret_168h,dow_sin,0.010022574472902238,0.010022574472902238
trades_z_168h,oi_chg_1h,-0.009820455146387292,0.009820455146387292
funding_std_168h,eth_ret_1h,0.00964135576661651,0.00964135576661651
ret_3h,dow_sin,-0.009631157855566883,0.009631157855566883
bb_bw_20h,oi_chg_1h,0.009594999421071818,0.009594999421071818
ret_24h,hour_cos,-0.009570804908043164,0.009570804908043164
atr_pct_14h,lsr_top_chg_24h,0.009474497854291445,0.009474497854291445
bb_bw_20h,dow_cos,0.009463260859233349,0.009463260859233349
funding_last,hour_sin,-0.009451860380210267,0.009451860380210267
ret_1h,vol_ratio_6_96,0.009328928990763374,0.009328928990763374
ret_96h,lsr_top_chg_24h,-0.009285133437465547,0.009285133437465547
ret_1h,bb_bw_20h,0.009090396884338896,0.009090396884338896
bb_bw_20h,hour_sin,0.00905390777643245,0.00905390777643245
taker_buy_ratio_1h,dow_cos,0.00885973246279547,0.00885973246279547
trades_z_168h,taker_buy_ratio_24h,-0.00883378169633682,0.00883378169633682
vol_24h,hour_sin,0.008831960718594933,0.008831960718594933
funding_mean_24h,eth_ret_1h,0.008712313982447475,0.008712313982447475
lsr_top_chg_24h,btc_eth_ret_spread_24h,-0.008684181736845419,0.008684181736845419
ret_6h,high,0.008682800995240367,0.008682800995240367
lsr_top_level,dow_sin,0.008586613856306024,0.008586613856306024
vol_168h,taker_buy_ratio_24h,-0.008578189218679193,0.008578189218679193
dist_high_24h,hour_sin,-0.00851321757121806,0.00851321757121806
vol_ratio_6_96,eth_ret_1h,0.008438074940248229,0.008438074940248229
eth_ret_24h,hour_cos,-0.008381431461900487,0.008381431461900487
ret_1h,lsr_top_chg_24h,-0.008264085286348168,0.008264085286348168
volume_z_168h,oi_chg_1h,-0.008223436985544237,0.008223436985544237
trades_z_168h,open,0.008143116597894984,0.008143116597894984
oi_chg_1h,dow_sin,0.008067779683593422,0.008067779683593422
ret_12h,dow_sin,-0.008012156558866857,0.008012156558866857
vol_24h,eth_ret_1h,0.00794219010822273,0.00794219010822273
vol_6h,eth_ret_1h,0.007866894750229494,0.007866894750229494
ret_1h,close,0.007721443054818407,0.007721443054818407
rsi_14h,funding_mean_24h,0.007679622192203687,0.007679622192203687
funding_mean_24h,oi_chg_1h,0.0076681713563947485,0.0076681713563947485
taker_buy_ratio_1h,dow_sin,0.007664256072102497,0.007664256072102497
vol_6h,macd_hist_1h,-0.007658116657008209,0.007658116657008209
ret_12h,bb_bw_20h,0.0076529049606334715,0.0076529049606334715
vol_168h,oi_chg_24h,-0.007589122514405379,0.007589122514405379
trades_z_168h,close,0.007548852844447417,0.007548852844447417
funding_mean_24h,dow_cos,0.00751843993887565,0.00751843993887565
bb_bw_20h,taker_buy_ratio_24h,0.00750601307844659,0.00750601307844659
funding_std_168h,oi_chg_1h,0.007381280746356037,0.007381280746356037
macd_hist_1h,dow_cos,0.007343143848036554,0.007343143848036554
eth_ret_24h,hour_sin,0.007300391166084391,0.007300391166084391
vol_6h,lsr_top_level,-0.007222274098763691,0.007222274098763691
atr_pct_14h,dow_cos,-0.007219779895883553,0.007219779895883553
ret_3h,low,0.007164299917835274,0.007164299917835274
funding_std_168h,eth_ret_168h,-0.007007815045776357,0.007007815045776357
macd_hist_1h,close,0.006863414352839664,0.006863414352839664
dist_low_168h,hour_sin,0.006845629309785095,0.006845629309785095
rsi_14h,bb_bw_20h,-0.006702661654390532,0.006702661654390532
vol_24h,lsr_top_level,0.00670044438696313,0.00670044438696313
btc_eth_ret_spread_24h,hour_cos,0.006691718948105432,0.006691718948105432
ret_1h,hour_sin,-0.006645252250336908,0.006645252250336908
lsr_top_level,hour_cos,0.0065996672127125525,0.0065996672127125525
bb_pctb_20h,funding_mean_24h,0.0065385635379397195,0.0065385635379397195
ret_24h,dow_sin,-0.006527867045106161,0.006527867045106161
ret_1h,lsr_top_level,-0.006506251852355782,0.006506251852355782
ret_3h,vol_6h,0.006464197080528858,0.006464197080528858
vol_168h,eth_ret_1h,0.006423477538299188,0.006423477538299188
ret_168h,dow_cos,-0.0064071431848815455,0.0064071431848815455
vol_ratio_6_96,high,0.006406200579886642,0.006406200579886642
ret_24h,hour_sin,0.006212941128643612,0.006212941128643612
vol_168h,oi_chg_1h,0.00621078209809979,0.00621078209809979
funding_last,eth_ret_1h,0.00620748040940338,0.00620748040940338
macd_hist_1h,low,0.006131545835079719,0.006131545835079719
vol_24h,hour_cos,-0.006070253538713807,0.006070253538713807
oi_chg_1h,dow_cos,0.0060700076128033685,0.0060700076128033685
eth_ret_1h,dow_cos,0.006038453829635613,0.006038453829635613
ret_3h,hour_cos,0.006020986010804544,0.006020986010804544
ret_96h,dow_cos,0.005971229897064533,0.005971229897064533
dist_high_96h,hour_sin,-0.005914553853382102,0.005914553853382102
dist_low_24h,btc_eth_ret_spread_24h,0.005792893071878492,0.005792893071878492
dist_low_24h,eth_ret_168h,-0.00574570489337174,0.00574570489337174
macd_hist_1h,atr_pct_14h,0.005740142908280902,0.005740142908280902
ret_3h,high,0.005555310239605955,0.005555310239605955
ret_1h,volume,-0.005452774848754538,0.005452774848754538
eth_ret_1h,low,0.005364301315860896,0.005364301315860896
volume_z_168h,low,-0.005361184628480262,0.005361184628480262
vol_96h,rsi_14h,0.005307098246180785,0.005307098246180785
eth_ret_1h,dow_sin,-0.005289771945074971,0.005289771945074971
vol_96h,taker_buy_ratio_24h,0.005134327281327196,0.005134327281327196
vol_ratio_6_96,low,-0.004918877195531482,0.004918877195531482
ret_6h,dow_cos,0.004903539583483827,0.004903539583483827
eth_ret_1h,open,-0.00486287566299123,0.00486287566299123
macd_hist_1h,high,0.004789461492290916,0.004789461492290916
dist_low_24h,hour_cos,0.004722359232102614,0.004722359232102614
rsi_14h,hour_cos,-0.004708921321574675,0.004708921321574675
ret_12h,vol_24h,0.004605028004524655,0.004605028004524655
ret_1h,funding_mean_24h,0.004584997977049946,0.004584997977049946
eth_ret_1h,high,0.0045283193945652965,0.0045283193945652965
vol_96h,oi_chg_1h,0.0044776729418145,0.0044776729418145
btc_eth_ret_spread_24h,hour_sin,-0.004443245968962305,0.004443245968962305
ret_3h,atr_pct_14h,-0.004358742756671279,0.004358742756671279
ret_6h,hour_sin,0.004312343320639572,0.004312343320639572
vol_96h,eth_ret_1h,0.004259474745570588,0.004259474745570588
ret_6h,open,0.004224702250556024,0.004224702250556024
taker_buy_ratio_24h,hour_sin,-0.004042796718228046,0.004042796718228046
vol_ratio_6_96,funding_std_168h,-0.0039499056646979105,0.0039499056646979105
ret_24h,funding_mean_24h,0.00393857399070028,0.00393857399070028
volume_z_168h,open,0.0038755793024275076,0.0038755793024275076
lsr_top_level,dow_cos,-0.003823355024792948,0.003823355024792948
oi_chg_24h,hour_sin,0.0037860963268805683,0.0037860963268805683
eth_ret_168h,dow_sin,-0.0037685436899079798,0.0037685436899079798
vol_ratio_6_96,lsr_top_level,0.003712948085955291,0.003712948085955291
taker_buy_ratio_24h,hour_cos,-0.003686710792809905,0.003686710792809905
vol_96h,taker_buy_ratio_1h,0.0036832365728191757,0.0036832365728191757
lsr_top_level,eth_ret_1h,-0.0036635935872282896,0.0036635935872282896
ret_1h,dow_sin,-0.003618805575122591,0.003618805575122591
vol_168h,dow_sin,-0.0036084261430098003,0.0036084261430098003
ret_1h,atr_pct_14h,0.003422132472761871,0.003422132472761871
eth_ret_1h,hour_sin,-0.003414039993613085,0.003414039993613085
dow_cos,high,0.003369114695741933,0.003369114695741933
volume_z_168h,close,0.0032737768770692397,0.0032737768770692397
lsr_top_chg_24h,hour_sin,0.003256061790307249,0.003256061790307249
ret_48h,vol_96h,-0.003199622125420843,0.003199622125420843
ret_12h,funding_last,-0.003171005222426616,0.003171005222426616
funding_std_168h,dow_sin,-0.0031186245044397118,0.0031186245044397118
dow_sin,high,0.003003581901390663,0.003003581901390663
vol_168h,taker_buy_ratio_1h,0.0029969580984244575,0.0029969580984244575
dow_cos,close,0.0029850928154136515,0.0029850928154136515
ret_48h,hour_sin,0.002874138034190217,0.002874138034190217
vol_96h,bb_pctb_20h,0.002862693791768865,0.002862693791768865
dow_cos,open,0.0028497258793856953,0.0028497258793856953
taker_buy_ratio_1h,lsr_top_chg_24h,-0.002762755583873104,0.002762755583873104
rsi_14h,funding_last,0.002719765355433801,0.002719765355433801
macd_hist_1h,open,0.002690088470077587,0.002690088470077587
dow_cos,low,0.002651769286402821,0.002651769286402821
bb_bw_20h,eth_ret_1h,0.002631396115213052,0.002631396115213052
lsr_top_chg_24h,eth_ret_1h,-0.0025597760151606034,0.0025597760151606034
ret_3h,funding_last,-0.0025052852786928495,0.0025052852786928495
hour_sin,high,-0.002455315459512794,0.002455315459512794
eth_ret_168h,hour_cos,-0.0024479911439126262,0.0024479911439126262
volume_z_168h,taker_buy_ratio_24h,-0.0024022308675512075,0.0024022308675512075
dist_high_168h,dow_sin,0.002328486641168254,0.002328486641168254
ret_1h,funding_last,0.0023001311743084643,0.0023001311743084643
dist_high_168h,hour_sin,-0.002297285127512182,0.002297285127512182
hour_sin,low,0.002290862116462934,0.002290862116462934
dow_sin,low,-0.00228729970087455,0.00228729970087455
vol_24h,oi_chg_1h,-0.0022839236572449306,0.0022839236572449306
ret_3h,vol_ratio_6_96,-0.0022464521514233503,0.0022464521514233503
vol_96h,hour_sin,0.0021848416506656805,0.0021848416506656805
ret_6h,funding_mean_24h,0.0021422999639305004,0.0021422999639305004
lsr_top_chg_24h,hour_cos,-0.0021216653415314516,0.0021216653415314516
dist_high_168h,hour_cos,-0.002084970185664117,0.002084970185664117
ret_1h,high,-0.002077012727145208,0.002077012727145208
ret_1h,hour_cos,-0.0020275976795170706,0.0020275976795170706
volume_z_168h,oi_chg_24h,-0.0019963821633353683,0.0019963821633353683
ret_12h,funding_mean_24h,0.0019718203375532145,0.0019718203375532145
ret_3h,dow_cos,-0.001886798833915925,0.001886798833915925
dist_low_168h,hour_cos,0.0018482461391241293,0.0018482461391241293
oi_chg_24h,hour_cos,0.001798207505478159,0.001798207505478159
ret_12h,hour_cos,0.0017462940761358914,0.0017462940761358914
ret_1h,dow_cos,0.0017225816728142535,0.0017225816728142535
ret_1h,low,-0.0017124582676748868,0.0017124582676748868
dist_low_96h,hour_cos,0.0016834019880573334,0.0016834019880573334
vol_168h,dow_cos,-0.0014766251943365075,0.0014766251943365075
lsr_top_level,hour_sin,-0.0014683625686945233,0.0014683625686945233
ret_3h,hour_sin,-0.0014506404724596532,0.0014506404724596532
hour_sin,hour_cos,-0.001388712124724471,0.001388712124724471
vol_168h,eth_ret_24h,-0.0013797331354458444,0.0013797331354458444
oi_chg_1h,volume,-0.0013719533766812495,0.0013719533766812495
vol_168h,hour_sin,0.0013126408760985888,0.0013126408760985888
eth_ret_168h,hour_sin,0.0013018966679548241,0.0013018966679548241
bb_pctb_20h,funding_last,0.001297560047240155,0.001297560047240155
funding_std_168h,hour_sin,0.0011989105155140974,0.0011989105155140974
trades_z_168h,low,-0.001168972433357636,0.001168972433357636
vol_24h,taker_buy_ratio_1h,0.0011641239410456806,0.0011641239410456806
atr_pct_14h,eth_ret_1h,0.0011579582195439264,0.0011579582195439264
vol_ratio_6_96,open,0.0010902112595836796,0.0010902112595836796
dist_high_96h,hour_cos,-0.001042316976228097,0.001042316976228097
hour_cos,low,0.0009993563063620012,0.0009993563063620012
ret_168h,hour_sin,0.0009908988538780503,0.0009908988538780503
vol_ratio_6_96,close,0.000930081209537739,0.000930081209537739
ret_96h,hour_sin,0.0009244374573470666,0.0009244374573470666
ret_48h,hour_cos,0.000888417288075313,0.000888417288075313
vol_96h,hour_cos,-0.0008601586066698545,0.0008601586066698545
hour_cos,high,-0.0008302565226756017,0.0008302565226756017
bb_bw_20h,taker_buy_ratio_1h,-0.0007870413882164829,0.0007870413882164829
vol_6h,taker_buy_ratio_24h,-0.0007409728151858693,0.0007409728151858693
ret_6h,funding_last,-0.0007225278632057925,0.0007225278632057925
funding_std_168h,hour_cos,0.0007001591811788972,0.0007001591811788972
ret_168h,hour_cos,-0.00066536608573361,0.00066536608573361
ret_3h,open,-0.0006601774273372607,0.0006601774273372607
taker_buy_ratio_1h,hour_cos,0.0006566288579893879,0.0006566288579893879
funding_mean_24h,hour_cos,-0.0006229371290361456,0.0006229371290361456
funding_mean_24h,hour_sin,-0.0005521552346105828,0.0005521552346105828
dow_sin,open,0.0005298461438006661,0.0005298461438006661
hour_sin,dow_sin,-0.0004532737073058252,0.0004532737073058252
dow_sin,close,0.0004044088388322731,0.0004044088388322731
macd_hist_1h,hour_cos,-0.0003237040126893873,0.0003237040126893873
atr_pct_14h,taker_buy_ratio_1h,0.0003120633954447283,0.0003120633954447283
ret_3h,funding_mean_24h,0.0002783033701789617,0.0002783033701789617
hour_sin,open,-0.00027027189577381216,0.00027027189577381216
vol_168h,hour_cos,0.00023312431349530304,0.00023312431349530304
hour_sin,close,-0.00021194719977956264,0.00021194719977956264
hour_cos,open,0.00020329352621225352,0.00020329352621225352
hour_cos,close,0.0001959682812229953,0.0001959682812229953
hour_cos,dow_cos,0.00014934375511129096,0.00014934375511129096
oi_chg_24h,volume,-0.00011867564785448144,0.00011867564785448144
bb_pctb_20h,hour_cos,0.00011486603931864458,0.00011486603931864458
vol_24h,taker_buy_ratio_24h,-6.30218619691861e-05,6.30218619691861e-05
hour_cos,dow_sin,4.361554769803153e-05,4.361554769803153e-05
ret_96h,hour_cos,-2.9924599110850374e-05,2.9924599110850374e-05
hour_sin,dow_cos,2.2829238766314108e-05,2.2829238766314108e-05
ret_1h,ret_1h,,
ret_3h,ret_1h,,
ret_3h,ret_3h,,
ret_6h,ret_1h,,
ret_6h,ret_3h,,
ret_6h,ret_6h,,
ret_12h,ret_1h,,
ret_12h,ret_3h,,
ret_12h,ret_6h,,
ret_12h,ret_12h,,
ret_24h,ret_1h,,
ret_24h,ret_3h,,
ret_24h,ret_6h,,
ret_24h,ret_12h,,
ret_24h,ret_24h,,
ret_48h,ret_1h,,
ret_48h,ret_3h,,
ret_48h,ret_6h,,
ret_48h,ret_12h,,
ret_48h,ret_24h,,
ret_48h,ret_48h,,
ret_96h,ret_1h,,
ret_96h,ret_3h,,
ret_96h,ret_6h,,
ret_96h,ret_12h,,
ret_96h,ret_24h,,
ret_96h,ret_48h,,
ret_96h,ret_96h,,
ret_168h,ret_1h,,
ret_168h,ret_3h,,
ret_168h,ret_6h,,
ret_168h,ret_12h,,
ret_168h,ret_24h,,
ret_168h,ret_48h,,
ret_168h,ret_96h,,
ret_168h,ret_168h,,
vol_6h,ret_1h,,
vol_6h,ret_3h,,
vol_6h,ret_6h,,
vol_6h,ret_12h,,
vol_6h,ret_24h,,
vol_6h,ret_48h,,
vol_6h,ret_96h,,
vol_6h,ret_168h,,
vol_6h,vol_6h,,
vol_24h,ret_1h,,
vol_24h,ret_3h,,
vol_24h,ret_6h,,
vol_24h,ret_12h,,
vol_24h,ret_24h,,
vol_24h,ret_48h,,
vol_24h,ret_96h,,
vol_24h,ret_168h,,
vol_24h,vol_6h,,
vol_24h,vol_24h,,
vol_96h,ret_1h,,
vol_96h,ret_3h,,
vol_96h,ret_6h,,
vol_96h,ret_12h,,
vol_96h,ret_24h,,
vol_96h,ret_48h,,
vol_96h,ret_96h,,
vol_96h,ret_168h,,
vol_96h,vol_6h,,
vol_96h,vol_24h,,
vol_96h,vol_96h,,
vol_168h,ret_1h,,
vol_168h,ret_3h,,
vol_168h,ret_6h,,
vol_168h,ret_12h,,
vol_168h,ret_24h,,
vol_168h,ret_48h,,
vol_168h,ret_96h,,
vol_168h,ret_168h,,
vol_168h,vol_6h,,
vol_168h,vol_24h,,
vol_168h,vol_96h,,
vol_168h,vol_168h,,
vol_ratio_6_96,ret_1h,,
vol_ratio_6_96,ret_3h,,
vol_ratio_6_96,ret_6h,,
vol_ratio_6_96,ret_12h,,
vol_ratio_6_96,ret_24h,,
vol_ratio_6_96,ret_48h,,
vol_ratio_6_96,ret_96h,,
vol_ratio_6_96,ret_168h,,
vol_ratio_6_96,vol_6h,,
vol_ratio_6_96,vol_24h,,
vol_ratio_6_96,vol_96h,,
vol_ratio_6_96,vol_168h,,
vol_ratio_6_96,vol_ratio_6_96,,
rsi_14h,ret_1h,,
rsi_14h,ret_3h,,
rsi_14h,ret_6h,,
rsi_14h,ret_12h,,
rsi_14h,ret_24h,,
rsi_14h,ret_48h,,
rsi_14h,ret_96h,,
rsi_14h,ret_168h,,
rsi_14h,vol_6h,,
rsi_14h,vol_24h,,
rsi_14h,vol_96h,,
rsi_14h,vol_168h,,
rsi_14h,vol_ratio_6_96,,
rsi_14h,rsi_14h,,
macd_hist_1h,ret_1h,,
macd_hist_1h,ret_3h,,
macd_hist_1h,ret_6h,,
macd_hist_1h,ret_12h,,
macd_hist_1h,ret_24h,,
macd_hist_1h,ret_48h,,
macd_hist_1h,ret_96h,,
macd_hist_1h,ret_168h,,
macd_hist_1h,vol_6h,,
macd_hist_1h,vol_24h,,
macd_hist_1h,vol_96h,,
macd_hist_1h,vol_168h,,
macd_hist_1h,vol_ratio_6_96,,
macd_hist_1h,rsi_14h,,
macd_hist_1h,macd_hist_1h,,
bb_pctb_20h,ret_1h,,
bb_pctb_20h,ret_3h,,
bb_pctb_20h,ret_6h,,
bb_pctb_20h,ret_12h,,
bb_pctb_20h,ret_24h,,
bb_pctb_20h,ret_48h,,
bb_pctb_20h,ret_96h,,
bb_pctb_20h,ret_168h,,
bb_pctb_20h,vol_6h,,
bb_pctb_20h,vol_24h,,
bb_pctb_20h,vol_96h,,
bb_pctb_20h,vol_168h,,
bb_pctb_20h,vol_ratio_6_96,,
bb_pctb_20h,rsi_14h,,
bb_pctb_20h,macd_hist_1h,,
bb_pctb_20h,bb_pctb_20h,,
bb_bw_20h,ret_1h,,
bb_bw_20h,ret_3h,,
bb_bw_20h,ret_6h,,
bb_bw_20h,ret_12h,,
bb_bw_20h,ret_24h,,
bb_bw_20h,ret_48h,,
bb_bw_20h,ret_96h,,
bb_bw_20h,ret_168h,,
bb_bw_20h,vol_6h,,
bb_bw_20h,vol_24h,,
bb_bw_20h,vol_96h,,
bb_bw_20h,vol_168h,,
bb_bw_20h,vol_ratio_6_96,,
bb_bw_20h,rsi_14h,,
bb_bw_20h,macd_hist_1h,,
bb_bw_20h,bb_pctb_20h,,
bb_bw_20h,bb_bw_20h,,
atr_pct_14h,ret_1h,,
atr_pct_14h,ret_3h,,
atr_pct_14h,ret_6h,,
atr_pct_14h,ret_12h,,
atr_pct_14h,ret_24h,,
atr_pct_14h,ret_48h,,
atr_pct_14h,ret_96h,,
atr_pct_14h,ret_168h,,
atr_pct_14h,vol_6h,,
atr_pct_14h,vol_24h,,
atr_pct_14h,vol_96h,,
atr_pct_14h,vol_168h,,
atr_pct_14h,vol_ratio_6_96,,
atr_pct_14h,rsi_14h,,
atr_pct_14h,macd_hist_1h,,
atr_pct_14h,bb_pctb_20h,,
atr_pct_14h,bb_bw_20h,,
atr_pct_14h,atr_pct_14h,,
dist_high_24h,ret_1h,,
dist_high_24h,ret_3h,,
dist_high_24h,ret_6h,,
dist_high_24h,ret_12h,,
dist_high_24h,ret_24h,,
dist_high_24h,ret_48h,,
dist_high_24h,ret_96h,,
dist_high_24h,ret_168h,,
dist_high_24h,vol_6h,,
dist_high_24h,vol_24h,,
dist_high_24h,vol_96h,,
dist_high_24h,vol_168h,,
dist_high_24h,vol_ratio_6_96,,
dist_high_24h,rsi_14h,,
dist_high_24h,macd_hist_1h,,
dist_high_24h,bb_pctb_20h,,
dist_high_24h,bb_bw_20h,,
dist_high_24h,atr_pct_14h,,
dist_high_24h,dist_high_24h,,
dist_low_24h,ret_1h,,
dist_low_24h,ret_3h,,
dist_low_24h,ret_6h,,
dist_low_24h,ret_12h,,
dist_low_24h,ret_24h,,
dist_low_24h,ret_48h,,
dist_low_24h,ret_96h,,
dist_low_24h,ret_168h,,
dist_low_24h,vol_6h,,
dist_low_24h,vol_24h,,
dist_low_24h,vol_96h,,
dist_low_24h,vol_168h,,
dist_low_24h,vol_ratio_6_96,,
dist_low_24h,rsi_14h,,
dist_low_24h,macd_hist_1h,,
dist_low_24h,bb_pctb_20h,,
dist_low_24h,bb_bw_20h,,
dist_low_24h,atr_pct_14h,,
dist_low_24h,dist_high_24h,,
dist_low_24h,dist_low_24h,,
dist_high_96h,ret_1h,,
dist_high_96h,ret_3h,,
dist_high_96h,ret_6h,,
dist_high_96h,ret_12h,,
dist_high_96h,ret_24h,,
dist_high_96h,ret_48h,,
dist_high_96h,ret_96h,,
dist_high_96h,ret_168h,,
dist_high_96h,vol_6h,,
dist_high_96h,vol_24h,,
dist_high_96h,vol_96h,,
dist_high_96h,vol_168h,,
dist_high_96h,vol_ratio_6_96,,
dist_high_96h,rsi_14h,,
dist_high_96h,macd_hist_1h,,
dist_high_96h,bb_pctb_20h,,
dist_high_96h,bb_bw_20h,,
dist_high_96h,atr_pct_14h,,
dist_high_96h,dist_high_24h,,
dist_high_96h,dist_low_24h,,
dist_high_96h,dist_high_96h,,
dist_low_96h,ret_1h,,
dist_low_96h,ret_3h,,
dist_low_96h,ret_6h,,
dist_low_96h,ret_12h,,
dist_low_96h,ret_24h,,
dist_low_96h,ret_48h,,
dist_low_96h,ret_96h,,
dist_low_96h,ret_168h,,
dist_low_96h,vol_6h,,
dist_low_96h,vol_24h,,
dist_low_96h,vol_96h,,
dist_low_96h,vol_168h,,
dist_low_96h,vol_ratio_6_96,,
dist_low_96h,rsi_14h,,
dist_low_96h,macd_hist_1h,,
dist_low_96h,bb_pctb_20h,,
dist_low_96h,bb_bw_20h,,
dist_low_96h,atr_pct_14h,,
dist_low_96h,dist_high_24h,,
dist_low_96h,dist_low_24h,,
dist_low_96h,dist_high_96h,,
dist_low_96h,dist_low_96h,,
dist_high_168h,ret_1h,,
dist_high_168h,ret_3h,,
dist_high_168h,ret_6h,,
dist_high_168h,ret_12h,,
dist_high_168h,ret_24h,,
dist_high_168h,ret_48h,,
dist_high_168h,ret_96h,,
dist_high_168h,ret_168h,,
dist_high_168h,vol_6h,,
dist_high_168h,vol_24h,,
dist_high_168h,vol_96h,,
dist_high_168h,vol_168h,,
dist_high_168h,vol_ratio_6_96,,
dist_high_168h,rsi_14h,,
dist_high_168h,macd_hist_1h,,
dist_high_168h,bb_pctb_20h,,
dist_high_168h,bb_bw_20h,,
dist_high_168h,atr_pct_14h,,
dist_high_168h,dist_high_24h,,
dist_high_168h,dist_low_24h,,
dist_high_168h,dist_high_96h,,
dist_high_168h,dist_low_96h,,
dist_high_168h,dist_high_168h,,
dist_low_168h,ret_1h,,
dist_low_168h,ret_3h,,
dist_low_168h,ret_6h,,
dist_low_168h,ret_12h,,
dist_low_168h,ret_24h,,
dist_low_168h,ret_48h,,
dist_low_168h,ret_96h,,
dist_low_168h,ret_168h,,
dist_low_168h,vol_6h,,
dist_low_168h,vol_24h,,
dist_low_168h,vol_96h,,
dist_low_168h,vol_168h,,
dist_low_168h,vol_ratio_6_96,,
dist_low_168h,rsi_14h,,
dist_low_168h,macd_hist_1h,,
dist_low_168h,bb_pctb_20h,,
dist_low_168h,bb_bw_20h,,
dist_low_168h,atr_pct_14h,,
dist_low_168h,dist_high_24h,,
dist_low_168h,dist_low_24h,,
dist_low_168h,dist_high_96h,,
dist_low_168h,dist_low_96h,,
dist_low_168h,dist_high_168h,,
dist_low_168h,dist_low_168h,,
volume_z_168h,ret_1h,,
volume_z_168h,ret_3h,,
volume_z_168h,ret_6h,,
volume_z_168h,ret_12h,,
volume_z_168h,ret_24h,,
volume_z_168h,ret_48h,,
volume_z_168h,ret_96h,,
volume_z_168h,ret_168h,,
volume_z_168h,vol_6h,,
volume_z_168h,vol_24h,,
volume_z_168h,vol_96h,,
volume_z_168h,vol_168h,,
volume_z_168h,vol_ratio_6_96,,
volume_z_168h,rsi_14h,,
volume_z_168h,macd_hist_1h,,
volume_z_168h,bb_pctb_20h,,
volume_z_168h,bb_bw_20h,,
volume_z_168h,atr_pct_14h,,
volume_z_168h,dist_high_24h,,
volume_z_168h,dist_low_24h,,
volume_z_168h,dist_high_96h,,
volume_z_168h,dist_low_96h,,
volume_z_168h,dist_high_168h,,
volume_z_168h,dist_low_168h,,
volume_z_168h,volume_z_168h,,
trades_z_168h,ret_1h,,
trades_z_168h,ret_3h,,
trades_z_168h,ret_6h,,
trades_z_168h,ret_12h,,
trades_z_168h,ret_24h,,
trades_z_168h,ret_48h,,
trades_z_168h,ret_96h,,
trades_z_168h,ret_168h,,
trades_z_168h,vol_6h,,
trades_z_168h,vol_24h,,
trades_z_168h,vol_96h,,
trades_z_168h,vol_168h,,
trades_z_168h,vol_ratio_6_96,,
trades_z_168h,rsi_14h,,
trades_z_168h,macd_hist_1h,,
trades_z_168h,bb_pctb_20h,,
trades_z_168h,bb_bw_20h,,
trades_z_168h,atr_pct_14h,,
trades_z_168h,dist_high_24h,,
trades_z_168h,dist_low_24h,,
trades_z_168h,dist_high_96h,,
trades_z_168h,dist_low_96h,,
trades_z_168h,dist_high_168h,,
trades_z_168h,dist_low_168h,,
trades_z_168h,volume_z_168h,,
trades_z_168h,trades_z_168h,,
taker_buy_ratio_1h,ret_1h,,
taker_buy_ratio_1h,ret_3h,,
taker_buy_ratio_1h,ret_6h,,
taker_buy_ratio_1h,ret_12h,,
taker_buy_ratio_1h,ret_24h,,
taker_buy_ratio_1h,ret_48h,,
taker_buy_ratio_1h,ret_96h,,
taker_buy_ratio_1h,ret_168h,,
taker_buy_ratio_1h,vol_6h,,
taker_buy_ratio_1h,vol_24h,,
taker_buy_ratio_1h,vol_96h,,
taker_buy_ratio_1h,vol_168h,,
taker_buy_ratio_1h,vol_ratio_6_96,,
taker_buy_ratio_1h,rsi_14h,,
taker_buy_ratio_1h,macd_hist_1h,,
taker_buy_ratio_1h,bb_pctb_20h,,
taker_buy_ratio_1h,bb_bw_20h,,
taker_buy_ratio_1h,atr_pct_14h,,
taker_buy_ratio_1h,dist_high_24h,,
taker_buy_ratio_1h,dist_low_24h,,
taker_buy_ratio_1h,dist_high_96h,,
taker_buy_ratio_1h,dist_low_96h,,
taker_buy_ratio_1h,dist_high_168h,,
taker_buy_ratio_1h,dist_low_168h,,
taker_buy_ratio_1h,volume_z_168h,,
taker_buy_ratio_1h,trades_z_168h,,
taker_buy_ratio_1h,taker_buy_ratio_1h,,
taker_buy_ratio_24h,ret_1h,,
taker_buy_ratio_24h,ret_3h,,
taker_buy_ratio_24h,ret_6h,,
taker_buy_ratio_24h,ret_12h,,
taker_buy_ratio_24h,ret_24h,,
taker_buy_ratio_24h,ret_48h,,
taker_buy_ratio_24h,ret_96h,,
taker_buy_ratio_24h,ret_168h,,
taker_buy_ratio_24h,vol_6h,,
taker_buy_ratio_24h,vol_24h,,
taker_buy_ratio_24h,vol_96h,,
taker_buy_ratio_24h,vol_168h,,
taker_buy_ratio_24h,vol_ratio_6_96,,
taker_buy_ratio_24h,rsi_14h,,
taker_buy_ratio_24h,macd_hist_1h,,
taker_buy_ratio_24h,bb_pctb_20h,,
taker_buy_ratio_24h,bb_bw_20h,,
taker_buy_ratio_24h,atr_pct_14h,,
taker_buy_ratio_24h,dist_high_24h,,
taker_buy_ratio_24h,dist_low_24h,,
taker_buy_ratio_24h,dist_high_96h,,
taker_buy_ratio_24h,dist_low_96h,,
taker_buy_ratio_24h,dist_high_168h,,
taker_buy_ratio_24h,dist_low_168h,,
taker_buy_ratio_24h,volume_z_168h,,
taker_buy_ratio_24h,trades_z_168h,,
taker_buy_ratio_24h,taker_buy_ratio_1h,,
taker_buy_ratio_24h,taker_buy_ratio_24h,,
funding_last,ret_1h,,
funding_last,ret_3h,,
funding_last,ret_6h,,
funding_last,ret_12h,,
funding_last,ret_24h,,
funding_last,ret_48h,,
funding_last,ret_96h,,
funding_last,ret_168h,,
funding_last,vol_6h,,
funding_last,vol_24h,,
funding_last,vol_96h,,
funding_last,vol_168h,,
funding_last,vol_ratio_6_96,,
funding_last,rsi_14h,,
funding_last,macd_hist_1h,,
funding_last,bb_pctb_20h,,
funding_last,bb_bw_20h,,
funding_last,atr_pct_14h,,
funding_last,dist_high_24h,,
funding_last,dist_low_24h,,
funding_last,dist_high_96h,,
funding_last,dist_low_96h,,
funding_last,dist_high_168h,,
funding_last,dist_low_168h,,
funding_last,volume_z_168h,,
funding_last,trades_z_168h,,
funding_last,taker_buy_ratio_1h,,
funding_last,taker_buy_ratio_24h,,
funding_last,funding_last,,
funding_mean_24h,ret_1h,,
funding_mean_24h,ret_3h,,
funding_mean_24h,ret_6h,,
funding_mean_24h,ret_12h,,
funding_mean_24h,ret_24h,,
funding_mean_24h,ret_48h,,
funding_mean_24h,ret_96h,,
funding_mean_24h,ret_168h,,
funding_mean_24h,vol_6h,,
funding_mean_24h,vol_24h,,
funding_mean_24h,vol_96h,,
funding_mean_24h,vol_168h,,
funding_mean_24h,vol_ratio_6_96,,
funding_mean_24h,rsi_14h,,
funding_mean_24h,macd_hist_1h,,
funding_mean_24h,bb_pctb_20h,,
funding_mean_24h,bb_bw_20h,,
funding_mean_24h,atr_pct_14h,,
funding_mean_24h,dist_high_24h,,
funding_mean_24h,dist_low_24h,,
funding_mean_24h,dist_high_96h,,
funding_mean_24h,dist_low_96h,,
funding_mean_24h,dist_high_168h,,
funding_mean_24h,dist_low_168h,,
funding_mean_24h,volume_z_168h,,
funding_mean_24h,trades_z_168h,,
funding_mean_24h,taker_buy_ratio_1h,,
funding_mean_24h,taker_buy_ratio_24h,,
funding_mean_24h,funding_last,,
funding_mean_24h,funding_mean_24h,,
funding_std_168h,ret_1h,,
funding_std_168h,ret_3h,,
funding_std_168h,ret_6h,,
funding_std_168h,ret_12h,,
funding_std_168h,ret_24h,,
funding_std_168h,ret_48h,,
funding_std_168h,ret_96h,,
funding_std_168h,ret_168h,,
funding_std_168h,vol_6h,,
funding_std_168h,vol_24h,,
funding_std_168h,vol_96h,,
funding_std_168h,vol_168h,,
funding_std_168h,vol_ratio_6_96,,
funding_std_168h,rsi_14h,,
funding_std_168h,macd_hist_1h,,
funding_std_168h,bb_pctb_20h,,
funding_std_168h,bb_bw_20h,,
funding_std_168h,atr_pct_14h,,
funding_std_168h,dist_high_24h,,
funding_std_168h,dist_low_24h,,
funding_std_168h,dist_high_96h,,
funding_std_168h,dist_low_96h,,
funding_std_168h,dist_high_168h,,
funding_std_168h,dist_low_168h,,
funding_std_168h,volume_z_168h,,
funding_std_168h,trades_z_168h,,
funding_std_168h,taker_buy_ratio_1h,,
funding_std_168h,taker_buy_ratio_24h,,
funding_std_168h,funding_last,,
funding_std_168h,funding_mean_24h,,
funding_std_168h,funding_std_168h,,
oi_chg_1h,ret_1h,,
oi_chg_1h,ret_3h,,
oi_chg_1h,ret_6h,,
oi_chg_1h,ret_12h,,
oi_chg_1h,ret_24h,,
oi_chg_1h,ret_48h,,
oi_chg_1h,ret_96h,,
oi_chg_1h,ret_168h,,
oi_chg_1h,vol_6h,,
oi_chg_1h,vol_24h,,
oi_chg_1h,vol_96h,,
oi_chg_1h,vol_168h,,
oi_chg_1h,vol_ratio_6_96,,
oi_chg_1h,rsi_14h,,
oi_chg_1h,macd_hist_1h,,
oi_chg_1h,bb_pctb_20h,,
oi_chg_1h,bb_bw_20h,,
oi_chg_1h,atr_pct_14h,,
oi_chg_1h,dist_high_24h,,
oi_chg_1h,dist_low_24h,,
oi_chg_1h,dist_high_96h,,
oi_chg_1h,dist_low_96h,,
oi_chg_1h,dist_high_168h,,
oi_chg_1h,dist_low_168h,,
oi_chg_1h,volume_z_168h,,
oi_chg_1h,trades_z_168h,,
oi_chg_1h,taker_buy_ratio_1h,,
oi_chg_1h,taker_buy_ratio_24h,,
oi_chg_1h,funding_last,,
oi_chg_1h,funding_mean_24h,,
oi_chg_1h,funding_std_168h,,
oi_chg_1h,oi_chg_1h,,
oi_chg_24h,ret_1h,,
oi_chg_24h,ret_3h,,
oi_chg_24h,ret_6h,,
oi_chg_24h,ret_12h,,
oi_chg_24h,ret_24h,,
oi_chg_24h,ret_48h,,
oi_chg_24h,ret_96h,,
oi_chg_24h,ret_168h,,
oi_chg_24h,vol_6h,,
oi_chg_24h,vol_24h,,
oi_chg_24h,vol_96h,,
oi_chg_24h,vol_168h,,
oi_chg_24h,vol_ratio_6_96,,
oi_chg_24h,rsi_14h,,
oi_chg_24h,macd_hist_1h,,
oi_chg_24h,bb_pctb_20h,,
oi_chg_24h,bb_bw_20h,,
oi_chg_24h,atr_pct_14h,,
oi_chg_24h,dist_high_24h,,
oi_chg_24h,dist_low_24h,,
oi_chg_24h,dist_high_96h,,
oi_chg_24h,dist_low_96h,,
oi_chg_24h,dist_high_168h,,
oi_chg_24h,dist_low_168h,,
oi_chg_24h,volume_z_168h,,
oi_chg_24h,trades_z_168h,,
oi_chg_24h,taker_buy_ratio_1h,,
oi_chg_24h,taker_buy_ratio_24h,,
oi_chg_24h,funding_last,,
oi_chg_24h,funding_mean_24h,,
oi_chg_24h,funding_std_168h,,
oi_chg_24h,oi_chg_1h,,
oi_chg_24h,oi_chg_24h,,
lsr_top_level,ret_1h,,
lsr_top_level,ret_3h,,
lsr_top_level,ret_6h,,
lsr_top_level,ret_12h,,
lsr_top_level,ret_24h,,
lsr_top_level,ret_48h,,
lsr_top_level,ret_96h,,
lsr_top_level,ret_168h,,
lsr_top_level,vol_6h,,
lsr_top_level,vol_24h,,
lsr_top_level,vol_96h,,
lsr_top_level,vol_168h,,
lsr_top_level,vol_ratio_6_96,,
lsr_top_level,rsi_14h,,
lsr_top_level,macd_hist_1h,,
lsr_top_level,bb_pctb_20h,,
lsr_top_level,bb_bw_20h,,
lsr_top_level,atr_pct_14h,,
lsr_top_level,dist_high_24h,,
lsr_top_level,dist_low_24h,,
lsr_top_level,dist_high_96h,,
lsr_top_level,dist_low_96h,,
lsr_top_level,dist_high_168h,,
lsr_top_level,dist_low_168h,,
lsr_top_level,volume_z_168h,,
lsr_top_level,trades_z_168h,,
lsr_top_level,taker_buy_ratio_1h,,
lsr_top_level,taker_buy_ratio_24h,,
lsr_top_level,funding_last,,
lsr_top_level,funding_mean_24h,,
lsr_top_level,funding_std_168h,,
lsr_top_level,oi_chg_1h,,
lsr_top_level,oi_chg_24h,,
lsr_top_level,lsr_top_level,,
lsr_top_chg_24h,ret_1h,,
lsr_top_chg_24h,ret_3h,,
lsr_top_chg_24h,ret_6h,,
lsr_top_chg_24h,ret_12h,,
lsr_top_chg_24h,ret_24h,,
lsr_top_chg_24h,ret_48h,,
lsr_top_chg_24h,ret_96h,,
lsr_top_chg_24h,ret_168h,,
lsr_top_chg_24h,vol_6h,,
lsr_top_chg_24h,vol_24h,,
lsr_top_chg_24h,vol_96h,,
lsr_top_chg_24h,vol_168h,,
lsr_top_chg_24h,vol_ratio_6_96,,
lsr_top_chg_24h,rsi_14h,,
lsr_top_chg_24h,macd_hist_1h,,
lsr_top_chg_24h,bb_pctb_20h,,
lsr_top_chg_24h,bb_bw_20h,,
lsr_top_chg_24h,atr_pct_14h,,
lsr_top_chg_24h,dist_high_24h,,
lsr_top_chg_24h,dist_low_24h,,
lsr_top_chg_24h,dist_high_96h,,
lsr_top_chg_24h,dist_low_96h,,
lsr_top_chg_24h,dist_high_168h,,
lsr_top_chg_24h,dist_low_168h,,
lsr_top_chg_24h,volume_z_168h,,
lsr_top_chg_24h,trades_z_168h,,
lsr_top_chg_24h,taker_buy_ratio_1h,,
lsr_top_chg_24h,taker_buy_ratio_24h,,
lsr_top_chg_24h,funding_last,,
lsr_top_chg_24h,funding_mean_24h,,
lsr_top_chg_24h,funding_std_168h,,
lsr_top_chg_24h,oi_chg_1h,,
lsr_top_chg_24h,oi_chg_24h,,
lsr_top_chg_24h,lsr_top_level,,
lsr_top_chg_24h,lsr_top_chg_24h,,
eth_ret_1h,ret_1h,,
eth_ret_1h,ret_3h,,
eth_ret_1h,ret_6h,,
eth_ret_1h,ret_12h,,
eth_ret_1h,ret_24h,,
eth_ret_1h,ret_48h,,
eth_ret_1h,ret_96h,,
eth_ret_1h,ret_168h,,
eth_ret_1h,vol_6h,,
eth_ret_1h,vol_24h,,
eth_ret_1h,vol_96h,,
eth_ret_1h,vol_168h,,
eth_ret_1h,vol_ratio_6_96,,
eth_ret_1h,rsi_14h,,
eth_ret_1h,macd_hist_1h,,
eth_ret_1h,bb_pctb_20h,,
eth_ret_1h,bb_bw_20h,,
eth_ret_1h,atr_pct_14h,,
eth_ret_1h,dist_high_24h,,
eth_ret_1h,dist_low_24h,,
eth_ret_1h,dist_high_96h,,
eth_ret_1h,dist_low_96h,,
eth_ret_1h,dist_high_168h,,
eth_ret_1h,dist_low_168h,,
eth_ret_1h,volume_z_168h,,
eth_ret_1h,trades_z_168h,,
eth_ret_1h,taker_buy_ratio_1h,,
eth_ret_1h,taker_buy_ratio_24h,,
eth_ret_1h,funding_last,,
eth_ret_1h,funding_mean_24h,,
eth_ret_1h,funding_std_168h,,
eth_ret_1h,oi_chg_1h,,
eth_ret_1h,oi_chg_24h,,
eth_ret_1h,lsr_top_level,,
eth_ret_1h,lsr_top_chg_24h,,
eth_ret_1h,eth_ret_1h,,
eth_ret_24h,ret_1h,,
eth_ret_24h,ret_3h,,
eth_ret_24h,ret_6h,,
eth_ret_24h,ret_12h,,
eth_ret_24h,ret_24h,,
eth_ret_24h,ret_48h,,
eth_ret_24h,ret_96h,,
eth_ret_24h,ret_168h,,
eth_ret_24h,vol_6h,,
eth_ret_24h,vol_24h,,
eth_ret_24h,vol_96h,,
eth_ret_24h,vol_168h,,
eth_ret_24h,vol_ratio_6_96,,
eth_ret_24h,rsi_14h,,
eth_ret_24h,macd_hist_1h,,
eth_ret_24h,bb_pctb_20h,,
eth_ret_24h,bb_bw_20h,,
eth_ret_24h,atr_pct_14h,,
eth_ret_24h,dist_high_24h,,
eth_ret_24h,dist_low_24h,,
eth_ret_24h,dist_high_96h,,
eth_ret_24h,dist_low_96h,,
eth_ret_24h,dist_high_168h,,
eth_ret_24h,dist_low_168h,,
eth_ret_24h,volume_z_168h,,
eth_ret_24h,trades_z_168h,,
eth_ret_24h,taker_buy_ratio_1h,,
eth_ret_24h,taker_buy_ratio_24h,,
eth_ret_24h,funding_last,,
eth_ret_24h,funding_mean_24h,,
eth_ret_24h,funding_std_168h,,
eth_ret_24h,oi_chg_1h,,
eth_ret_24h,oi_chg_24h,,
eth_ret_24h,lsr_top_level,,
eth_ret_24h,lsr_top_chg_24h,,
eth_ret_24h,eth_ret_1h,,
eth_ret_24h,eth_ret_24h,,
eth_ret_168h,ret_1h,,
eth_ret_168h,ret_3h,,
eth_ret_168h,ret_6h,,
eth_ret_168h,ret_12h,,
eth_ret_168h,ret_24h,,
eth_ret_168h,ret_48h,,
eth_ret_168h,ret_96h,,
eth_ret_168h,ret_168h,,
eth_ret_168h,vol_6h,,
eth_ret_168h,vol_24h,,
eth_ret_168h,vol_96h,,
eth_ret_168h,vol_168h,,
eth_ret_168h,vol_ratio_6_96,,
eth_ret_168h,rsi_14h,,
eth_ret_168h,macd_hist_1h,,
eth_ret_168h,bb_pctb_20h,,
eth_ret_168h,bb_bw_20h,,
eth_ret_168h,atr_pct_14h,,
eth_ret_168h,dist_high_24h,,
eth_ret_168h,dist_low_24h,,
eth_ret_168h,dist_high_96h,,
eth_ret_168h,dist_low_96h,,
eth_ret_168h,dist_high_168h,,
eth_ret_168h,dist_low_168h,,
eth_ret_168h,volume_z_168h,,
eth_ret_168h,trades_z_168h,,
eth_ret_168h,taker_buy_ratio_1h,,
eth_ret_168h,taker_buy_ratio_24h,,
eth_ret_168h,funding_last,,
eth_ret_168h,funding_mean_24h,,
eth_ret_168h,funding_std_168h,,
eth_ret_168h,oi_chg_1h,,
eth_ret_168h,oi_chg_24h,,
eth_ret_168h,lsr_top_level,,
eth_ret_168h,lsr_top_chg_24h,,
eth_ret_168h,eth_ret_1h,,
eth_ret_168h,eth_ret_24h,,
eth_ret_168h,eth_ret_168h,,
btc_eth_ret_spread_24h,ret_1h,,
btc_eth_ret_spread_24h,ret_3h,,
btc_eth_ret_spread_24h,ret_6h,,
btc_eth_ret_spread_24h,ret_12h,,
btc_eth_ret_spread_24h,ret_24h,,
btc_eth_ret_spread_24h,ret_48h,,
btc_eth_ret_spread_24h,ret_96h,,
btc_eth_ret_spread_24h,ret_168h,,
btc_eth_ret_spread_24h,vol_6h,,
btc_eth_ret_spread_24h,vol_24h,,
btc_eth_ret_spread_24h,vol_96h,,
btc_eth_ret_spread_24h,vol_168h,,
btc_eth_ret_spread_24h,vol_ratio_6_96,,
btc_eth_ret_spread_24h,rsi_14h,,
btc_eth_ret_spread_24h,macd_hist_1h,,
btc_eth_ret_spread_24h,bb_pctb_20h,,
btc_eth_ret_spread_24h,bb_bw_20h,,
btc_eth_ret_spread_24h,atr_pct_14h,,
btc_eth_ret_spread_24h,dist_high_24h,,
btc_eth_ret_spread_24h,dist_low_24h,,
btc_eth_ret_spread_24h,dist_high_96h,,
btc_eth_ret_spread_24h,dist_low_96h,,
btc_eth_ret_spread_24h,dist_high_168h,,
btc_eth_ret_spread_24h,dist_low_168h,,
btc_eth_ret_spread_24h,volume_z_168h,,
btc_eth_ret_spread_24h,trades_z_168h,,
btc_eth_ret_spread_24h,taker_buy_ratio_1h,,
btc_eth_ret_spread_24h,taker_buy_ratio_24h,,
btc_eth_ret_spread_24h,funding_last,,
btc_eth_ret_spread_24h,funding_mean_24h,,
btc_eth_ret_spread_24h,funding_std_168h,,
btc_eth_ret_spread_24h,oi_chg_1h,,
btc_eth_ret_spread_24h,oi_chg_24h,,
btc_eth_ret_spread_24h,lsr_top_level,,
btc_eth_ret_spread_24h,lsr_top_chg_24h,,
btc_eth_ret_spread_24h,eth_ret_1h,,
btc_eth_ret_spread_24h,eth_ret_24h,,
btc_eth_ret_spread_24h,eth_ret_168h,,
btc_eth_ret_spread_24h,btc_eth_ret_spread_24h,,
hour_sin,ret_1h,,
hour_sin,ret_3h,,
hour_sin,ret_6h,,
hour_sin,ret_12h,,
hour_sin,ret_24h,,
hour_sin,ret_48h,,
hour_sin,ret_96h,,
hour_sin,ret_168h,,
hour_sin,vol_6h,,
hour_sin,vol_24h,,
hour_sin,vol_96h,,
hour_sin,vol_168h,,
hour_sin,vol_ratio_6_96,,
hour_sin,rsi_14h,,
hour_sin,macd_hist_1h,,
hour_sin,bb_pctb_20h,,
hour_sin,bb_bw_20h,,
hour_sin,atr_pct_14h,,
hour_sin,dist_high_24h,,
hour_sin,dist_low_24h,,
hour_sin,dist_high_96h,,
hour_sin,dist_low_96h,,
hour_sin,dist_high_168h,,
hour_sin,dist_low_168h,,
hour_sin,volume_z_168h,,
hour_sin,trades_z_168h,,
hour_sin,taker_buy_ratio_1h,,
hour_sin,taker_buy_ratio_24h,,
hour_sin,funding_last,,
hour_sin,funding_mean_24h,,
hour_sin,funding_std_168h,,
hour_sin,oi_chg_1h,,
hour_sin,oi_chg_24h,,
hour_sin,lsr_top_level,,
hour_sin,lsr_top_chg_24h,,
hour_sin,eth_ret_1h,,
hour_sin,eth_ret_24h,,
hour_sin,eth_ret_168h,,
hour_sin,btc_eth_ret_spread_24h,,
hour_sin,hour_sin,,
hour_cos,ret_1h,,
hour_cos,ret_3h,,
hour_cos,ret_6h,,
hour_cos,ret_12h,,
hour_cos,ret_24h,,
hour_cos,ret_48h,,
hour_cos,ret_96h,,
hour_cos,ret_168h,,
hour_cos,vol_6h,,
hour_cos,vol_24h,,
hour_cos,vol_96h,,
hour_cos,vol_168h,,
hour_cos,vol_ratio_6_96,,
hour_cos,rsi_14h,,
hour_cos,macd_hist_1h,,
hour_cos,bb_pctb_20h,,
hour_cos,bb_bw_20h,,
hour_cos,atr_pct_14h,,
hour_cos,dist_high_24h,,
hour_cos,dist_low_24h,,
hour_cos,dist_high_96h,,
hour_cos,dist_low_96h,,
hour_cos,dist_high_168h,,
hour_cos,dist_low_168h,,
hour_cos,volume_z_168h,,
hour_cos,trades_z_168h,,
hour_cos,taker_buy_ratio_1h,,
hour_cos,taker_buy_ratio_24h,,
hour_cos,funding_last,,
hour_cos,funding_mean_24h,,
hour_cos,funding_std_168h,,
hour_cos,oi_chg_1h,,
hour_cos,oi_chg_24h,,
hour_cos,lsr_top_level,,
hour_cos,lsr_top_chg_24h,,
hour_cos,eth_ret_1h,,
hour_cos,eth_ret_24h,,
hour_cos,eth_ret_168h,,
hour_cos,btc_eth_ret_spread_24h,,
hour_cos,hour_sin,,
hour_cos,hour_cos,,
dow_sin,ret_1h,,
dow_sin,ret_3h,,
dow_sin,ret_6h,,
dow_sin,ret_12h,,
dow_sin,ret_24h,,
dow_sin,ret_48h,,
dow_sin,ret_96h,,
dow_sin,ret_168h,,
dow_sin,vol_6h,,
dow_sin,vol_24h,,
dow_sin,vol_96h,,
dow_sin,vol_168h,,
dow_sin,vol_ratio_6_96,,
dow_sin,rsi_14h,,
dow_sin,macd_hist_1h,,
dow_sin,bb_pctb_20h,,
dow_sin,bb_bw_20h,,
dow_sin,atr_pct_14h,,
dow_sin,dist_high_24h,,
dow_sin,dist_low_24h,,
dow_sin,dist_high_96h,,
dow_sin,dist_low_96h,,
dow_sin,dist_high_168h,,
dow_sin,dist_low_168h,,
dow_sin,volume_z_168h,,
dow_sin,trades_z_168h,,
dow_sin,taker_buy_ratio_1h,,
dow_sin,taker_buy_ratio_24h,,
dow_sin,funding_last,,
dow_sin,funding_mean_24h,,
dow_sin,funding_std_168h,,
dow_sin,oi_chg_1h,,
dow_sin,oi_chg_24h,,
dow_sin,lsr_top_level,,
dow_sin,lsr_top_chg_24h,,
dow_sin,eth_ret_1h,,
dow_sin,eth_ret_24h,,
dow_sin,eth_ret_168h,,
dow_sin,btc_eth_ret_spread_24h,,
dow_sin,hour_sin,,
dow_sin,hour_cos,,
dow_sin,dow_sin,,
dow_cos,ret_1h,,
dow_cos,ret_3h,,
dow_cos,ret_6h,,
dow_cos,ret_12h,,
dow_cos,ret_24h,,
dow_cos,ret_48h,,
dow_cos,ret_96h,,
dow_cos,ret_168h,,
dow_cos,vol_6h,,
dow_cos,vol_24h,,
dow_cos,vol_96h,,
dow_cos,vol_168h,,
dow_cos,vol_ratio_6_96,,
dow_cos,rsi_14h,,
dow_cos,macd_hist_1h,,
dow_cos,bb_pctb_20h,,
dow_cos,bb_bw_20h,,
dow_cos,atr_pct_14h,,
dow_cos,dist_high_24h,,
dow_cos,dist_low_24h,,
dow_cos,dist_high_96h,,
dow_cos,dist_low_96h,,
dow_cos,dist_high_168h,,
dow_cos,dist_low_168h,,
dow_cos,volume_z_168h,,
dow_cos,trades_z_168h,,
dow_cos,taker_buy_ratio_1h,,
dow_cos,taker_buy_ratio_24h,,
dow_cos,funding_last,,
dow_cos,funding_mean_24h,,
dow_cos,funding_std_168h,,
dow_cos,oi_chg_1h,,
dow_cos,oi_chg_24h,,
dow_cos,lsr_top_level,,
dow_cos,lsr_top_chg_24h,,
dow_cos,eth_ret_1h,,
dow_cos,eth_ret_24h,,
dow_cos,eth_ret_168h,,
dow_cos,btc_eth_ret_spread_24h,,
dow_cos,hour_sin,,
dow_cos,hour_cos,,
dow_cos,dow_sin,,
dow_cos,dow_cos,,
open,ret_1h,,
open,ret_3h,,
open,ret_6h,,
open,ret_12h,,
open,ret_24h,,
open,ret_48h,,
open,ret_96h,,
open,ret_168h,,
open,vol_6h,,
open,vol_24h,,
open,vol_96h,,
open,vol_168h,,
open,vol_ratio_6_96,,
open,rsi_14h,,
open,macd_hist_1h,,
open,bb_pctb_20h,,
open,bb_bw_20h,,
open,atr_pct_14h,,
open,dist_high_24h,,
open,dist_low_24h,,
open,dist_high_96h,,
open,dist_low_96h,,
open,dist_high_168h,,
open,dist_low_168h,,
open,volume_z_168h,,
open,trades_z_168h,,
open,taker_buy_ratio_1h,,
open,taker_buy_ratio_24h,,
open,funding_last,,
open,funding_mean_24h,,
open,funding_std_168h,,
open,oi_chg_1h,,
open,oi_chg_24h,,
open,lsr_top_level,,
open,lsr_top_chg_24h,,
open,eth_ret_1h,,
open,eth_ret_24h,,
open,eth_ret_168h,,
open,btc_eth_ret_spread_24h,,
open,hour_sin,,
open,hour_cos,,
open,dow_sin,,
open,dow_cos,,
open,open,,
high,ret_1h,,
high,ret_3h,,
high,ret_6h,,
high,ret_12h,,
high,ret_24h,,
high,ret_48h,,
high,ret_96h,,
high,ret_168h,,
high,vol_6h,,
high,vol_24h,,
high,vol_96h,,
high,vol_168h,,
high,vol_ratio_6_96,,
high,rsi_14h,,
high,macd_hist_1h,,
high,bb_pctb_20h,,
high,bb_bw_20h,,
high,atr_pct_14h,,
high,dist_high_24h,,
high,dist_low_24h,,
high,dist_high_96h,,
high,dist_low_96h,,
high,dist_high_168h,,
high,dist_low_168h,,
high,volume_z_168h,,
high,trades_z_168h,,
high,taker_buy_ratio_1h,,
high,taker_buy_ratio_24h,,
high,funding_last,,
high,funding_mean_24h,,
high,funding_std_168h,,
high,oi_chg_1h,,
high,oi_chg_24h,,
high,lsr_top_level,,
high,lsr_top_chg_24h,,
high,eth_ret_1h,,
high,eth_ret_24h,,
high,eth_ret_168h,,
high,btc_eth_ret_spread_24h,,
high,hour_sin,,
high,hour_cos,,
high,dow_sin,,
high,dow_cos,,
high,open,,
high,high,,
low,ret_1h,,
low,ret_3h,,
low,ret_6h,,
low,ret_12h,,
low,ret_24h,,
low,ret_48h,,
low,ret_96h,,
low,ret_168h,,
low,vol_6h,,
low,vol_24h,,
low,vol_96h,,
low,vol_168h,,
low,vol_ratio_6_96,,
low,rsi_14h,,
low,macd_hist_1h,,
low,bb_pctb_20h,,
low,bb_bw_20h,,
low,atr_pct_14h,,
low,dist_high_24h,,
low,dist_low_24h,,
low,dist_high_96h,,
low,dist_low_96h,,
low,dist_high_168h,,
low,dist_low_168h,,
low,volume_z_168h,,
low,trades_z_168h,,
low,taker_buy_ratio_1h,,
low,taker_buy_ratio_24h,,
low,funding_last,,
low,funding_mean_24h,,
low,funding_std_168h,,
low,oi_chg_1h,,
low,oi_chg_24h,,
low,lsr_top_level,,
low,lsr_top_chg_24h,,
low,eth_ret_1h,,
low,eth_ret_24h,,
low,eth_ret_168h,,
low,btc_eth_ret_spread_24h,,
low,hour_sin,,
low,hour_cos,,
low,dow_sin,,
low,dow_cos,,
low,open,,
low,high,,
low,low,,
close,ret_1h,,
close,ret_3h,,
close,ret_6h,,
close,ret_12h,,
close,ret_24h,,
close,ret_48h,,
close,ret_96h,,
close,ret_168h,,
close,vol_6h,,
close,vol_24h,,
close,vol_96h,,
close,vol_168h,,
close,vol_ratio_6_96,,
close,rsi_14h,,
close,macd_hist_1h,,
close,bb_pctb_20h,,
close,bb_bw_20h,,
close,atr_pct_14h,,
close,dist_high_24h,,
close,dist_low_24h,,
close,dist_high_96h,,
close,dist_low_96h,,
close,dist_high_168h,,
close,dist_low_168h,,
close,volume_z_168h,,
close,trades_z_168h,,
close,taker_buy_ratio_1h,,
close,taker_buy_ratio_24h,,
close,funding_last,,
close,funding_mean_24h,,
close,funding_std_168h,,
close,oi_chg_1h,,
close,oi_chg_24h,,
close,lsr_top_level,,
close,lsr_top_chg_24h,,
close,eth_ret_1h,,
close,eth_ret_24h,,
close,eth_ret_168h,,
close,btc_eth_ret_spread_24h,,
close,hour_sin,,
close,hour_cos,,
close,dow_sin,,
close,dow_cos,,
close,open,,
close,high,,
close,low,,
close,close,,
volume,ret_1h,,
volume,ret_3h,,
volume,ret_6h,,
volume,ret_12h,,
volume,ret_24h,,
volume,ret_48h,,
volume,ret_96h,,
volume,ret_168h,,
volume,vol_6h,,
volume,vol_24h,,
volume,vol_96h,,
volume,vol_168h,,
volume,vol_ratio_6_96,,
volume,rsi_14h,,
volume,macd_hist_1h,,
volume,bb_pctb_20h,,
volume,bb_bw_20h,,
volume,atr_pct_14h,,
volume,dist_high_24h,,
volume,dist_low_24h,,
volume,dist_high_96h,,
volume,dist_low_96h,,
volume,dist_high_168h,,
volume,dist_low_168h,,
volume,volume_z_168h,,
volume,trades_z_168h,,
volume,taker_buy_ratio_1h,,
volume,taker_buy_ratio_24h,,
volume,funding_last,,
volume,funding_mean_24h,,
volume,funding_std_168h,,
volume,oi_chg_1h,,
volume,oi_chg_24h,,
volume,lsr_top_level,,
volume,lsr_top_chg_24h,,
volume,eth_ret_1h,,
volume,eth_ret_24h,,
volume,eth_ret_168h,,
volume,btc_eth_ret_spread_24h,,
volume,hour_sin,,
volume,hour_cos,,
volume,dow_sin,,
volume,dow_cos,,
volume,open,,
volume,high,,
volume,low,,
volume,close,,
volume,volume,,
