feature_a,feature_b,spearman_correlation,abs_spearman_correlation
smart_money_flow,oi_change_rate,1.0,1.0
funding_z_score,ou_funding_z,0.9999922157370956,0.9999922157370956
high,close,0.9999711621500116,0.9999711621500116
low,close,0.9999690591833609,0.9999690591833609
open,high,0.9999674205223839,0.9999674205223839
open,low,0.9999649594317221,0.9999649594317221
open,close,0.9999453817018846,0.9999453817018846
high,low,0.9999420912044152,0.9999420912044152
sweep_prev_low_reclaim,failed_breakout_down,0.9998534976037987,0.9998534976037987
evt_tail_flag,evt_excess_z,0.9997884043480108,0.9997884043480108
sweep_prev_high_reclaim,failed_breakout_up,0.9997763611675231,0.9997763611675231
btc_ret_3,btc_impulse_x_eth_beta,0.9992137803700775,0.9992137803700775
garman_klass_vol,rogers_satchell_vol,0.9967095764949193,0.9967095764949193
garman_klass_vol,parkinson_vol,0.9948116909663187,0.9948116909663187
rogers_satchell_vol,parkinson_vol,0.9850426620766062,0.9850426620766062
log_return,jump_z,0.983252810295211,0.983252810295211
volatility_z,atr_pct_rank_288,0.9824309549661479,0.9824309549661479
log_return,funding_oi_divergence,-0.9772883854664298,0.9772883854664298
volume_btc,quote_volume_btc,0.9685214887634739,0.9685214887634739
last_funding_rate,squeeze_power,0.966767169380357,0.966767169380357
quote_volume,taker_buy_quote,0.9664260307163658,0.9664260307163658
funding_oi_divergence,jump_z,-0.9614816181771075,0.9614816181771075
volume,taker_buy_base,0.9604265972584461,0.9604265972584461
volume_profile_signal,vwap_dist_288,-0.957499414145667,0.957499414145667
btc_ret_1,btc_ret_z_48,0.9545875081641534,0.9545875081641534
hma_slope,kalman_velocity,0.9497818984576901,0.9497818984576901
fibonacci_level,vwap_dist_288,0.946850987701578,0.946850987701578
cvp_volume_imbalance,breakout_strength,0.9465369734406162,0.9465369734406162
mean_reversion_z,fibonacci_level,-0.9449906645965214,0.9449906645965214
last_funding_rate,long_squeeze_risk,0.9402615392342566,0.9402615392342566
mean_reversion_z,vwap_dist_288,-0.9391355686854113,0.9391355686854113
mean_reversion_z,volume_profile_signal,0.9364742574147414,0.9364742574147414
quote_volume,trades,0.9281625697836967,0.9281625697836967
volume_profile_signal,fibonacci_level,-0.9243280664180881,0.9243280664180881
taker_buy_base,taker_buy_quote,0.9241222965881676,0.9241222965881676
anchored_vwap_session_dist,distance_to_day_high_low_pct,0.9227255345968302,0.9227255345968302
rsi,mtf_trend_4h,0.9198032152558084,0.9198032152558084
volume,quote_volume,0.9193209557010347,0.9193209557010347
sum_open_interest_value,close_btc,0.9178503155261906,0.9178503155261906
mtf_trend_4h,vwap_dist_96,0.9164412129705471,0.9164412129705471
mtf_trend_1h,vwap_dist_24,0.9142266072497542,0.9142266072497542
volume,trades,0.9134101563664239,0.9134101563664239
squeeze_power,long_squeeze_risk,0.911416814248008,0.911416814248008
rsi,vwap_dist_24,0.9092120829494197,0.9092120829494197
eth_btc_ratio_change,eth_btc_beta_residual_z,0.9036215264160292,0.9036215264160292
trades,taker_buy_quote,0.901218025771394,0.901218025771394
bb_width_pct_rank_288,compression_score,-0.8930595527654852,0.8930595527654852
mtf_trend_1h,kalman_velocity,0.8927488171046559,0.8927488171046559
cvp_volume_imbalance,mean_reversion_z,-0.8926098058029881,0.8926098058029881
volume,taker_buy_quote,0.8899872344577548,0.8899872344577548
atr_pct_rank_288,compression_score,-0.8868904160352539,0.8868904160352539
rsi,mtf_trend_1h,0.8842449661914995,0.8842449661914995
quote_volume,taker_buy_base,0.8825174662988303,0.8825174662988303
trades,taker_buy_base,0.8811629837466513,0.8811629837466513
realized_vol_ratio,garch_vol_z,0.8794978636851871,0.8794978636851871
volatility_z,compression_score,-0.8775080931128217,0.8775080931128217
bb_width_z,bb_width_pct_rank_288,0.8773259868395933,0.8773259868395933
cvd_48,cvd_breakout_z,0.873560846100229,0.873560846100229
price_cvd_divergence,vwap_dist_96,0.8663700701817617,0.8663700701817617
breakout_strength,vwap_dist_96,0.8663197669152197,0.8663197669152197
cvp_volume_imbalance,fibonacci_level,0.8648551981576752,0.8648551981576752
kalman_velocity,vwap_dist_24,0.8569075013573776,0.8569075013573776
volatility_z,garch_vol_z,0.8556051108959666,0.8556051108959666
cvp_volume_imbalance,volume_profile_signal,-0.8526131822465111,0.8526131822465111
cvp_volume_imbalance,vwap_dist_288,0.8521285595093433,0.8521285595093433
atr_pct_rank_288,garch_vol_z,0.8521272444573628,0.8521272444573628
macd_hist,kalman_velocity,0.8507492913276256,0.8507492913276256
cvp_volume_imbalance,vwap_dist_96,0.8463121519748517,0.8463121519748517
hurst_48,regime_trending,0.8439213884044185,0.8439213884044185
breakout_strength,distance_to_day_high_low_pct,0.8431522345055386,0.8431522345055386
vwap_dist_96,anchored_vwap_session_dist,0.8420774919011732,0.8420774919011732
breakout_strength,anchored_vwap_session_dist,0.8386871773729706,0.8386871773729706
cvp_volume_imbalance,anchored_vwap_session_dist,0.8367362179313491,0.8367362179313491
mean_reversion_z,breakout_strength,-0.834084185438146,0.834084185438146
log_return,compression_release_down,-0.8339107981436187,0.8339107981436187
log_return,compression_release_up,0.8331601628839632,0.8331601628839632
turtle_signal,mean_reversion_z,-0.8327861696628964,0.8327861696628964
compression_release_down,jump_z,-0.8315178852744411,0.8315178852744411
compression_release_up,jump_z,0.830433090011272,0.830433090011272
breakout_strength,regime_persistence,0.8277774248884708,0.8277774248884708
wick_ratio,amihud_illiquidity_z,-0.8275230654708357,0.8275230654708357
cvp_volume_imbalance,distance_to_day_high_low_pct,0.8260521014919499,0.8260521014919499
mtf_trend_4h,price_cvd_divergence,0.8237583302600122,0.8237583302600122
quote_volume_btc,btc_volume_impulse_z,0.8237388633458131,0.8237388633458131
hma_slope,mtf_trend_1h,0.8195855370746278,0.8195855370746278
volume_btc,btc_volume_impulse_z,0.8175200842908005,0.8175200842908005
breakout_strength,fibonacci_level,0.8173246459555812,0.8173246459555812
bb_width,parkinson_vol,0.815013108044764,0.815013108044764
compression_release_down,funding_oi_divergence,0.814851583460647,0.814851583460647
compression_release_up,funding_oi_divergence,-0.813883913918836,0.813883913918836
compression_score,garch_vol_z,-0.8129259992845443,0.8129259992845443
sum_open_interest_value,sum_toptrader_long_short_ratio,0.8073672480048527,0.8073672480048527
rsi,kalman_velocity,0.8053760781030916,0.8053760781030916
vwap_dist_96,distance_to_day_high_low_pct,0.8011778632945277,0.8011778632945277
cvp_poc_dist,cvp_volume_imbalance,0.8010243515155038,0.8010243515155038
jump_flag,evt_excess_z,0.7980991677390883,0.7980991677390883
breakout_strength,volume_profile_signal,-0.79803958685317,0.79803958685317
cvp_volume_imbalance,regime_persistence,0.7977953196051522,0.7977953196051522
log_return,eth_btc_ratio_change,0.7970894987914326,0.7970894987914326
bb_width,garman_klass_vol,0.7966098632679625,0.7966098632679625
breakout_strength,vwap_dist_288,0.7956606861898509,0.7956606861898509
price_cvd_divergence,eth_btc_ret_spread_48,0.7947928700433723,0.7947928700433723
macd_hist,hma_slope,0.7947755242647,0.7947755242647
mtf_trend_4h,cvp_volume_imbalance,0.7945834983540517,0.7945834983540517
turtle_signal,fibonacci_level,0.7937415095752695,0.7937415095752695
compression_release_up,compression_release_down,-0.7931691389864873,0.7931691389864873
turtle_signal,volume_profile_signal,-0.7930947554700427,0.7930947554700427
turtle_signal,vwap_dist_288,0.7925961368989535,0.7925961368989535
jump_flag,evt_tail_flag,0.791993260444822,0.791993260444822
mtf_trend_4h,vwap_dist_24,0.7919405688416027,0.7919405688416027
mtf_trend_4h,breakout_strength,0.7909198159014975,0.7909198159014975
taker_acceleration,ofi_acceleration,0.7877343343920122,0.7877343343920122
mtf_trend_4h,anchored_vwap_session_dist,0.78496817809542,0.78496817809542
eth_btc_ratio_change,jump_z,0.7841087418613257,0.7841087418613257
mean_reversion_z,anchored_vwap_session_dist,-0.780817844203749,0.780817844203749
eth_btc_ratio_change,funding_oi_divergence,-0.7805199889054409,0.7805199889054409
bb_width,rogers_satchell_vol,0.7803974370435146,0.7803974370435146
realized_vol_ratio,atr_pct_rank_288,0.7784033369424395,0.7784033369424395
volatility_z,realized_vol_ratio,0.7773851999449417,0.7773851999449417
mtf_trend_4h,distance_to_day_high_low_pct,0.7771257946767542,0.7771257946767542
bb_width,bb_width_pct_rank_288,0.7740073525068094,0.7740073525068094
count_long_short_ratio,whale_retail_ratio,-0.7671126074967088,0.7671126074967088
cvp_poc_dist,breakout_strength,0.7651533667090672,0.7651533667090672
last_funding_rate,short_squeeze_risk,-0.7579257067829003,0.7579257067829003
volume_profile_signal,anchored_vwap_session_dist,-0.7557518740954308,0.7557518740954308
rsi,vwap_dist_96,0.754721239107531,0.754721239107531
vwap_dist_288,anchored_vwap_session_dist,0.7533424691545393,0.7533424691545393
sum_toptrader_long_short_ratio,close_btc,0.7528148842526211,0.7528148842526211
low,sum_open_interest_value,0.7511130101407595,0.7511130101407595
open,sum_open_interest_value,0.7509830251225719,0.7509830251225719
close,sum_open_interest_value,0.7509464600553907,0.7509464600553907
high,sum_open_interest_value,0.7508094547116586,0.7508094547116586
cvp_volume_imbalance,turtle_signal,0.7504328011463627,0.7504328011463627
squeeze_power,short_squeeze_risk,-0.7490350897962319,0.7490350897962319
amihud_illiquidity_z,liquidity_vacuum,0.747435939198364,0.747435939198364
fibonacci_level,anchored_vwap_session_dist,0.7472475583231092,0.7472475583231092
mtf_trend_1h,mtf_trend_4h,0.7440683217977562,0.7440683217977562
mean_reversion_z,distance_to_day_high_low_pct,-0.7408739784106859,0.7408739784106859
realized_vol_ratio,compression_score,-0.7402745221573683,0.7402745221573683
log_return,btc_ret_1,0.7388689178593936,0.7388689178593936
macd_hist,vwap_dist_24,0.736183331120892,0.736183331120892
bb_width_z,compression_score,-0.7346021814260242,0.7346021814260242
mean_reversion_z,regime_persistence,-0.7339844631114959,0.7339844631114959
btc_ret_1,jump_z,0.7338963945136884,0.7338963945136884
fibonacci_level,distance_to_day_high_low_pct,0.7325363621284704,0.7325363621284704
breakout_strength,price_cvd_divergence,0.7319484998512072,0.7319484998512072
cvp_volume_imbalance,price_cvd_divergence,0.7295983295589522,0.7295983295589522
trade_intensity,big_trade_ratio,-0.7278605260713299,0.7278605260713299
last_funding_rate,funding_pressure,0.7272678532483864,0.7272678532483864
btc_ret_z_48,jump_z,0.7265401003785102,0.7265401003785102
btc_ret_1,funding_oi_divergence,-0.7236046700466174,0.7236046700466174
macd_hist,mtf_trend_1h,0.7226871210239795,0.7226871210239795
mean_reversion_z,vwap_dist_96,-0.7221102708282532,0.7221102708282532
cvp_poc_dist,vwap_dist_96,0.7209106246364464,0.7209106246364464
price_cvd_divergence,anchored_vwap_session_dist,0.7206795003088765,0.7206795003088765
log_return,btc_ret_z_48,0.71854535956178,0.71854535956178
funding_roc_288,funding_z_score,0.7169667560487112,0.7169667560487112
funding_roc_288,ou_funding_z,0.7169364466140039,0.7169364466140039
eth_btc_ret_spread_12,vwap_dist_24,0.7164110493644376,0.7164110493644376
eth_btc_ret_spread_48,vwap_dist_96,0.7124745574268486,0.7124745574268486
hma_slope,vwap_dist_24,0.7104169953951291,0.7104169953951291
funding_price_divergence,vwap_dist_24,0.7072946412082292,0.7072946412082292
btc_ret_z_48,funding_oi_divergence,-0.7041362536057875,0.7041362536057875
rsi,funding_price_divergence,0.7035927459379073,0.7035927459379073
anchored_vwap_session_dist,regime_persistence,0.7034458905083909,0.7034458905083909
quote_volume,quote_volume_btc,0.702760767282281,0.702760767282281
low,sum_toptrader_long_short_ratio,0.7011438682883642,0.7011438682883642
vwap_dist_288,regime_persistence,0.7009452818994382,0.7009452818994382
open,sum_toptrader_long_short_ratio,0.7009288396756951,0.7009288396756951
close,sum_toptrader_long_short_ratio,0.7009074761500668,0.7009074761500668
fibonacci_level,regime_persistence,0.7008676647840757,0.7008676647840757
high,sum_toptrader_long_short_ratio,0.7006677353767593,0.7006677353767593
rsi,distance_to_day_high_low_pct,0.7002558533133247,0.7002558533133247
volume_profile_signal,regime_persistence,-0.6999490694847873,0.6999490694847873
bb_width_pct_rank_288,garch_vol_z,0.6997721098741908,0.6997721098741908
squeeze_power,funding_pressure,0.6994442038479016,0.6994442038479016
vwap_dist_96,regime_persistence,0.6993694664476422,0.6993694664476422
funding_price_divergence,kalman_velocity,0.6991045454545736,0.6991045454545736
volume_profile_signal,distance_to_day_high_low_pct,-0.6990885149386198,0.6990885149386198
kalman_velocity,eth_btc_ret_spread_12,0.6974017022427418,0.6974017022427418
bb_width,compression_score,-0.6945507001667861,0.6945507001667861
trades,quote_volume_btc,0.6936109289895076,0.6936109289895076
bb_width_pct_rank_288,atr_pct_rank_288,0.6933020303244835,0.6933020303244835
volume_profile_signal,vwap_dist_96,-0.6929916763845939,0.6929916763845939
net_taker_ratio,taker_acceleration,0.6917572924838779,0.6917572924838779
volatility_z,bb_width_pct_rank_288,0.6915690715256726,0.6915690715256726
turtle_signal,breakout_strength,0.690298685466119,0.690298685466119
volume,quote_volume_btc,0.687277628455961,0.687277628455961
vwap_dist_288,distance_to_day_high_low_pct,0.6865529544492447,0.6865529544492447
taker_buy_quote,quote_volume_btc,0.6864606730774299,0.6864606730774299
mtf_trend_4h,eth_btc_ret_spread_48,0.6844956303330556,0.6844956303330556
bb_width,bb_width_z,0.6837371599100491,0.6837371599100491
price_cvd_divergence,distance_to_day_high_low_pct,0.6822274666434713,0.6822274666434713
fibonacci_level,vwap_dist_96,0.6815144227946854,0.6815144227946854
vwap_dist_96,vwap_dist_288,0.6800597520832614,0.6800597520832614
mtf_trend_1h,funding_price_divergence,0.6759112540570218,0.6759112540570218
rsi,eth_btc_ret_spread_12,0.6758823814762892,0.6758823814762892
mtf_trend_1h,eth_btc_ret_spread_12,0.6726901947438234,0.6726901947438234
rsi,sig_trend_health,0.6723114840633088,0.6723114840633088
rsi,hma_slope,0.6705857014438259,0.6705857014438259
rsi,cvp_volume_imbalance,0.6703940517417194,0.6703940517417194
mtf_trend_4h,mean_reversion_z,-0.6693062360877892,0.6693062360877892
distance_to_day_high_low_pct,regime_persistence,0.6682227478116028,0.6682227478116028
taker_buy_base,quote_volume_btc,0.667597492965631,0.667597492965631
long_squeeze_risk,short_squeeze_risk,-0.6652278229071568,0.6652278229071568
eth_btc_ratio_change,compression_release_down,-0.6644671292703777,0.6644671292703777
eth_btc_ratio_change,compression_release_up,0.6642891968158255,0.6642891968158255
rsi,breakout_strength,0.6636156275612854,0.6636156275612854
mtf_trend_4h,kalman_velocity,0.6634678062612647,0.6634678062612647
cvp_poc_dist,mean_reversion_z,-0.6613682868740822,0.6613682868740822
mtf_trend_4h,sig_trend_health,0.6607903236837108,0.6607903236837108
trades,parkinson_vol,0.6585524260903826,0.6585524260903826
hma_slope,btc_ret_6,0.6584496398702386,0.6584496398702386
mtf_trend_4h,cvp_poc_dist,0.657294964447357,0.657294964447357
long_squeeze_risk,funding_pressure,0.6562326736898718,0.6562326736898718
rsi,price_cvd_divergence,0.6555204661328076,0.6555204661328076
cvp_poc_dist,anchored_vwap_session_dist,0.653985031039158,0.653985031039158
trades,garman_klass_vol,0.6538900072633748,0.6538900072633748
btc_ret_12,vwap_dist_24,0.6537970916143249,0.6537970916143249
volume,volume_btc,0.6513161560000377,0.6513161560000377
funding_price_divergence,eth_btc_ret_spread_12,0.6512658156393245,0.6512658156393245
kalman_velocity,btc_ret_12,0.65067681541209,0.65067681541209
trades,rogers_satchell_vol,0.6469672686094932,0.6469672686094932
cvp_poc_dist,fibonacci_level,0.6465470060524444,0.6465470060524444
kalman_velocity,btc_ret_6,0.6437578794837931,0.6437578794837931
mtf_trend_1h,btc_ret_6,0.6429696042841462,0.6429696042841462
low,close_btc,0.6427376666309396,0.6427376666309396
cvp_poc_dist,regime_persistence,0.6427043218867748,0.6427043218867748
close,close_btc,0.642524376221923,0.642524376221923
open,close_btc,0.6425089052471312,0.6425089052471312
high,close_btc,0.6422809471419745,0.6422809471419745
rsi,anchored_vwap_session_dist,0.6421994218116268,0.6421994218116268
macd_hist,eth_btc_ret_spread_12,0.6416026109995905,0.6416026109995905
rsi,fvg_dist,0.6411256985837468,0.6411256985837468
cvp_poc_dist,distance_to_day_high_low_pct,0.6407593750563062,0.6407593750563062
mtf_trend_4h,volume_profile_signal,-0.6385836324138616,0.6385836324138616
oi_up_price_down,crowded_long_unwind_risk,0.6383009593409373,0.6383009593409373
cvp_poc_dist,vwap_dist_288,0.6369846157907304,0.6369846157907304
cvp_poc_dist,volume_profile_signal,-0.6362788679225346,0.6362788679225346
btc_ret_3,btc_ret_6,0.6359523982268509,0.6359523982268509
btc_ret_6,btc_impulse_x_eth_beta,0.6358335784811909,0.6358335784811909
net_taker_ratio,jump_z,0.6352090648323264,0.6352090648323264
macd_hist,funding_price_divergence,0.6348906890499028,0.6348906890499028
log_return,cross_scale_curvature,-0.6341212081783882,0.6341212081783882
taker_buy_base,volume_btc,0.6337873559090095,0.6337873559090095
funding_z_score,crowding_pressure,0.6337638945044677,0.6337638945044677
ou_funding_z,crowding_pressure,0.633665392627541,0.633665392627541
mean_reversion_z,price_cvd_divergence,-0.6335949271435859,0.6335949271435859
btc_ret_6,btc_ret_12,0.6329986680317496,0.6329986680317496
turtle_signal,anchored_vwap_session_dist,0.630048850529522,0.630048850529522
jump_z,cross_scale_curvature,-0.6298143980696624,0.6298143980696624
net_taker_ratio,ofi_acceleration,0.6296012324159671,0.6296012324159671
turtle_signal,regime_persistence,0.6289015857184317,0.6289015857184317
rsi,btc_ret_12,0.6283892182724246,0.6283892182724246
realized_vol_ratio,bb_width_pct_rank_288,0.6281022028698623,0.6281022028698623
mtf_trend_1h,btc_ret_12,0.6264866708700197,0.6264866708700197
mtf_trend_4h,fibonacci_level,0.6262021662575011,0.6262021662575011
volume,big_trade_ratio,0.6252522413916276,0.6252522413916276
net_taker_ratio,log_return,0.622487738755178,0.622487738755178
btc_ret_z_48,compression_release_down,-0.622153154480645,0.622153154480645
funding_oi_divergence,cross_scale_curvature,0.6209830211753291,0.6209830211753291
cvp_poc_dist,price_cvd_divergence,0.6189574810471897,0.6189574810471897
quote_volume,parkinson_vol,0.6173146081215087,0.6173146081215087
oi_up_price_up,crowded_short_squeeze_risk,0.6140097357393509,0.6140097357393509
hour_cos,session_europe,-0.6128057689403067,0.6128057689403067
mtf_trend_4h,vwap_dist_288,0.6125878588753207,0.6125878588753207
quote_volume,volume_btc,0.6120657798700953,0.6120657798700953
trades,bb_width,0.6108082470296053,0.6108082470296053
quote_volume,garman_klass_vol,0.6107554145766477,0.6107554145766477
btc_ret_z_48,compression_release_up,0.6105576600412179,0.6105576600412179
net_taker_ratio,funding_oi_divergence,-0.6104778957395558,0.6104778957395558
volatility_z,parkinson_vol,0.6099504672747416,0.6099504672747416
taker_buy_quote,parkinson_vol,0.6081603885719438,0.6081603885719438
volume_profile_signal,price_cvd_divergence,-0.6071159661744241,0.6071159661744241
quote_volume_btc,parkinson_vol,0.6063250578553858,0.6063250578553858
btc_ret_1,compression_release_down,-0.6061744024303237,0.6061744024303237
trades,volume_btc,0.605950615450122,0.605950615450122
mtf_trend_1h,fvg_dist,0.6052806086327032,0.6052806086327032
funding_price_divergence,btc_ret_12,0.6048094745505767,0.6048094745505767
quote_volume_btc,garman_klass_vol,0.6045593504435749,0.6045593504435749
parkinson_vol,atr_pct_rank_288,0.6042317670761119,0.6042317670761119
volatility_z,garman_klass_vol,0.6036086439953453,0.6036086439953453
quote_volume,rogers_satchell_vol,0.6030981243856068,0.6030981243856068
cvp_volume_imbalance,eth_btc_ret_spread_48,0.6028531524826553,0.6028531524826553
taker_buy_quote,garman_klass_vol,0.6020769745557619,0.6020769745557619
mtf_trend_4h,regime_persistence,0.601753891649503,0.601753891649503
wick_ratio,lower_wick_z,0.6013001791575303,0.6013001791575303
breakout_strength,eth_btc_ret_spread_48,0.6009069000213084,0.6009069000213084
btc_ret_1,compression_release_up,0.6003372021127572,0.6003372021127572
taker_buy_quote,volume_btc,0.5994277316671012,0.5994277316671012
fvg_dist,vwap_dist_24,0.5991291938013303,0.5991291938013303
quote_volume_btc,rogers_satchell_vol,0.5991044425523895,0.5991044425523895
vwap_dist_24,sig_trend_health,0.5978523894715543,0.5978523894715543
garman_klass_vol,atr_pct_rank_288,0.5975712030133115,0.5975712030133115
volatility_z,rogers_satchell_vol,0.5972739857829096,0.5972739857829096
hma_slope,funding_price_divergence,0.5971307910070148,0.5971307910070148
volume,parkinson_vol,0.5968082450208911,0.5968082450208911
mtf_trend_1h,btc_lead_eth_follow_gap_3,-0.5962058827715998,0.5962058827715998
quote_volume,bb_width,0.5953530390075424,0.5953530390075424
taker_buy_quote,rogers_satchell_vol,0.594801731533537,0.594801731533537
wick_ratio,upper_wick_z,0.593020662282646,0.593020662282646
volume,garman_klass_vol,0.5924051684479301,0.5924051684479301
volume_btc,parkinson_vol,0.5923462645556796,0.5923462645556796
eth_btc_ret_spread_48,anchored_vwap_session_dist,0.5919921739631365,0.5919921739631365
price_cvd_divergence,regime_persistence,0.5919904913889246,0.5919904913889246
taker_buy_base,big_trade_ratio,0.5918667545743955,0.5918667545743955
volume_btc,garman_klass_vol,0.5917879096552802,0.5917879096552802
rogers_satchell_vol,atr_pct_rank_288,0.5911647107745179,0.5911647107745179
mtf_trend_4h,fvg_dist,0.5909200520026962,0.5909200520026962
mtf_trend_4h,funding_price_divergence,0.590585502587483,0.590585502587483
hma_slope,eth_btc_ret_spread_12,0.5892754432508439,0.5892754432508439
turtle_signal,distance_to_day_high_low_pct,0.5879010094793276,0.5879010094793276
volume_btc,rogers_satchell_vol,0.587144736118804,0.587144736118804
volume,rogers_satchell_vol,0.5863532117646392,0.5863532117646392
taker_buy_quote,bb_width,0.5860425757296336,0.5860425757296336
eth_btc_beta_residual_z,jump_z,0.5859896012259171,0.5859896012259171
volume,btc_volume_impulse_z,0.5854306144232516,0.5854306144232516
taker_buy_base,parkinson_vol,0.5852161173562156,0.5852161173562156
mtf_trend_4h,eth_btc_ret_spread_12,0.5845825766234193,0.5845825766234193
price_cvd_divergence,vwap_dist_288,0.5835753715777038,0.5835753715777038
vwap_dist_24,vwap_dist_96,0.5835230202161225,0.5835230202161225
funding_roc_48,ou_funding_z,0.5818638997095061,0.5818638997095061
funding_roc_48,funding_z_score,0.5818569036686693,0.5818569036686693
quote_volume,big_trade_ratio,0.5815375820654815,0.5815375820654815
taker_buy_base,garman_klass_vol,0.5812385112417993,0.5812385112417993
fibonacci_level,price_cvd_divergence,0.5803192984508946,0.5803192984508946
bb_width_z,chop_index,-0.5786928899836261,0.5786928899836261
macd_hist,btc_ret_12,0.5765620529649613,0.5765620529649613
log_return,eth_btc_beta_residual_z,0.5764598219367708,0.5764598219367708
volume,bb_width,0.5756165521232848,0.5756165521232848
taker_buy_base,rogers_satchell_vol,0.5755492485333822,0.5755492485333822
rsi,macd_hist,0.5742383002292207,0.5742383002292207
chop_index,bb_width_pct_rank_288,-0.572031736044429,0.572031736044429
net_taker_ratio,compression_release_down,-0.569349585578567,0.569349585578567
taker_buy_base,btc_volume_impulse_z,0.5688798007726533,0.5688798007726533
eth_btc_ret_spread_48,distance_to_day_high_low_pct,0.5668237269656227,0.5668237269656227
eth_btc_beta_residual_z,funding_oi_divergence,-0.5651647114194314,0.5651647114194314
taker_buy_base,bb_width,0.563904289676451,0.563904289676451
net_taker_ratio,compression_release_up,0.563366464158781,0.563366464158781
bb_width_z,garch_vol_z,0.5618926070642057,0.5618926070642057
vwap_dist_24,distance_to_day_high_low_pct,0.5615663577968844,0.5615663577968844
rsi,eth_btc_ret_spread_48,0.5611816094719717,0.5611816094719717
btc_volume_impulse_z,atr_pct_rank_288,0.5588916361856777,0.5588916361856777
fvg_dist,kalman_velocity,0.5580608665097885,0.5580608665097885
kalman_velocity,cvd_12,0.55745880794444,0.55745880794444
cvp_poc_dist,turtle_signal,0.5569333793084236,0.5569333793084236
parkinson_vol,compression_score,-0.5560745482090756,0.5560745482090756
funding_price_divergence,cvd_12,0.5553547443717415,0.5553547443717415
taker_buy_quote,big_trade_ratio,0.5546381428512606,0.5546381428512606
mtf_trend_1h,btc_impulse_x_eth_beta,0.5538329938139004,0.5538329938139004
bb_width,garch_vol_z,0.5526046989857845,0.5526046989857845
mtf_trend_1h,btc_ret_3,0.5522054584610432,0.5522054584610432
hma_slope,btc_ret_12,0.5519680520214453,0.5519680520214453
volatility_z,btc_volume_impulse_z,0.551653821298195,0.551653821298195
rsi,cvp_poc_dist,0.5506107481434206,0.5506107481434206
mtf_trend_4h,btc_ret_12,0.5503256510557907,0.5503256510557907
volatility_z,bb_width,0.5496979379627768,0.5496979379627768
bb_width,atr_pct_rank_288,0.5486732896469854,0.5486732896469854
count_long_short_ratio,dual_momentum,-0.547266959429538,0.547266959429538
btc_ret_6,vwap_dist_24,0.5458019597815565,0.5458019597815565
quote_volume,btc_volume_impulse_z,0.5453307388690863,0.5453307388690863
turtle_signal,vwap_dist_96,0.5453086725929864,0.5453086725929864
whale_retail_ratio,funding_pressure,0.5440195245654253,0.5440195245654253
vwap_dist_96,sig_trend_health,0.5435619899800298,0.5435619899800298
macd_hist,cvd_12,0.543287995427747,0.543287995427747
cvd_12,vwap_dist_24,0.5426245667401266,0.5426245667401266
mtf_trend_1h,vwap_dist_96,0.5423770322733005,0.5423770322733005
garman_klass_vol,compression_score,-0.5422649115502116,0.5422649115502116
parkinson_vol,garch_vol_z,0.5422251678433648,0.5422251678433648
rsi,cvd_12,0.5412232997559955,0.5412232997559955
quote_volume_btc,bb_width,0.5411374347784121,0.5411374347784121
mtf_trend_1h,distance_to_day_high_low_pct,0.539542024429156,0.539542024429156
hour_sin,session_us,-0.5393453718145405,0.5393453718145405
trades,btc_volume_impulse_z,0.5387875747276946,0.5387875747276946
low,whale_retail_ratio,0.5387474364367665,0.5387474364367665
close,whale_retail_ratio,0.5382885203988299,0.5382885203988299
open,whale_retail_ratio,0.5382675262453813,0.5382675262453813
high,whale_retail_ratio,0.53781422891923,0.53781422891923
taker_acceleration,cvd_slope_12,0.5372191052977431,0.5372191052977431
whale_retail_ratio,dual_momentum,0.5352587233056952,0.5352587233056952
taker_buy_quote,btc_volume_impulse_z,0.5334073823069774,0.5334073823069774
whale_retail_ratio,squeeze_power,0.532319434830009,0.532319434830009
rogers_satchell_vol,compression_score,-0.5318861936769106,0.5318861936769106
smart_money_flow,oi_up_price_down,0.5310854962450972,0.5310854962450972
oi_change_rate,oi_up_price_down,0.5310854962450972,0.5310854962450972
compression_release_down,cross_scale_curvature,0.5306982272895484,0.5306982272895484
rsi,btc_ret_6,0.5287708557519303,0.5287708557519303
compression_release_up,cross_scale_curvature,-0.5273589986480115,0.5273589986480115
btc_volume_impulse_z,compression_score,-0.5269192918514956,0.5269192918514956
sum_open_interest_value,whale_retail_ratio,0.5251813158486195,0.5251813158486195
smart_money_flow,oi_up_price_up,0.5247756239598554,0.5247756239598554
oi_change_rate,oi_up_price_up,0.5247756239598554,0.5247756239598554
volume_btc,bb_width,0.5242415826602138,0.5242415826602138
cvd_12,btc_ret_12,0.5221984046694146,0.5221984046694146
mean_reversion_z,eth_btc_ret_spread_48,-0.5216289644578574,0.5216289644578574
hma_slope,mtf_trend_4h,0.5185001162911075,0.5185001162911075
compression_release_up,oi_up_price_up,0.5175269825433213,0.5175269825433213
rsi,mean_reversion_z,-0.5174787542918854,0.5174787542918854
cvp_poc_dist,eth_btc_ret_spread_48,0.5169759774868827,0.5169759774868827
eth_btc_ratio_change,btc_lead_eth_follow_gap_3,-0.5158374891214009,0.5158374891214009
short_squeeze_risk,funding_pressure,-0.5146088561494623,0.5146088561494623
sum_toptrader_long_short_ratio,whale_retail_ratio,0.514459258717946,0.514459258717946
compression_release_down,oi_up_price_down,0.514378275846311,0.514378275846311
mtf_trend_4h,cvd_48,0.514023664295264,0.514023664295264
eth_btc_ratio_change,cross_scale_curvature,-0.5131526082027917,0.5131526082027917
last_funding_rate,funding_roc_288,0.5121969109293542,0.5121969109293542
mtf_trend_1h,cvd_12,0.5121388398173397,0.5121388398173397
bb_width_z,realized_vol_ratio,0.5120278409235003,0.5120278409235003
cvd_48,vwap_dist_96,0.5118464813113037,0.5118464813113037
macd_hist,btc_ret_6,0.5104955160739767,0.5104955160739767
volume,trade_intensity,-0.5103450565631585,0.5103450565631585
garman_klass_vol,garch_vol_z,0.5095049544327498,0.5095049544327498
fvg_dist,vwap_dist_96,0.5089476990825418,0.5089476990825418
squeeze_power,funding_roc_288,0.5087167433613315,0.5087167433613315
compression_release_down,oi_up_price_up,-0.5074224821325438,0.5074224821325438
log_return,oi_up_price_up,0.5073398614209143,0.5073398614209143
compression_release_up,oi_up_price_down,-0.5071597142194229,0.5071597142194229
log_return,oi_up_price_down,-0.5064853712097921,0.5064853712097921
btc_ret_1,btc_ret_3,0.5061667133327664,0.5061667133327664
btc_ret_1,btc_impulse_x_eth_beta,0.5060663590370204,0.5060663590370204
oi_up_price_up,jump_z,0.5055757295040042,0.5055757295040042
volume,atr_pct_rank_288,0.5039065739984524,0.5039065739984524
mtf_trend_1h,sig_trend_health,0.5037502532814814,0.5037502532814814
bb_width_z,atr_pct_rank_288,0.5033166429481577,0.5033166429481577
oi_up_price_down,jump_z,-0.5031085074488241,0.5031085074488241
breakout_strength,vwap_dist_24,0.49999677593132424,0.49999677593132424
net_taker_ratio,eth_btc_ratio_change,0.49942508806837205,0.49942508806837205
cvp_volume_imbalance,vwap_dist_24,0.4993740422791232,0.4993740422791232
cvd_12,eth_btc_ret_spread_12,0.4991403133113457,0.4991403133113457
eth_btc_beta_residual_z,compression_release_up,0.49807642595600454,0.49807642595600454
vwap_dist_24,anchored_vwap_session_dist,0.4980580649729144,0.4980580649729144
eth_btc_beta_residual_z,compression_release_down,-0.4966488341818177,0.4966488341818177
funding_roc_12,funding_roc_48,0.49589994692220934,0.49589994692220934
funding_roc_12,funding_price_divergence,-0.4954370505776767,0.4954370505776767
volume,volatility_z,0.4952222957067323,0.4952222957067323
volatility_z,bb_width_z,0.49467357296809866,0.49467357296809866
taker_buy_base,atr_pct_rank_288,0.4941201708256846,0.4941201708256846
realized_vol_ratio,parkinson_vol,0.49381637088433067,0.49381637088433067
rsi,fibonacci_level,0.493783013307372,0.493783013307372
volume,compression_score,-0.4934709378571382,0.4934709378571382
funding_oi_divergence,oi_up_price_down,0.49314479816433976,0.49314479816433976
volume_profile_signal,eth_btc_ret_spread_48,-0.49303615675123724,0.49303615675123724
trades,atr_pct_rank_288,0.4925515986624246,0.4925515986624246
amihud_illiquidity_z,lower_wick_z,-0.492188687171678,0.492188687171678
mtf_trend_4h,cvd_breakout_z,0.4921630968658664,0.4921630968658664
funding_oi_divergence,oi_up_price_up,-0.49189194741629294,0.49189194741629294
net_taker_ratio,btc_ret_z_48,0.4907378790940996,0.4907378790940996
btc_volume_impulse_z,garch_vol_z,0.49030620832595345,0.49030620832595345
hma_slope,fvg_dist,0.4893984697774991,0.4893984697774991
cvd_48,eth_btc_ret_spread_48,0.48938614930674956,0.48938614930674956
distance_to_day_high_low_pct,sig_trend_health,0.4892661512536578,0.4892661512536578
big_trade_ratio,liquidity_vacuum,-0.4888759555628076,0.4888759555628076
mean_reversion_z,cvd_288,-0.48852188975595184,0.48852188975595184
turtle_signal,price_cvd_divergence,0.48830560171150794,0.48830560171150794
bb_width,realized_vol_ratio,0.48828322178979544,0.48828322178979544
rogers_satchell_vol,garch_vol_z,0.48769149228789904,0.48769149228789904
wick_ratio,execution_quality,0.48744643581252345,0.48744643581252345
eth_btc_ret_spread_48,regime_persistence,0.48694405133808927,0.48694405133808927
trades,volatility_z,0.48643869608404977,0.48643869608404977
taker_buy_base,volatility_z,0.4862876136806208,0.4862876136806208
mtf_trend_1h,cvp_volume_imbalance,0.4861307995098981,0.4861307995098981
taker_buy_base,trade_intensity,-0.4858875378163012,0.4858875378163012
fvg_dist,distance_to_day_high_low_pct,0.4855738990818249,0.4855738990818249
rsi,volume_profile_signal,-0.48495497857670505,0.48495497857670505
last_funding_rate,whale_retail_ratio,0.4845054896903846,0.4845054896903846
taker_buy_base,compression_score,-0.484076852196414,0.484076852196414
cvd_288,vwap_dist_288,0.4836076035123098,0.4836076035123098
funding_roc_288,crowding_pressure,0.4835466342079856,0.4835466342079856
last_funding_rate,ou_funding_z,0.48260959294238476,0.48260959294238476
last_funding_rate,funding_z_score,0.4825763649723127,0.4825763649723127
btc_ret_1,cross_scale_curvature,-0.481713450418628,0.481713450418628
minute_cos,is_hour_open,0.4812177111736818,0.4812177111736818
amihud_illiquidity_z,upper_wick_z,-0.48058697460994637,0.48058697460994637
funding_roc_288,long_squeeze_risk,0.47986596444473006,0.47986596444473006
cvd_breakout_z,vwap_dist_96,0.4797520497771689,0.4797520497771689
btc_ret_z_48,btc_impulse_x_eth_beta,0.4792217106776576,0.4792217106776576
wick_ratio,liquidity_vacuum,-0.47895468858176327,0.47895468858176327
btc_ret_z_48,cross_scale_curvature,-0.47887404616662077,0.47887404616662077
btc_ret_3,btc_ret_z_48,0.4786566821557807,0.4786566821557807
cvp_volume_imbalance,sig_trend_health,0.47841779600897566,0.47841779600897566
fibonacci_level,eth_btc_ret_spread_48,0.47783682000986916,0.47783682000986916
net_taker_ratio,btc_ret_1,0.47769336995072836,0.47769336995072836
mtf_trend_1h,breakout_strength,0.4773896955676405,0.4773896955676405
eth_btc_ret_spread_48,vwap_dist_288,0.4773457074749275,0.4773457074749275
realized_vol_ratio,btc_volume_impulse_z,0.4755618280133358,0.4755618280133358
long_squeeze_risk,ou_funding_z,0.4750682212024534,0.4750682212024534
funding_z_score,long_squeeze_risk,0.4750410876510576,0.4750410876510576
trades,compression_score,-0.4745843914011578,0.4745843914011578
price_cvd_divergence,sig_trend_health,0.4742695345320302,0.4742695345320302
hma_slope,cvd_12,0.4725111528709527,0.4725111528709527
mtf_trend_1h,anchored_vwap_session_dist,0.47250296276369363,0.47250296276369363
eth_btc_beta_residual_z,btc_lead_eth_follow_gap_3,-0.4723448651495696,0.4723448651495696
kalman_velocity,distance_to_day_high_low_pct,0.47170617717596736,0.47170617717596736
squeeze_power,ou_funding_z,0.47105973904335563,0.47105973904335563
squeeze_power,funding_z_score,0.47100658601459555,0.47100658601459555
kalman_velocity,vwap_dist_96,0.4707755416290809,0.4707755416290809
log_return,mtf_trend_1h,0.4698893932603144,0.4698893932603144
cvd_breakout_z,eth_btc_ret_spread_48,0.46988473155568244,0.46988473155568244
cvp_volume_imbalance,cvd_48,0.46932328248383415,0.46932328248383415
fvg_dist,funding_price_divergence,0.4685658262431362,0.4685658262431362
fvg_dist,price_cvd_divergence,0.46830034287945993,0.46830034287945993
cvd_48,price_cvd_divergence,0.46823161513337747,0.46823161513337747
volume_profile_signal,cvd_288,-0.46752788359061975,0.46752788359061975
fibonacci_level,cvd_288,0.46635157820992756,0.46635157820992756
price_cvd_divergence,vwap_dist_24,0.4662525694879839,0.4662525694879839
mtf_trend_1h,jump_z,0.46601685735193144,0.46601685735193144
quote_volume,atr_pct_rank_288,0.4658519500024776,0.4658519500024776
fvg_dist,cvp_volume_imbalance,0.4655272104580955,0.4655272104580955
breakout_strength,sig_trend_health,0.46403044495922857,0.46403044495922857
fvg_dist,breakout_strength,0.46278843992835905,0.46278843992835905
mtf_trend_1h,funding_oi_divergence,-0.46267533100676855,0.46267533100676855
mtf_trend_4h,turtle_signal,0.4616431041538566,0.4616431041538566
price_cvd_divergence,cvd_breakout_z,0.4608473788266041,0.4608473788266041
parkinson_vol,bb_width_pct_rank_288,0.4599498383931409,0.4599498383931409
taker_buy_quote,atr_pct_rank_288,0.45991514651695103,0.45991514651695103
garman_klass_vol,realized_vol_ratio,0.4598183929134109,0.4598183929134109
quote_volume,volatility_z,0.45964888224171213,0.45964888224171213
quote_volume,compression_score,-0.4592853668491272,0.4592853668491272
rsi,regime_persistence,0.4583158529185021,0.4583158529185021
funding_roc_288,short_squeeze_risk,-0.4573714982760563,0.4573714982760563
bb_width,chop_index,-0.4570827758020783,0.4570827758020783
hma_slope,btc_lead_eth_follow_gap_3,-0.4566718106935739,0.4566718106935739
low,trade_intensity,0.4562912340580699,0.4562912340580699
long_squeeze_risk,funding_abs,0.4556364309115251,0.4556364309115251
close,trade_intensity,0.4549903513130476,0.4549903513130476
open,trade_intensity,0.45488502240073814,0.45488502240073814
anchored_vwap_session_dist,sig_trend_health,0.45452421973355184,0.45452421973355184
taker_buy_quote,volatility_z,0.4544585602534156,0.4544585602534156
quote_volume_btc,atr_pct_rank_288,0.4540143521313247,0.4540143521313247
high,trade_intensity,0.4536636678025241,0.4536636678025241
taker_buy_quote,compression_score,-0.45355301400077586,0.45355301400077586
big_trade_ratio,execution_quality,-0.4513854301861898,0.4513854301861898
volume,garch_vol_z,0.4511998198928489,0.4511998198928489
volume_btc,atr_pct_rank_288,0.4500074512970968,0.4500074512970968
big_trade_ratio,btc_eth_volume_rank_spread,-0.4498116695040033,0.4498116695040033
volume,liquidity_vacuum,-0.4488330684998904,0.4488330684998904
quote_volume_btc,volatility_z,0.44777591949926004,0.44777591949926004
cvd_48,anchored_vwap_session_dist,0.4477581460303863,0.4477581460303863
mean_reversion_z,crowding_pressure,-0.44699181335712035,0.44699181335712035
rsi,vwap_dist_288,0.44685030210166404,0.44685030210166404
rsi,cvd_breakout_z,0.4466445152652634,0.4466445152652634
fibonacci_level,crowding_pressure,0.44578187548918463,0.44578187548918463
taker_buy_base,garch_vol_z,0.4457387135101351,0.4457387135101351
cvp_volume_imbalance,crowding_pressure,0.445598786339744,0.445598786339744
ofi_acceleration,cvd_slope_12,0.44473308896458474,0.44473308896458474
btc_lead_eth_follow_gap_3,vwap_dist_24,-0.44439808515175105,0.44439808515175105
fvg_dist,eth_btc_ret_spread_12,0.44423247475443023,0.44423247475443023
mean_reversion_z,cvd_48,-0.44401593092313746,0.44401593092313746
volume_btc,volatility_z,0.4429071192955083,0.4429071192955083
breakout_strength,cvd_48,0.44272937871232554,0.44272937871232554
rsi,cvd_48,0.4426151851307559,0.4426151851307559
rsi,range_contraction_breakout_dir,0.4418453100098064,0.4418453100098064
btc_volume_impulse_z,bb_width_pct_rank_288,0.4390780525273559,0.4390780525273559
garman_klass_vol,bb_width_pct_rank_288,0.43876318597932434,0.43876318597932434
volume,bb_width_pct_rank_288,0.43826245529058977,0.43826245529058977
realized_vol_ratio,rogers_satchell_vol,0.43758118615617997,0.43758118615617997
cvd_48,distance_to_day_high_low_pct,0.43755228927818224,0.43755228927818224
trades,garch_vol_z,0.4373236362344562,0.4373236362344562
eth_btc_ret_spread_12,btc_lead_eth_follow_gap_3,-0.43728675572508163,0.43728675572508163
mtf_trend_1h,range_contraction_breakout_dir,0.43663696876744224,0.43663696876744224
rsi,btc_lead_eth_follow_gap_3,-0.4357572558873294,0.4357572558873294
kalman_velocity,btc_lead_eth_follow_gap_3,-0.43551638554018723,0.43551638554018723
funding_price_divergence,vwap_dist_96,0.43544055367261664,0.43544055367261664
whale_retail_ratio,long_squeeze_risk,0.43525992432290744,0.43525992432290744
funding_price_divergence,sig_trend_health,0.43512114147347186,0.43512114147347186
mtf_trend_1h,price_cvd_divergence,0.4346865849463975,0.4346865849463975
eth_btc_ret_spread_12,eth_btc_ret_spread_48,0.4343973723057904,0.4343973723057904
fvg_dist,anchored_vwap_session_dist,0.4340735856829161,0.4340735856829161
kalman_velocity,sig_trend_health,0.43306068972046513,0.43306068972046513
vwap_dist_288,crowding_pressure,0.4329644414883025,0.4329644414883025
fvg_dist,sig_trend_health,0.4326374814007895,0.4326374814007895
funding_z_score,short_squeeze_risk,-0.4319617009164974,0.4319617009164974
short_squeeze_risk,ou_funding_z,-0.4318843233280682,0.4318843233280682
eth_btc_ret_spread_12,vwap_dist_96,0.4314138524616912,0.4314138524616912
cvd_12,cvd_slope_48,0.43088784810377256,0.43088784810377256
mtf_trend_4h,cvd_12,0.4305410168254043,0.4305410168254043
taker_buy_base,bb_width_pct_rank_288,0.4302988555465363,0.4302988555465363
volume_profile_signal,crowding_pressure,-0.42977324099413206,0.42977324099413206
breakout_strength,crowding_pressure,0.42951177514046257,0.42951177514046257
taker_buy_base,liquidity_vacuum,-0.4292208864822009,0.4292208864822009
cvp_vah_val_width,cvp_regime,-0.42701504249001027,0.42701504249001027
fvg_dist,btc_ret_12,0.4262299846887114,0.4262299846887114
quote_volume_btc,compression_score,-0.4257367130384271,0.4257367130384271
log_return,btc_lead_eth_follow_gap_3,-0.42461915143516693,0.42461915143516693
funding_price_divergence,distance_to_day_high_low_pct,0.42449303360684365,0.42449303360684365
hma_slope,btc_impulse_x_eth_beta,0.42437829728407744,0.42437829728407744
rogers_satchell_vol,bb_width_pct_rank_288,0.42433461115327475,0.42433461115327475
cvp_volume_imbalance,kalman_velocity,0.42418918717594795,0.42418918717594795
btc_ret_12,btc_impulse_x_eth_beta,0.42398346405083637,0.42398346405083637
btc_ret_3,btc_ret_12,0.42384882919018746,0.42384882919018746
cvd_12,cvd_48,0.4232535084211135,0.4232535084211135
hma_slope,btc_ret_3,0.423144565012448,0.423144565012448
close_btc,trade_intensity,0.4225634806253456,0.4225634806253456
mtf_trend_4h,btc_ret_6,0.42123915501390935,0.42123915501390935
volume_btc,compression_score,-0.4209938992357777,0.4209938992357777
range_contraction_breakout_dir,vwap_dist_24,0.42036030639179256,0.42036030639179256
quote_volume,garch_vol_z,0.4195052937193346,0.4195052937193346
btc_lead_eth_follow_gap_3,jump_z,-0.4194706924903246,0.4194706924903246
quote_volume,liquidity_vacuum,-0.41923585141648373,0.41923585141648373
taker_acceleration,oi_up_price_up,0.4189241843061339,0.4189241843061339
net_taker_ratio,cross_scale_curvature,-0.418409051482989,0.418409051482989
btc_lead_eth_follow_gap_3,funding_oi_divergence,0.4173710969611156,0.4173710969611156
taker_buy_quote,garch_vol_z,0.4171761970665629,0.4171761970665629
breakout_strength,kalman_velocity,0.41679056521378977,0.41679056521378977
hma_slope,cvd_slope_48,0.4163991032162586,0.4163991032162586
sum_open_interest_value,trade_intensity,0.41583686624988614,0.41583686624988614
turtle_signal,cvd_288,0.4143464901914982,0.4143464901914982
ofi_acceleration,cross_scale_curvature,-0.4143347578865288,0.4143347578865288
ofi_acceleration,btc_impulse_x_eth_beta,0.4142043913881856,0.4142043913881856
mean_reversion_z,realized_skewness,-0.4138652021234798,0.4138652021234798
ofi_acceleration,btc_ret_3,0.41373694196462435,0.41373694196462435
eth_btc_ret_spread_12,sig_trend_health,0.4134206638648309,0.4134206638648309
cvp_poc_dist,vwap_dist_24,0.4128163641062465,0.4128163641062465
trades,bb_width_pct_rank_288,0.4128079131982393,0.4128079131982393
btc_impulse_x_eth_beta,vwap_dist_24,0.412424418824207,0.412424418824207
eth_btc_ret_spread_12,distance_to_day_high_low_pct,0.4116718107391023,0.4116718107391023
sum_toptrader_long_short_ratio,squeeze_power,0.4116186048313727,0.4116186048313727
btc_ret_3,vwap_dist_24,0.41115463744263037,0.41115463744263037
kalman_velocity,anchored_vwap_session_dist,0.41102465140692646,0.41102465140692646
oi_change_rate,taker_acceleration,0.4108649515802327,0.4108649515802327
smart_money_flow,taker_acceleration,0.4108649515802327,0.4108649515802327
btc_ret_12,vwap_dist_96,0.4107345685943385,0.4107345685943385
cvd_12,cvd_breakout_z,0.41059648643381147,0.41059648643381147
eth_btc_ret_spread_48,sig_trend_health,0.409499198103879,0.409499198103879
low,squeeze_power,0.408334516882045,0.408334516882045
open,squeeze_power,0.4081807008630229,0.4081807008630229
close,squeeze_power,0.4081602257337407,0.4081602257337407
high,squeeze_power,0.40800192038521477,0.40800192038521477
volume,realized_vol_ratio,0.40762430553117673,0.40762430553117673
close_btc,whale_retail_ratio,0.4074855191806075,0.4074855191806075
quote_volume,bb_width_pct_rank_288,0.40729594391440854,0.40729594391440854
taker_acceleration,btc_impulse_x_eth_beta,0.4068243762752777,0.4068243762752777
volume_profile_signal,cvd_48,-0.40668068579106836,0.40668068579106836
taker_acceleration,btc_ret_3,0.40638151219574953,0.40638151219574953
rsi,btc_impulse_x_eth_beta,0.4062538523456785,0.4062538523456785
turtle_signal,eth_btc_ret_spread_48,0.40577889745224327,0.40577889745224327
rsi,btc_ret_3,0.4055059212470274,0.4055059212470274
eth_btc_ret_spread_48,vwap_dist_24,0.40447435596394377,0.40447435596394377
cvd_48,cvd_288,0.40413170444994806,0.40413170444994806
kalman_velocity,btc_impulse_x_eth_beta,0.40410793203155976,0.40410793203155976
taker_buy_quote,liquidity_vacuum,-0.40348650632704786,0.40348650632704786
funding_price_divergence,btc_ret_6,0.4032948868125879,0.4032948868125879
kalman_velocity,btc_ret_3,0.40290238381816185,0.40290238381816185
trades,realized_vol_ratio,0.40288098343090095,0.40288098343090095
taker_buy_quote,bb_width_pct_rank_288,0.402475614724599,0.402475614724599
macd_hist,fvg_dist,0.40165817232734935,0.40165817232734935
mtf_trend_1h,compression_release_up,0.4014821909376203,0.4014821909376203
low,funding_pressure,0.40112263632826917,0.40112263632826917
close,funding_pressure,0.4009202628903307,0.4009202628903307
open,funding_pressure,0.400914178131223,0.400914178131223
chop_index,compression_score,0.40087935795981144,0.40087935795981144
high,funding_pressure,0.40067706774393036,0.40067706774393036
eth_btc_ratio_change,oi_up_price_down,-0.4005120029945139,0.4005120029945139
taker_buy_base,realized_vol_ratio,0.4003456587595047,0.4003456587595047
mtf_trend_1h,cvp_cluster_position,0.3999305516121778,0.3999305516121778
low,btc_corr_60,-0.399581857031016,0.399581857031016
volatility_z,session_us,0.3995026655019102,0.3995026655019102
taker_acceleration,jump_z,0.3988034899384885,0.3988034899384885
close,btc_corr_60,-0.3986612796991461,0.3986612796991461
open,btc_corr_60,-0.3986522258603507,0.3986522258603507
quote_volume_btc,garch_vol_z,0.3982674574744626,0.3982674574744626
high,btc_corr_60,-0.39778298863783845,0.39778298863783845
kalman_velocity,cvd_slope_48,0.3977392068052538,0.3977392068052538
fibonacci_level,cvd_48,0.3976472966507983,0.3976472966507983
oi_up_price_up,cross_scale_curvature,-0.3973630029005377,0.3973630029005377
fvg_dist,eth_btc_ret_spread_48,0.39692034118053576,0.39692034118053576
quote_volume,realized_vol_ratio,0.3957655405978291,0.3957655405978291
btc_lead_eth_follow_gap_3,oi_up_price_up,-0.39523046811646584,0.39523046811646584
mtf_trend_1h,compression_release_down,-0.3951954849198435,0.3951954849198435
volume_btc,garch_vol_z,0.39416490224692236,0.39416490224692236
eth_btc_ratio_change,oi_up_price_up,0.3935965237935359,0.3935965237935359
cvp_poc_dist,sig_trend_health,0.39242750418709127,0.39242750418709127
session_us,atr_pct_rank_288,0.39218404264257284,0.39218404264257284
btc_ret_12,distance_to_day_high_low_pct,0.3920058877249972,0.3920058877249972
realized_skewness,vwap_dist_288,0.3918720703809906,0.3918720703809906
trades,big_trade_ratio,0.39157133943611616,0.39157133943611616
log_return,btc_impulse_x_eth_beta,0.39117833605307517,0.39117833605307517
taker_acceleration,log_return,0.3911496730636338,0.3911496730636338
kalman_velocity,range_contraction_breakout_dir,0.3909353557745309,0.3909353557745309
mtf_trend_1h,oi_up_price_up,0.39093270858339485,0.39093270858339485
taker_buy_quote,realized_vol_ratio,0.3907269649840976,0.3907269649840976
log_return,btc_ret_3,0.39010925615188985,0.39010925615188985
cvp_volume_imbalance,realized_skewness,0.3897476993308641,0.3897476993308641
btc_impulse_x_eth_beta,jump_z,0.3897135743265653,0.3897135743265653
mtf_trend_4h,crowding_pressure,0.3892640534248425,0.3892640534248425
big_trade_ratio,btc_volume_impulse_z,0.38904642906073716,0.38904642906073716
btc_ret_3,jump_z,0.38903077022989513,0.38903077022989513
smart_money_flow,btc_lead_eth_follow_gap_3,-0.38864581083774974,0.38864581083774974
oi_change_rate,btc_lead_eth_follow_gap_3,-0.38864581083774974,0.38864581083774974
distance_to_day_high_low_pct,crowding_pressure,0.38863703961755774,0.38863703961755774
mtf_trend_1h,cvp_poc_dist,0.38849945445579753,0.38849945445579753
cvd_48,vwap_dist_288,0.3880701294313368,0.3880701294313368
volume_profile_signal,realized_skewness,-0.3873974232405079,0.3873974232405079
fvg_dist,btc_ret_6,0.38739056908097924,0.38739056908097924
volume,bb_width_z,0.3871737584241451,0.3871737584241451
range_contraction_breakout_dir,jump_z,0.38716369514581145,0.38716369514581145
rsi,cvp_cluster_position,0.38664187514528175,0.38664187514528175
ofi_acceleration,btc_lead_eth_follow_gap_3,-0.38606171460670874,0.38606171460670874
cvp_volume_imbalance,cvd_breakout_z,0.3852782477934608,0.3852782477934608
log_return,range_contraction_breakout_dir,0.3852716924142954,0.3852716924142954
sum_toptrader_long_short_ratio,funding_pressure,0.3852569602939106,0.3852569602939106
btc_impulse_x_eth_beta,funding_oi_divergence,-0.3852530330557228,0.3852530330557228
cvd_breakout_z,distance_to_day_high_low_pct,0.38440550303677434,0.38440550303677434
btc_ret_3,funding_oi_divergence,-0.3841834188098325,0.3841834188098325
cvp_volume_imbalance,funding_price_divergence,0.38418111920241577,0.38418111920241577
taker_acceleration,funding_oi_divergence,-0.38383060954827103,0.38383060954827103
breakout_strength,cvd_breakout_z,0.38316635209141203,0.38316635209141203
net_taker_ratio,eth_btc_beta_residual_z,0.38311367322067186,0.38311367322067186
quote_volume,sum_open_interest_value,0.38180324876498317,0.38180324876498317
cvp_poc_dist,cvd_48,0.3817671229193148,0.3817671229193148
turtle_signal,realized_skewness,0.38111040732080326,0.38111040732080326
garman_klass_vol,session_us,0.38027419391470474,0.38027419391470474
anchored_vwap_session_dist,crowding_pressure,0.3802486103552173,0.3802486103552173
taker_buy_base,bb_width_z,0.38009125084009715,0.38009125084009715
bb_width_z,btc_volume_impulse_z,0.37975174324538435,0.37975174324538435
btc_ret_12,sig_trend_health,0.37968796986062814,0.37968796986062814
mtf_trend_1h,eth_btc_ratio_change,0.379626986395377,0.379626986395377
eth_btc_beta_residual_z,cross_scale_curvature,-0.3796245786769025,0.3796245786769025
breakout_strength,realized_skewness,0.37947985174302445,0.37947985174302445
rogers_satchell_vol,session_us,0.37936081932346793,0.37936081932346793
btc_volume_impulse_z,btc_eth_volume_rank_spread,0.37933992731551996,0.37933992731551996
cvd_breakout_z,anchored_vwap_session_dist,0.3785744685723243,0.3785744685723243
range_contraction_breakout_dir,funding_oi_divergence,-0.3783932336438346,0.3783932336438346
rsi,crowding_pressure,0.3766787259145176,0.3766787259145176
cvp_volume_imbalance,eth_btc_ret_spread_12,0.3761718110858764,0.3761718110858764
ofi_acceleration,jump_z,0.37605997451675477,0.37605997451675477
fvg_dist,cvp_poc_dist,0.37602137398112256,0.37602137398112256
fibonacci_level,realized_skewness,0.3754385077756136,0.3754385077756136
parkinson_vol,session_us,0.3752131687073981,0.3752131687073981
funding_price_divergence,anchored_vwap_session_dist,0.375092935797073,0.375092935797073
turtle_signal,cvd_48,0.3748438505834277,0.3748438505834277
long_squeeze_risk,crowding_pressure,0.3741864304347565,0.3741864304347565
quote_volume_btc,realized_vol_ratio,0.3741330223592171,0.3741330223592171
breakout_strength,funding_price_divergence,0.3739042492867224,0.3739042492867224
quote_volume_btc,session_us,0.37225811939103276,0.37225811939103276
hma_slope,distance_to_day_high_low_pct,0.3722244529090947,0.3722244529090947
mtf_trend_1h,eth_btc_ret_spread_48,0.3710624040705194,0.3710624040705194
breakout_strength,eth_btc_ret_spread_12,0.3709396887530613,0.3709396887530613
eth_btc_ret_spread_12,anchored_vwap_session_dist,0.37042473675196147,0.37042473675196147
mtf_trend_4h,range_contraction_breakout_dir,0.3700042054839433,0.3700042054839433
cvd_48,regime_persistence,0.36977983372799467,0.36977983372799467
hma_slope,cvd_slope_12,0.36954503662213856,0.36954503662213856
taker_acceleration,btc_lead_eth_follow_gap_3,-0.3693323665725018,0.3693323665725018
log_return,ofi_acceleration,0.3688209890211516,0.3688209890211516
mtf_trend_1h,cvd_slope_48,0.3686027076296136,0.3686027076296136
volume_btc,session_us,0.3683004161499139,0.3683004161499139
cvp_cluster_position,vwap_dist_24,0.3681749967170095,0.3681749967170095
hma_slope,range_contraction_breakout_dir,0.3679906655782574,0.3679906655782574
taker_buy_quote,sum_open_interest_value,0.366211487114476,0.366211487114476
macd_hist,cvd_slope_48,0.366033387378012,0.366033387378012
high,quote_volume,0.36550992259336185,0.36550992259336185
vwap_dist_96,crowding_pressure,0.3653985609498035,0.3653985609498035
volume_btc,realized_vol_ratio,0.3652678868835957,0.3652678868835957
funding_oi_divergence,crowded_long_unwind_risk,0.3647217204127303,0.3647217204127303
range_contraction_breakout_dir,sig_trend_health,0.36449190039901,0.36449190039901
net_taker_ratio,oi_up_price_up,0.3643099340361973,0.3643099340361973
mean_reversion_z,sig_trend_health,-0.3638175824006491,0.3638175824006491
kalman_velocity,price_cvd_divergence,0.3636811136556965,0.3636811136556965
sum_toptrader_long_short_ratio,trade_intensity,0.3629749050232727,0.3629749050232727
trade_intensity,liquidity_vacuum,0.36296834478422163,0.36296834478422163
open,quote_volume,0.3628071718067473,0.3628071718067473
close,quote_volume,0.36269576030311546,0.36269576030311546
cvp_volume_imbalance,btc_ret_12,0.3620980406777801,0.3620980406777801
btc_ret_1,oi_up_price_up,0.3617729357174645,0.3617729357174645
ofi_acceleration,funding_oi_divergence,-0.36171804525862933,0.36171804525862933
btc_impulse_x_eth_beta,oi_up_price_up,0.36148982595427037,0.36148982595427037
macd_hist,mtf_trend_4h,0.36144819050733906,0.36144819050733906
quote_volume,bb_width_z,0.3609867939239906,0.3609867939239906
btc_ret_3,oi_up_price_up,0.3607290923256165,0.3607290923256165
low,quote_volume,0.3599214479558291,0.3599214479558291
btc_ret_1,oi_up_price_down,-0.35938139730126506,0.35938139730126506
oi_change_rate,btc_impulse_x_eth_beta,0.35933707180596636,0.35933707180596636
smart_money_flow,btc_impulse_x_eth_beta,0.35933707180596636,0.35933707180596636
fvg_dist,cvd_12,0.35861752924624707,0.35861752924624707
btc_ret_z_48,oi_up_price_down,-0.3583755876739875,0.3583755876739875
smart_money_flow,btc_ret_3,0.3583657195780337,0.3583657195780337
oi_change_rate,btc_ret_3,0.3583657195780337,0.3583657195780337
btc_ret_12,anchored_vwap_session_dist,0.3569439647043233,0.3569439647043233
quote_volume_btc,bb_width_pct_rank_288,0.35654433108196504,0.35654433108196504
taker_buy_quote,bb_width_z,0.35653943229706614,0.35653943229706614
trades,bb_width_z,0.3565304816253289,0.3565304816253289
breakout_strength,btc_ret_12,0.35649407348955503,0.35649407348955503
cvd_slope_48,btc_ret_6,0.3561490644164084,0.3561490644164084
net_taker_ratio,cvd_slope_12,0.3557810810920823,0.3557810810920823
taker_acceleration,compression_release_down,-0.35574422898614405,0.35574422898614405
whale_retail_ratio,short_squeeze_risk,-0.3555451724448102,0.3555451724448102
funding_price_divergence,price_cvd_divergence,0.3553624191062291,0.3553624191062291
cvp_poc_dist,cvd_breakout_z,0.355209148501411,0.355209148501411
trades,liquidity_vacuum,-0.3545553474925664,0.3545553474925664
btc_ret_z_48,oi_up_price_up,0.35455135290034173,0.35455135290034173
mtf_trend_1h,btc_ret_1,0.3542818514518102,0.3542818514518102
count_long_short_ratio,cvd_288,-0.3541005434984826,0.3541005434984826
fibonacci_level,vwap_dist_24,0.35360896981825457,0.35360896981825457
btc_lead_eth_follow_gap_3,compression_release_up,-0.35330999867801277,0.35330999867801277
volume_btc,bb_width_pct_rank_288,0.35274947036537696,0.35274947036537696
low,last_funding_rate,0.35187361595808,0.35187361595808
open,last_funding_rate,0.3517275556318808,0.3517275556318808
close,last_funding_rate,0.35170836562295704,0.35170836562295704
high,last_funding_rate,0.3515534579231812,0.3515534579231812
taker_acceleration,compression_release_up,0.35134763462168533,0.35134763462168533
btc_lead_eth_follow_gap_3,compression_release_down,0.35128863357076356,0.35128863357076356
high,taker_buy_quote,0.35089013577853695,0.35089013577853695
funding_oi_divergence,crowded_short_squeeze_risk,-0.3506650799965648,0.3506650799965648
fvg_dist,mean_reversion_z,-0.35037523771517276,0.35037523771517276
volatility_z,hour_sin,-0.3502838104748982,0.3502838104748982
mtf_trend_1h,crowding_pressure,0.35021784818945606,0.35021784818945606
cvp_cluster_position,cvp_volume_imbalance,0.35002734440394917,0.35002734440394917
mean_reversion_z,vwap_dist_24,-0.34988147207546405,0.34988147207546405
last_funding_rate,crowding_pressure,0.3490498983897083,0.3490498983897083
hma_slope,vwap_dist_96,0.3486503560542113,0.3486503560542113
close,taker_buy_quote,0.34859362556458107,0.34859362556458107
fvg_dist,range_contraction_breakout_dir,0.34832979542077913,0.34832979542077913
open,taker_buy_quote,0.3476622948786244,0.3476622948786244
mtf_trend_1h,mean_reversion_z,-0.34764253645089455,0.34764253645089455
smart_money_flow,mtf_trend_1h,0.3474265923153349,0.3474265923153349
oi_change_rate,mtf_trend_1h,0.3474265923153349,0.3474265923153349
mtf_trend_1h,fibonacci_level,0.3472445386794587,0.3472445386794587
cvd_slope_12,btc_lead_eth_follow_gap_3,-0.34701670791404204,0.34701670791404204
btc_ret_6,btc_breakout_eth_lag_dir,0.34700750385138707,0.34700750385138707
bb_width,btc_volume_impulse_z,0.34682265552699726,0.34682265552699726
btc_ret_12,btc_breakout_eth_lag_dir,0.3465104033052306,0.3465104033052306
realized_skewness,regime_persistence,0.34630926526507944,0.34630926526507944
smart_money_flow,short_squeeze_risk,0.3460711557855715,0.3460711557855715
oi_change_rate,short_squeeze_risk,0.3460711557855715,0.3460711557855715
low,taker_buy_quote,0.3454352248820388,0.3454352248820388
bb_width_z,parkinson_vol,0.34524546912559084,0.34524546912559084
fibonacci_level,sig_trend_health,0.34493004844270986,0.34493004844270986
mtf_trend_4h,cvp_cluster_position,0.3446517069860137,0.3446517069860137
hour_sin,atr_pct_rank_288,-0.34452704993722083,0.34452704993722083
crowded_short_squeeze_risk,ou_funding_z,-0.34412692309463183,0.34412692309463183
funding_z_score,crowded_short_squeeze_risk,-0.34411841683346744,0.34411841683346744
fvg_dist,volume_profile_signal,-0.344075016778354,0.344075016778354
cvp_cluster_position,distance_to_day_high_low_pct,0.34378869981020516,0.34378869981020516
macd_hist,btc_lead_eth_follow_gap_3,-0.3437308563276002,0.3437308563276002
parkinson_vol,btc_volume_impulse_z,0.34342641525551054,0.34342641525551054
fvg_dist,cvp_cluster_position,0.34334220442417407,0.34334220442417407
fvg_dist,fibonacci_level,0.34322197948614075,0.34322197948614075
volume_profile_signal,sig_trend_health,-0.34306182401066754,0.34306182401066754
regime_persistence,crowding_pressure,0.3430395114312827,0.3430395114312827
btc_lead_eth_follow_gap_3,range_contraction_breakout_dir,-0.34252146357849816,0.34252146357849816
cvd_slope_12,btc_impulse_x_eth_beta,0.3420903645593426,0.3420903645593426
fvg_dist,btc_lead_eth_follow_gap_3,-0.34203022629743596,0.34203022629743596
price_cvd_divergence,eth_btc_ret_spread_12,0.34197436395103875,0.34197436395103875
cvd_slope_12,btc_ret_3,0.34182946261466346,0.34182946261466346
btc_ret_1,btc_ret_6,0.34182543936535725,0.34182543936535725
sum_toptrader_long_short_ratio,btc_corr_60,-0.3415195241179535,0.3415195241179535
garman_klass_vol,btc_volume_impulse_z,0.3414376959243899,0.3414376959243899
volume_profile_signal,vwap_dist_24,-0.3412829783530048,0.3412829783530048
funding_price_divergence,range_contraction_breakout_dir,0.34114403893201567,0.34114403893201567
ofi_acceleration,oi_up_price_up,0.33933238841660346,0.33933238841660346
squeeze_power,crowding_pressure,0.3392506459360341,0.3392506459360341
cvp_cluster_position,breakout_strength,0.3392386218862653,0.3392386218862653
macd_hist,range_contraction_breakout_dir,0.3391725592465759,0.3391725592465759
funding_roc_48,crowding_pressure,0.3386636517126055,0.3386636517126055
rogers_satchell_vol,btc_volume_impulse_z,0.3385651218770525,0.3385651218770525
compression_release_down,crowded_long_unwind_risk,0.33824642987713965,0.33824642987713965
btc_breakout_eth_lag_dir,btc_impulse_x_eth_beta,0.33764025830157324,0.33764025830157324
mtf_trend_1h,volume_profile_signal,-0.3375938244485619,0.3375938244485619
btc_ret_3,btc_breakout_eth_lag_dir,0.33725768304840986,0.33725768304840986
cvp_poc_dist,kalman_velocity,0.3372336048470256,0.3372336048470256
realized_skewness,anchored_vwap_session_dist,0.33714746569459075,0.33714746569459075
crowded_long_unwind_risk,ou_funding_z,0.33691845917953656,0.33691845917953656
funding_z_score,crowded_long_unwind_risk,0.3369112023721058,0.3369112023721058
btc_lead_eth_follow_gap_3,cross_scale_curvature,0.33666695373722394,0.33666695373722394
sig_trend_health,regime_persistence,0.3358860811880924,0.3358860811880924
quote_volume,close_btc,0.33580794198842423,0.33580794198842423
sum_toptrader_long_short_ratio,last_funding_rate,0.3355981612776136,0.3355981612776136
cvd_breakout_z,sig_trend_health,0.33513685567404927,0.33513685567404927
cvd_12,sig_trend_health,0.33482714063897034,0.33482714063897034
ofi_acceleration,compression_release_down,-0.33468526308279484,0.33468526308279484
turtle_signal,crowding_pressure,0.33466518162789777,0.33466518162789777
compression_release_up,range_contraction_breakout_dir,0.3338523647788086,0.3338523647788086
trade_intensity,execution_quality,0.3336080786055015,0.3336080786055015
vwap_dist_24,crowding_pressure,0.3331335607425419,0.3331335607425419
ofi_acceleration,compression_release_up,0.3328582580370975,0.3328582580370975
cvp_poc_dist,crowding_pressure,0.3328097928132316,0.3328097928132316
range_contraction_breakout_dir,sig_volume_confirm,0.33248486924140425,0.33248486924140425
session_us,compression_score,-0.3322719237549806,0.3322719237549806
cvd_48,sig_trend_health,0.3311986408089578,0.3311986408089578
net_taker_ratio,btc_impulse_x_eth_beta,0.3309694276351872,0.3309694276351872
net_taker_ratio,btc_ret_3,0.33048928775487757,0.33048928775487757
low,long_squeeze_risk,0.33034766143063116,0.33034766143063116
compression_release_down,range_contraction_breakout_dir,-0.33030926095151836,0.33030926095151836
open,long_squeeze_risk,0.3302940527463353,0.3302940527463353
close,long_squeeze_risk,0.330287333897216,0.330287333897216
high,long_squeeze_risk,0.33027892627548583,0.33027892627548583
count_long_short_ratio,funding_pressure,-0.32977046843298014,0.32977046843298014
price_cvd_divergence,btc_ret_12,0.3295431332806774,0.3295431332806774
compression_release_up,crowded_long_unwind_risk,-0.329249781719671,0.329249781719671
smart_money_flow,crowding_pressure,0.32880685488419154,0.32880685488419154
oi_change_rate,crowding_pressure,0.32880685488419154,0.32880685488419154
eth_btc_ret_spread_12,range_contraction_breakout_dir,0.3286532035158828,0.3286532035158828
trades,sum_open_interest_value,0.3285278014687086,0.3285278014687086
oi_change_rate,crowded_long_unwind_risk,0.3278355004531306,0.3278355004531306
smart_money_flow,crowded_long_unwind_risk,0.3278355004531306,0.3278355004531306
btc_volume_impulse_z,liquidity_vacuum,-0.3276290000916329,0.3276290000916329
crowded_long_unwind_risk,jump_z,-0.32755512815598314,0.32755512815598314
volume_btc,trade_intensity,-0.3274660466239736,0.3274660466239736
cvd_12,btc_ret_6,0.3270390659782131,0.3270390659782131
log_return,crowded_long_unwind_risk,-0.3269048503033961,0.3269048503033961
compression_release_up,crowded_short_squeeze_risk,0.32675289152414255,0.32675289152414255
trade_intensity,btc_eth_volume_rank_spread,0.3258700518892911,0.3258700518892911
cvp_cluster_position,kalman_velocity,0.32539925704011036,0.32539925704011036
oi_up_price_down,oi_up_price_up,-0.3244506478853753,0.3244506478853753
bb_width_z,garman_klass_vol,0.3243031253251456,0.3243031253251456
hma_slope,cvp_volume_imbalance,0.3242488636335365,0.3242488636335365
rsi,jump_z,0.3241499413866043,0.3241499413866043
mtf_trend_4h,btc_lead_eth_follow_gap_3,-0.322977780125955,0.322977780125955
taker_buy_quote,close_btc,0.3227058668860293,0.3227058668860293
range_contraction_breakout_dir,cross_scale_curvature,-0.32197348770775774,0.32197348770775774
trades,close_btc,0.321904798231102,0.321904798231102
fvg_dist,btc_impulse_x_eth_beta,0.3211716961548766,0.3211716961548766
log_return,rsi,0.32073447900100094,0.32073447900100094
fvg_dist,btc_ret_3,0.3204456085390457,0.3204456085390457
cvd_slope_48,vwap_dist_24,0.3204196031803955,0.3204196031803955
realized_skewness,vwap_dist_96,0.3199550382334582,0.3199550382334582
log_return,vwap_dist_24,0.3191761780373197,0.3191761780373197
fvg_dist,cvd_breakout_z,0.31890560013037283,0.31890560013037283
btc_impulse_x_eth_beta,compression_release_down,-0.3185333102848134,0.3185333102848134
btc_ret_3,compression_release_down,-0.31805993502605684,0.31805993502605684
quote_volume_btc,big_trade_ratio,0.31803175479442675,0.31803175479442675
net_taker_ratio,mtf_trend_1h,0.31772548695168046,0.31772548695168046
compression_release_down,crowded_short_squeeze_risk,-0.3174211795401475,0.3174211795401475
vwap_dist_24,jump_z,0.31732893153839936,0.31732893153839936
btc_impulse_x_eth_beta,compression_release_up,0.31730464950741444,0.31730464950741444
hma_slope,breakout_strength,0.3172505785656914,0.3172505785656914
volume_btc,btc_eth_volume_rank_spread,0.3169914201768059,0.3169914201768059
btc_ret_3,compression_release_up,0.3168300703849885,0.3168300703849885
eth_btc_ratio_change,range_contraction_breakout_dir,0.31658348901768857,0.31658348901768857
fvg_dist,cvd_48,0.31593732654793377,0.31593732654793377
quote_volume_btc,btc_eth_volume_rank_spread,0.3158046847199574,0.3158046847199574
rsi,funding_oi_divergence,-0.3155874628675609,0.3155874628675609
cvd_breakout_z,vwap_dist_24,0.315435038074735,0.315435038074735
btc_impulse_x_eth_beta,range_contraction_breakout_dir,0.31500753850941454,0.31500753850941454
crowded_short_squeeze_risk,jump_z,0.3148424833948581,0.3148424833948581
sum_open_interest_value,btc_corr_60,-0.3147193488486925,0.3147193488486925
vwap_dist_24,funding_oi_divergence,-0.31428462344308716,0.31428462344308716
log_return,crowded_short_squeeze_risk,0.3142549803799672,0.3142549803799672
volume_btc,big_trade_ratio,0.3141461235303438,0.3141461235303438
btc_ret_3,range_contraction_breakout_dir,0.3140888516307147,0.3140888516307147
btc_impulse_x_eth_beta,cross_scale_curvature,-0.31406115332472645,0.31406115332472645
dual_momentum,funding_pressure,0.3138321817697128,0.3138321817697128
btc_ret_3,cross_scale_curvature,-0.3132037610615109,0.3132037610615109
kalman_velocity,crowding_pressure,0.31316713275086294,0.31316713275086294
last_funding_rate,funding_abs,0.31301688787204873,0.31301688787204873
count_long_short_ratio,squeeze_power,-0.31285509922115007,0.31285509922115007
taker_acceleration,btc_ret_z_48,0.3128055068968355,0.3128055068968355
kalman_velocity,eth_btc_ret_spread_48,0.3126685102296035,0.3126685102296035
btc_ret_6,range_contraction_breakout_dir,0.3122766789349981,0.3122766789349981
taker_acceleration,eth_btc_ratio_change,0.31216146294106883,0.31216146294106883
mtf_trend_1h,btc_ret_z_48,0.3119313879798349,0.3119313879798349
vwap_dist_288,sig_trend_health,0.31188360016534217,0.31188360016534217
cvp_poc_dist,funding_price_divergence,0.311303006289296,0.311303006289296
rsi,cvd_slope_48,0.3111090625739247,0.3111090625739247
amihud_illiquidity_z,execution_quality,-0.3105506256443512,0.3105506256443512
smart_money_flow,crowded_short_squeeze_risk,0.31046881282191074,0.31046881282191074
oi_change_rate,crowded_short_squeeze_risk,0.31046881282191074,0.31046881282191074
bb_width_z,rogers_satchell_vol,0.31032449240870486,0.31032449240870486
hma_slope,anchored_vwap_session_dist,0.31003362218020886,0.31003362218020886
btc_ret_6,distance_to_day_high_low_pct,0.3098787714228714,0.3098787714228714
cvd_12,distance_to_day_high_low_pct,0.3097487007780142,0.3097487007780142
quote_volume_btc,bb_width_z,0.3094317754161565,0.3094317754161565
hma_slope,sig_trend_health,0.3085011866016107,0.3085011866016107
taker_acceleration,cross_scale_curvature,-0.3083958456524771,0.3083958456524771
sum_open_interest_value,squeeze_power,0.3082228319404815,0.3082228319404815
whale_retail_ratio,btc_corr_60,-0.3075003868799728,0.3075003868799728
funding_price_divergence,eth_btc_ret_spread_48,0.307293661462699,0.307293661462699
rsi,turtle_signal,0.3068626127047989,0.3068626127047989
mtf_trend_4h,btc_impulse_x_eth_beta,0.30653064128364244,0.30653064128364244
eth_btc_ret_spread_12,crowding_pressure,0.3061446166848138,0.3061446166848138
btc_ret_6,btc_ret_z_48,0.30613807119710224,0.30613807119710224
cvp_cluster_position,jump_z,0.30591749140544233,0.30591749140544233
cvp_volume_imbalance,cvd_288,0.3058836393163949,0.3058836393163949
macd_hist,btc_impulse_x_eth_beta,0.30583522528299656,0.30583522528299656
trades,session_us,0.30582967859151455,0.30582967859151455
volume_btc,bb_width_z,0.30582650483336443,0.30582650483336443
cvp_cluster_position,vwap_dist_96,0.30568069767886485,0.30568069767886485
mtf_trend_4h,btc_ret_3,0.3056307323140786,0.3056307323140786
cvp_poc_dist,eth_btc_ret_spread_12,0.30561667422830524,0.30561667422830524
fvg_dist,vwap_dist_288,0.3054297195132935,0.3054297195132935
macd_hist,btc_ret_3,0.30462661386281836,0.30462661386281836
trade_intensity,btc_volume_impulse_z,-0.3046067054379101,0.3046067054379101
vwap_dist_24,vwap_dist_288,0.3037320313793156,0.3037320313793156
funding_price_divergence,btc_lead_eth_follow_gap_3,-0.3027670107336427,0.3027670107336427
sum_toptrader_long_short_ratio,long_squeeze_risk,0.3025401490033717,0.3025401490033717
mtf_trend_1h,vwap_dist_288,0.30222734508773247,0.30222734508773247
cvd_12,cvd_slope_12,0.30203652347406446,0.30203652347406446
net_taker_ratio,range_contraction_breakout_dir,0.30200148518974795,0.30200148518974795
session_us,btc_volume_impulse_z,0.30192555489286194,0.30192555489286194
taker_acceleration,btc_ret_1,0.3015865829569407,0.3015865829569407
count_long_short_ratio,last_funding_rate,-0.3015396538868303,0.3015396538868303
cvp_cluster_position,fibonacci_level,0.3013911099311432,0.3013911099311432
fibonacci_level,kalman_velocity,0.3012006471800518,0.3012006471800518
price_cvd_divergence,crowding_pressure,0.30084941016271277,0.30084941016271277
log_return,cvp_cluster_position,0.30062808713792205,0.30062808713792205
btc_ret_1,btc_breakout_eth_lag_dir,0.3005100672553316,0.3005100672553316
fvg_dist,regime_persistence,0.3003975971503508,0.3003975971503508
cvd_breakout_z,regime_persistence,0.30017580794084586,0.30017580794084586
realized_skewness,distance_to_day_high_low_pct,0.2999035344810692,0.2999035344810692
vwap_dist_24,regime_persistence,0.29967927318953547,0.29967927318953547
btc_ret_12,range_contraction_breakout_dir,0.29912691166731276,0.29912691166731276
volume,session_us,0.29905563993675605,0.29905563993675605
mean_reversion_z,kalman_velocity,-0.2987856135611802,0.2987856135611802
session_us,garch_vol_z,0.29854670732318755,0.29854670732318755
cvd_slope_12,cvd_slope_48,0.29851452857477806,0.29851452857477806
count_long_short_ratio,vwap_dist_288,-0.2984169763520241,0.2984169763520241
big_trade_ratio,amihud_illiquidity_z,-0.2974567484736993,0.2974567484736993
net_taker_ratio,btc_lead_eth_follow_gap_3,-0.2971222776756542,0.2971222776756542
funding_roc_48,funding_roc_288,0.29636541653264303,0.29636541653264303
eth_btc_beta_residual_z,oi_up_price_down,-0.2962071075586274,0.2962071075586274
funding_price_divergence,crowding_pressure,0.295908330506781,0.295908330506781
volume_profile_signal,kalman_velocity,-0.29588420476692934,0.29588420476692934
macd_hist,sig_trend_health,0.29568589675840157,0.29568589675840157
rsi,compression_release_up,0.295641526756022,0.295641526756022
mtf_trend_1h,cvd_breakout_z,0.2955674077195043,0.2955674077195043
btc_ret_6,vwap_dist_96,0.29523482282383323,0.29523482282383323
eth_btc_ratio_change,ofi_acceleration,0.2951270124804668,0.2951270124804668
ofi_acceleration,btc_ret_z_48,0.29485349419938356,0.29485349419938356
cvp_cluster_position,funding_oi_divergence,-0.29484134090722497,0.29484134090722497
cvd_12,range_contraction_breakout_dir,0.2944338066790004,0.2944338066790004
taker_buy_base,session_us,0.29413140351965134,0.29413140351965134
lower_wick_z,execution_quality,0.29377927795165637,0.29377927795165637
cvd_12,vwap_dist_96,0.2935920521658071,0.2935920521658071
lower_wick_z,liquidity_vacuum,-0.2934192775366258,0.2934192775366258
volume,btc_eth_volume_rank_spread,-0.2931742377342738,0.2931742377342738
cvp_poc_dist,btc_ret_12,0.2924936738601812,0.2924936738601812
quote_volume,trade_intensity,-0.29194885837581985,0.29194885837581985
hma_slope,cvp_cluster_position,0.29177765610664486,0.29177765610664486
upper_wick_z,execution_quality,0.29167776721363037,0.29167776721363037
eth_btc_ret_spread_48,crowding_pressure,0.2897344785667982,0.2897344785667982
funding_roc_12,funding_z_score,0.2892946410698332,0.2892946410698332
funding_roc_12,ou_funding_z,0.2888529076789082,0.2888529076789082
eth_btc_beta_residual_z,oi_up_price_up,0.28814441125508744,0.28814441125508744
mtf_trend_1h,cvd_slope_12,0.2880364616787846,0.2880364616787846
btc_ret_z_48,btc_breakout_eth_lag_dir,0.2878188782642527,0.2878188782642527
btc_ret_1,range_contraction_breakout_dir,0.2871973697968559,0.2871973697968559
cvd_48,vwap_dist_24,0.28711963231255233,0.28711963231255233
cvp_cluster_position,anchored_vwap_session_dist,0.28705228939515504,0.28705228939515504
mean_reversion_z,cvd_breakout_z,-0.28704899813657375,0.28704899813657375
oi_change_rate,hma_slope,0.28679888716599633,0.28679888716599633
smart_money_flow,hma_slope,0.28679888716599633,0.28679888716599633
crowded_long_unwind_risk,crowding_pressure,0.286715258914765,0.286715258914765
range_contraction_breakout_dir,distance_to_day_high_low_pct,0.2857858434358821,0.2857858434358821
taker_acceleration,mtf_trend_1h,0.28576355228241346,0.28576355228241346
count_long_short_ratio,mean_reversion_z,0.2857197182224916,0.2857197182224916
btc_ret_12,eth_btc_ret_spread_12,0.2849584548374399,0.2849584548374399
count_long_short_ratio,volume_profile_signal,0.2847692569064283,0.2847692569064283
btc_ret_z_48,range_contraction_breakout_dir,0.2846552467572715,0.2846552467572715
ofi_acceleration,btc_ret_1,0.28458304852453215,0.28458304852453215
squeeze_power,funding_abs,0.2841978259030386,0.2841978259030386
squeeze_power,dual_momentum,0.2838802196538951,0.2838802196538951
cvp_cluster_position,mean_reversion_z,-0.283713820339869,0.283713820339869
cvp_poc_dist,realized_skewness,0.28350635004901953,0.28350635004901953
btc_lead_eth_follow_gap_3,btc_impulse_x_eth_beta,-0.2813430466004796,0.2813430466004796
range_contraction_breakout_dir,oi_up_price_up,0.28006866675464787,0.28006866675464787
quote_volume,session_us,0.2799113169716617,0.2799113169716617
svps,execution_quality,-0.279878502904379,0.279878502904379
volume,chop_index,-0.27976516693109676,0.27976516693109676
realized_vol_ratio,session_us,0.2797612848107627,0.2797612848107627
mtf_trend_1h,cvd_48,0.27971865349481007,0.27971865349481007
funding_roc_48,long_squeeze_risk,0.27961053540052233,0.27961053540052233
oi_change_rate,ofi_acceleration,0.2795786035609561,0.2795786035609561
smart_money_flow,ofi_acceleration,0.2795786035609561,0.2795786035609561
kalman_velocity,cvd_slope_12,0.27942913747015363,0.27942913747015363
rsi,compression_release_down,-0.27938686684920383,0.27938686684920383
taker_buy_quote,trade_intensity,-0.27869688176663343,0.27869688176663343
count_long_short_ratio,fibonacci_level,-0.27783309922336014,0.27783309922336014
taker_buy_quote,session_us,0.27701415008173436,0.27701415008173436
funding_price_divergence,btc_impulse_x_eth_beta,0.27700508510227284,0.27700508510227284
mtf_trend_1h,eth_btc_beta_residual_z,0.27678772680882374,0.27678772680882374
upper_wick_z,liquidity_vacuum,-0.27661040164533146,0.27661040164533146
btc_ret_3,btc_lead_eth_follow_gap_3,-0.27659965529015607,0.27659965529015607
funding_price_divergence,btc_ret_3,0.2765629284875159,0.2765629284875159
cvp_volume_imbalance,cvd_12,0.276215929503317,0.276215929503317
cvd_288,anchored_vwap_session_dist,0.2761262094692052,0.2761262094692052
mtf_trend_1h,regime_persistence,0.2760121193330023,0.2760121193330023
cvp_cluster_position,volume_profile_signal,-0.2757519741316475,0.2757519741316475
range_contraction_breakout_dir,vwap_dist_96,0.27546616817820224,0.27546616817820224
net_taker_ratio,oi_up_price_down,-0.2746168276590541,0.2746168276590541
rsi,oi_up_price_up,0.2739290823193752,0.2739290823193752
taker_buy_base,chop_index,-0.27391502576458815,0.27391502576458815
funding_price_divergence,cvd_slope_48,0.27349397209331994,0.27349397209331994
smart_money_flow,kel,0.2734923752979779,0.2734923752979779
oi_change_rate,kel,0.2734923752979779,0.2734923752979779
quote_volume_btc,liquidity_vacuum,-0.2733587903393094,0.2733587903393094
oi_change_rate,kalman_velocity,0.27299389618478354,0.27299389618478354
smart_money_flow,kalman_velocity,0.27299389618478354,0.27299389618478354
quote_volume,sum_toptrader_long_short_ratio,0.272681633431255,0.272681633431255
compression_release_up,vwap_dist_24,0.27258617923161094,0.27258617923161094
mean_reversion_z,eth_btc_ret_spread_12,-0.27249294125369156,0.27249294125369156
cvp_volume_imbalance,btc_ret_6,0.2721814935472547,0.2721814935472547
mtf_trend_4h,realized_skewness,0.2720832496704519,0.2720832496704519
eth_btc_ratio_change,btc_ret_z_48,0.27202156215736994,0.27202156215736994
vwap_dist_24,cross_scale_curvature,-0.27188462480876135,0.27188462480876135
funding_roc_48,short_squeeze_risk,-0.27185722790068456,0.27185722790068456
bb_width,session_us,0.2717662205932769,0.2717662205932769
taker_buy_base,btc_eth_volume_rank_spread,-0.2715848552196139,0.2715848552196139
mtf_trend_1h,cross_scale_curvature,-0.27147933160458143,0.27147933160458143
count_long_short_ratio,long_squeeze_risk,-0.2713959262033094,0.2713959262033094
vwap_dist_24,oi_up_price_up,0.2710642244285781,0.2710642244285781
hour_sin,compression_score,0.2710020409313892,0.2710020409313892
chop_index,garch_vol_z,-0.27085251969015256,0.27085251969015256
hma_slope,crowding_pressure,0.27048035511753976,0.27048035511753976
mean_reversion_z,funding_price_divergence,-0.2699527771259858,0.2699527771259858
quote_volume,btc_eth_volume_rank_spread,-0.2695294307236902,0.2695294307236902
volume_btc,liquidity_vacuum,-0.26945071559023187,0.26945071559023187
cvp_cluster_position,price_cvd_divergence,0.2693681363547294,0.2693681363547294
cvd_slope_48,cvd_breakout_z,0.26928605091992386,0.26928605091992386
cvp_cluster_position,funding_price_divergence,0.2692046059314208,0.2692046059314208
fibonacci_level,eth_btc_ret_spread_12,0.26900867995791594,0.26900867995791594
mean_reversion_z,btc_ret_12,-0.2682894438458368,0.2682894438458368
fibonacci_level,funding_price_divergence,0.26773480863380206,0.26773480863380206
log_return,btc_ret_6,0.26750270701205636,0.26750270701205636
cvd_slope_12,btc_ret_6,0.2673910422413726,0.2673910422413726
breakout_strength,btc_ret_6,0.26718083107999835,0.26718083107999835
volume_profile_signal,btc_ret_12,-0.26685180122749697,0.26685180122749697
btc_ret_6,jump_z,0.2668149830641918,0.2668149830641918
compression_release_down,vwap_dist_24,-0.2667322023320813,0.2667322023320813
cvd_12,anchored_vwap_session_dist,0.2666921396127231,0.2666921396127231
big_trade_ratio,bb_width_z,0.26640458612885526,0.26640458612885526
volume_profile_signal,eth_btc_ret_spread_12,-0.2662756115388616,0.2662756115388616
eth_btc_ratio_change,btc_ret_1,0.26604445089814616,0.26604445089814616
last_funding_rate,dual_momentum,0.26554942219580546,0.26554942219580546
hurst_48,bb_width_pct_rank_288,0.2649770487363393,0.2649770487363393
funding_price_divergence,cvd_breakout_z,0.264694617899762,0.264694617899762
btc_ret_6,funding_oi_divergence,-0.26465252585990134,0.26465252585990134
dual_momentum,cvd_288,0.26463126080689037,0.26463126080689037
bb_width,hurst_48,0.263910744495981,0.263910744495981
btc_ret_6,sig_trend_health,0.26339310424754697,0.26339310424754697
kalman_velocity,cvd_breakout_z,0.26299515694900727,0.26299515694900727
cvp_poc_dist,cvp_cluster_position,0.26242055184341256,0.26242055184341256
btc_ret_6,anchored_vwap_session_dist,0.2622223085955159,0.2622223085955159
fibonacci_level,btc_ret_12,0.26216072142199176,0.26216072142199176
volume_profile_signal,funding_price_divergence,-0.26203001038986107,0.26203001038986107
fvg_dist,crowding_pressure,0.26181438596803003,0.26181438596803003
taker_buy_quote,sum_toptrader_long_short_ratio,0.26119139672522346,0.26119139672522346
cvp_cluster_position,vwap_dist_288,0.2611223323281775,0.2611223323281775
cvp_cluster_position,eth_btc_ret_spread_12,0.260925143195893,0.260925143195893
breakout_strength,cvd_12,0.2607596625977784,0.2607596625977784
quote_volume,chop_index,-0.2605155607935996,0.2605155607935996
realized_skewness,price_cvd_divergence,0.260057515696152,0.260057515696152
btc_corr_60,funding_pressure,-0.25989934041830004,0.25989934041830004
cvp_cluster_position,btc_lead_eth_follow_gap_3,-0.25953571083418514,0.25953571083418514
big_trade_ratio,bb_width_pct_rank_288,0.2595274084810354,0.2595274084810354
smart_money_flow,vwap_dist_24,0.25922565337604714,0.25922565337604714
oi_change_rate,vwap_dist_24,0.25922565337604714,0.25922565337604714
squeeze_power,btc_corr_60,-0.2591274967070034,0.2591274967070034
close_btc,btc_corr_60,-0.25892662243470926,0.25892662243470926
kalman_velocity,vwap_dist_288,0.2587213263829225,0.2587213263829225
cvp_cluster_position,sig_trend_health,0.25870293026047103,0.25870293026047103
big_trade_ratio,compression_score,-0.2586839273638607,0.2586839273638607
taker_acceleration,crowded_short_squeeze_risk,0.25784882425437283,0.25784882425437283
eth_btc_ratio_change,crowded_long_unwind_risk,-0.2574081803462697,0.2574081803462697
eth_btc_ratio_change,vwap_dist_24,0.2572001107393176,0.2572001107393176
hma_slope,price_cvd_divergence,0.25708571860386026,0.25708571860386026
hour_sin,garch_vol_z,-0.25701159855327255,0.25701159855327255
rsi,eth_btc_ratio_change,0.25678438337112264,0.25678438337112264
volume_profile_signal,cvd_breakout_z,-0.25659423745481424,0.25659423745481424
last_funding_rate,funding_roc_48,0.2565281816950885,0.2565281816950885
taker_buy_quote,chop_index,-0.2564497761826269,0.2564497761826269
volume,evt_excess_z,0.25589030035129734,0.25589030035129734
volume,amihud_illiquidity_z,-0.25587981257128695,0.25587981257128695
volume,evt_tail_flag,0.255346930842293,0.255346930842293
oi_change_rate,rsi,0.2549391306414842,0.2549391306414842
smart_money_flow,rsi,0.2549391306414842,0.2549391306414842
fvg_dist,jump_z,0.25413858642209924,0.25413858642209924
bb_width_z,liquidity_vacuum,-0.2540488326892484,0.2540488326892484
count_long_short_ratio,turtle_signal,-0.2539488284701015,0.2539488284701015
log_return,fvg_dist,0.253707908260812,0.253707908260812
hma_slope,cvp_poc_dist,0.25317355480902604,0.25317355480902604
realized_vol_ratio,hour_sin,-0.253044983697654,0.253044983697654
funding_price_divergence,cvd_48,0.25219075916962863,0.25219075916962863
chop_index,hurst_48,-0.25208062356899685,0.25208062356899685
taker_buy_quote,btc_eth_volume_rank_spread,-0.25193431953113554,0.25193431953113554
funding_roc_48,funding_price_divergence,-0.251932991492356,0.251932991492356
taker_buy_base,amihud_illiquidity_z,-0.25174202968842496,0.25174202968842496
squeeze_power,funding_roc_48,0.25134090319702684,0.25134090319702684
cvp_cluster_position,btc_ret_6,0.25094495726910315,0.25094495726910315
quote_volume_btc,session_europe,0.25042606052838967,0.25042606052838967
fvg_dist,funding_oi_divergence,-0.25010509250028534,0.25010509250028534
cvd_slope_48,btc_ret_12,0.2500735115655009,0.2500735115655009
btc_eth_volume_rank_spread,liquidity_vacuum,0.24970575372086676,0.24970575372086676
taker_acceleration,range_contraction_breakout_dir,0.24908304029815526,0.24908304029815526
cvp_cluster_position,turtle_signal,0.24896008131244507,0.24896008131244507
dual_momentum,mean_reversion_z,-0.24881747525238224,0.24881747525238224
btc_lead_eth_follow_gap_3,distance_to_day_high_low_pct,-0.24842053521787824,0.24842053521787824
volume_btc,session_europe,0.24835495308866556,0.24835495308866556
quote_volume,evt_excess_z,0.24821193540197237,0.24821193540197237
taker_buy_base,evt_excess_z,0.24780616302220307,0.24780616302220307
fibonacci_level,cvd_breakout_z,0.24778922639900472,0.24778922639900472
quote_volume,evt_tail_flag,0.24765139158407098,0.24765139158407098
big_trade_ratio,chop_index,-0.2473423600733932,0.2473423600733932
breakout_strength,cvd_288,0.24724184501463167,0.24724184501463167
taker_buy_base,evt_tail_flag,0.2472154823412528,0.2472154823412528
cvp_volume_imbalance,range_contraction_breakout_dir,0.24720241608106636,0.24720241608106636
cvd_breakout_z,btc_ret_12,0.24719539032597732,0.24719539032597732
cvp_cluster_position,btc_impulse_x_eth_beta,0.2468842923151139,0.2468842923151139
kalman_velocity,cvd_48,0.24670064440091397,0.24670064440091397
funding_roc_288,crowded_short_squeeze_risk,-0.24663539011070568,0.24663539011070568
breakout_strength,range_contraction_breakout_dir,0.24632449531150183,0.24632449531150183
cvp_cluster_position,btc_ret_3,0.24623773838900606,0.24623773838900606
mtf_trend_1h,btc_breakout_eth_lag_dir,0.24618831843253466,0.24618831843253466
crowded_short_squeeze_risk,cross_scale_curvature,-0.24608423847376143,0.24608423847376143
trades,evt_excess_z,0.24580630401934528,0.24580630401934528
rsi,cross_scale_curvature,-0.2453210747643213,0.2453210747643213
trades,evt_tail_flag,0.24521828615596478,0.24521828615596478
sig_trend_health,cross_scale_curvature,-0.24513166425240543,0.24513166425240543
mtf_trend_1h,crowded_short_squeeze_risk,0.24509734232749508,0.24509734232749508
rogers_satchell_vol,hour_sin,-0.2448913727888497,0.2448913727888497
cvp_cluster_position,btc_ret_12,0.24451946979382091,0.24451946979382091
garman_klass_vol,hour_sin,-0.2444611030188998,0.2444611030188998
dual_momentum,long_squeeze_risk,0.24406094137369874,0.24406094137369874
count_long_short_ratio,short_squeeze_risk,0.24403110804835138,0.24403110804835138
whale_retail_ratio,vwap_dist_288,0.2437964412566317,0.2437964412566317
short_squeeze_risk,crowded_short_squeeze_risk,0.24301218541259673,0.24301218541259673
eth_btc_ratio_change,crowded_short_squeeze_risk,0.2424476444687759,0.2424476444687759
cvp_cluster_position,compression_release_up,0.24237679862684475,0.24237679862684475
eth_btc_beta_residual_z,range_contraction_breakout_dir,0.24207540814189793,0.24207540814189793
rsi,failed_breakout_down,-0.24190690877115956,0.24190690877115956
rsi,sweep_prev_low_reclaim,-0.24187357635458173,0.24187357635458173
chop_index,liquidity_vacuum,0.24180108629806904,0.24180108629806904
volume,execution_quality,-0.24168163921327931,0.24168163921327931
btc_corr_60,session_us,0.24157378767209478,0.24157378767209478
volume,jump_flag,0.24133861486427635,0.24133861486427635
parkinson_vol,hour_sin,-0.24116849904578966,0.24116849904578966
taker_buy_quote,evt_excess_z,0.2409764171640894,0.2409764171640894
trades,chop_index,-0.24064717049573747,0.24064717049573747
fvg_dist,cvd_slope_48,0.24044944164735468,0.24044944164735468
taker_buy_quote,evt_tail_flag,0.24037406021290234,0.24037406021290234
eth_btc_ratio_change,cvp_cluster_position,0.24029170478563855,0.24029170478563855
rsi,btc_ret_1,0.24010310400846957,0.24010310400846957
btc_ret_1,vwap_dist_24,0.24006395336392583,0.24006395336392583
parkinson_vol,btc_corr_60,0.23994769629351387,0.23994769629351387
btc_lead_eth_follow_gap_3,crowded_short_squeeze_risk,-0.2398831123565115,0.2398831123565115
eth_btc_ratio_change,eth_btc_ret_spread_12,0.23972926005719644,0.23972926005719644
taker_acceleration,eth_btc_beta_residual_z,0.23967530843789794,0.23967530843789794
kalman_velocity,regime_persistence,0.23945730611277927,0.23945730611277927
last_funding_rate,btc_corr_60,-0.23942756305344873,0.23942756305344873
funding_roc_288,crowded_long_unwind_risk,0.239419779108575,0.239419779108575
eth_btc_ret_spread_12,regime_persistence,0.23917259230958166,0.23917259230958166
cvd_288,regime_persistence,0.23872429353920124,0.23872429353920124
realized_vol_ratio,evt_excess_z,0.23813789896296522,0.23813789896296522
btc_impulse_x_eth_beta,distance_to_day_high_low_pct,0.23797730556316088,0.23797730556316088
btc_ret_3,distance_to_day_high_low_pct,0.23753925448749016,0.23753925448749016
realized_vol_ratio,evt_tail_flag,0.23752000466020587,0.23752000466020587
taker_buy_base,net_taker_ratio,0.23727801931716716,0.23727801931716716
cvd_breakout_z,eth_btc_ret_spread_12,0.2372012813741303,0.2372012813741303
funding_price_divergence,regime_persistence,0.23705345477612408,0.23705345477612408
eth_btc_ret_spread_12,vwap_dist_288,0.23691046023422271,0.23691046023422271
cvd_48,btc_ret_12,0.236478881661122,0.236478881661122
whale_retail_ratio,mean_reversion_z,-0.23606840911742022,0.23606840911742022
quote_volume,amihud_illiquidity_z,-0.23595295110245154,0.23595295110245154
rsi,failed_breakout_up,0.2358473581439732,0.2358473581439732
range_contraction_breakout_dir,anchored_vwap_session_dist,0.23582313488931672,0.23582313488931672
rsi,sweep_prev_high_reclaim,0.235818063706879,0.235818063706879
whale_retail_ratio,volume_profile_signal,-0.23543697511502917,0.23543697511502917
taker_acceleration,btc_ret_6,0.2353050642111159,0.2353050642111159
turtle_signal,cvd_breakout_z,0.23525711120780932,0.23525711120780932
whale_retail_ratio,fibonacci_level,0.23521670776540926,0.23521670776540926
taker_buy_base,jump_flag,0.23415606463659197,0.23415606463659197
taker_buy_quote,amihud_illiquidity_z,-0.23362516109312922,0.23362516109312922
btc_ret_12,vwap_dist_288,0.23356211101475707,0.23356211101475707
btc_ret_1,crowded_long_unwind_risk,-0.23342734035124912,0.23342734035124912
garman_klass_vol,btc_corr_60,0.23317842608691583,0.23317842608691583
cvd_slope_48,eth_btc_ret_spread_12,0.23253771535611936,0.23253771535611936
btc_ret_6,oi_up_price_up,0.23219608932633587,0.23219608932633587
realized_skewness,cvd_48,0.2320576773592645,0.2320576773592645
btc_volume_impulse_z,evt_excess_z,0.23200256349299153,0.23200256349299153
oi_change_rate,btc_ret_6,0.23182005421748914,0.23182005421748914
smart_money_flow,btc_ret_6,0.23182005421748914,0.23182005421748914
cvp_cluster_position,compression_release_down,-0.2316733546120587,0.2316733546120587
btc_ret_z_48,crowded_long_unwind_risk,-0.23161478564806662,0.23161478564806662
btc_volume_impulse_z,evt_tail_flag,0.231410728291747,0.231410728291747
btc_lead_eth_follow_gap_3,crowding_pressure,-0.23060188465952555,0.23060188465952555
quote_volume_btc,trade_intensity,-0.23045194137476854,0.23045194137476854
btc_ret_12,regime_persistence,0.23026123551285374,0.23026123551285374
cvp_cluster_position,btc_ret_1,0.23013512497270527,0.23013512497270527
btc_ret_1,btc_ret_12,0.23011869114398537,0.23011869114398537
log_return,mtf_trend_4h,0.23010275905430974,0.23010275905430974
dual_momentum,volume_profile_signal,-0.22987483188904698,0.22987483188904698
btc_corr_60,atr_pct_rank_288,0.22974238268685598,0.22974238268685598
cvd_slope_48,range_contraction_breakout_dir,0.2296547362810793,0.2296547362810793
dual_momentum,vwap_dist_288,0.22960845394302512,0.22960845394302512
oi_change_rate,cvd_slope_12,0.2294952842105144,0.2294952842105144
smart_money_flow,cvd_slope_12,0.2294952842105144,0.2294952842105144
trades,jump_flag,0.2294951314854169,0.2294951314854169
cvp_cluster_position,eth_btc_ret_spread_48,0.2294867680949177,0.2294867680949177
cvd_breakout_z,vwap_dist_288,0.22934894151013283,0.22934894151013283
funding_price_divergence,vwap_dist_288,0.22852150398763832,0.22852150398763832
mtf_trend_4h,jump_z,0.22836222188918967,0.22836222188918967
realized_skewness,cvd_288,0.22773411198178867,0.22773411198178867
btc_ret_12,crowding_pressure,0.22762422341911684,0.22762422341911684
hurst_48,compression_score,-0.22739405714079095,0.22739405714079095
btc_breakout_eth_lag_dir,vwap_dist_24,0.22733448471662906,0.22733448471662906
quote_volume,jump_flag,0.22712230068468664,0.22712230068468664
btc_ret_1,crowded_short_squeeze_risk,0.22703045827811394,0.22703045827811394
price_cvd_divergence,btc_ret_6,0.22677364871224207,0.22677364871224207
net_taker_ratio,crowded_short_squeeze_risk,0.22669125512285376,0.22669125512285376
turtle_signal,sig_trend_health,0.22667924214239074,0.22667924214239074
cvd_288,distance_to_day_high_low_pct,0.22659650025722974,0.22659650025722974
ofi_acceleration,eth_btc_beta_residual_z,0.2264397663609424,0.2264397663609424
mtf_trend_4h,funding_oi_divergence,-0.2263564003789491,0.2263564003789491
big_trade_ratio,atr_pct_rank_288,0.2262503590081518,0.2262503590081518
btc_impulse_x_eth_beta,crowded_short_squeeze_risk,0.22610767012104074,0.22610767012104074
rogers_satchell_vol,btc_corr_60,0.22585325206029902,0.22585325206029902
hma_slope,fibonacci_level,0.22568542068811048,0.22568542068811048
btc_ret_3,crowded_short_squeeze_risk,0.2256434047853985,0.2256434047853985
rsi,btc_breakout_eth_lag_dir,0.22561646478154093,0.22561646478154093
fvg_dist,turtle_signal,0.22515993400686207,0.22515993400686207
session_us,bb_width_pct_rank_288,0.22438683216951327,0.22438683216951327
trade_intensity,amihud_illiquidity_z,0.22419886532310765,0.22419886532310765
wick_ratio,evt_excess_z,-0.2241768486348704,0.2241768486348704
wick_ratio,evt_tail_flag,-0.22412369790572628,0.22412369790572628
cvd_slope_48,btc_lead_eth_follow_gap_3,-0.22399197845637275,0.22399197845637275
net_taker_ratio,btc_ret_6,0.22384333118885422,0.22384333118885422
cvd_48,eth_btc_ret_spread_12,0.22312588827133203,0.22312588827133203
cvp_cluster_position,range_contraction_breakout_dir,0.2230060017452652,0.2230060017452652
taker_buy_base,execution_quality,-0.22246436388829452,0.22246436388829452
quote_volume,execution_quality,-0.2221688202224119,0.2221688202224119
mtf_trend_4h,sweep_prev_low_reclaim,-0.22216421396588637,0.22216421396588637
realized_vol_ratio,jump_flag,0.22211899692253773,0.22211899692253773
mtf_trend_4h,failed_breakout_down,-0.2221115835940258,0.2221115835940258
hma_slope,eth_btc_ret_spread_48,0.22208176198234794,0.22208176198234794
vwap_dist_24,sweep_prev_low_reclaim,-0.22198717427096043,0.22198717427096043
volume_btc,btc_corr_60,0.22195727123494602,0.22195727123494602
vwap_dist_24,failed_breakout_down,-0.2218999499301747,0.2218999499301747
price_cvd_divergence,range_contraction_breakout_dir,0.22170357162459783,0.22170357162459783
btc_ret_z_48,crowded_short_squeeze_risk,0.22136716247907,0.22136716247907
oi_up_price_down,cross_scale_curvature,0.221162187456047,0.221162187456047
mtf_trend_1h,sweep_prev_low_reclaim,-0.22097987448551604,0.22097987448551604
hma_slope,oi_up_price_up,0.22097844627543278,0.22097844627543278
mtf_trend_1h,failed_breakout_down,-0.2209453542929294,0.2209453542929294
dual_momentum,fibonacci_level,0.22094379497509062,0.22094379497509062
taker_buy_quote,jump_flag,0.22060695831126073,0.22060695831126073
volatility_z,btc_corr_60,0.220509399693324,0.220509399693324
liquidity_vacuum,execution_quality,-0.2204909733768699,0.2204909733768699
hma_slope,volume_profile_signal,-0.2204397952414853,0.2204397952414853
low,short_squeeze_risk,-0.21998890401281837,0.21998890401281837
open,short_squeeze_risk,-0.2198115114811225,0.2198115114811225
cvd_slope_48,btc_impulse_x_eth_beta,0.21977077137946113,0.21977077137946113
close,short_squeeze_risk,-0.21975572370060195,0.21975572370060195
high,short_squeeze_risk,-0.2194736370954316,0.2194736370954316
cvd_slope_48,btc_ret_3,0.21934349380334286,0.21934349380334286
atr_pct_rank_288,evt_excess_z,0.21924351595626168,0.21924351595626168
big_trade_ratio,volatility_z,0.2192418700130364,0.2192418700130364
btc_ret_6,compression_release_up,0.21920558531399606,0.21920558531399606
cvd_slope_12,range_contraction_breakout_dir,0.21902225765535682,0.21902225765535682
atr_pct_rank_288,evt_tail_flag,0.21872653828923094,0.21872653828923094
taker_acceleration,cvd_slope_48,0.21866368164703137,0.21866368164703137
eth_btc_ret_spread_12,eth_btc_beta_residual_z,0.21840203543377082,0.21840203543377082
realized_vol_ratio,chop_index,-0.21835812938400956,0.21835812938400956
hma_slope,mean_reversion_z,-0.21829578843167832,0.21829578843167832
fvg_dist,oi_up_price_up,0.21821891120836243,0.21821891120836243
kalman_velocity,sweep_prev_low_reclaim,-0.21788944514460046,0.21788944514460046
compression_release_down,vwap_reject_flag,0.217871298534785,0.217871298534785
kalman_velocity,failed_breakout_down,-0.2178271507999031,0.2178271507999031
big_trade_ratio,garch_vol_z,0.21765830846388654,0.21765830846388654
btc_volume_impulse_z,jump_flag,0.21739177155482545,0.21739177155482545
quote_volume_btc,evt_excess_z,0.21738685028395813,0.21738685028395813
open,cvd_288,-0.2171571465722021,0.2171571465722021
high,cvd_288,-0.21715626340693403,0.21715626340693403
mtf_trend_4h,sweep_prev_high_reclaim,0.21708609138546772,0.21708609138546772
funding_abs,funding_pressure,0.21705454356614756,0.21705454356614756
mtf_trend_4h,failed_breakout_up,0.2170236067572908,0.2170236067572908
close,cvd_288,-0.21691219337491077,0.21691219337491077
quote_volume_btc,evt_tail_flag,0.21677979200524533,0.21677979200524533
low,cvd_288,-0.21674643278971803,0.21674643278971803
bb_width_pct_rank_288,liquidity_vacuum,-0.21629685418444783,0.21629685418444783
btc_ret_6,compression_release_down,-0.21627563768446878,0.21627563768446878
funding_price_divergence,cvd_slope_12,0.21624510614187514,0.21624510614187514
macd_hist,cvd_slope_12,0.21583240772584883,0.21583240772584883
hour_cos,session_us,-0.21566205131647584,0.21566205131647584
volatility_z,evt_excess_z,0.21559876603926942,0.21559876603926942
fvg_dist,compression_release_up,0.21522730664907852,0.21522730664907852
volatility_z,evt_tail_flag,0.21507626484467762,0.21507626484467762
net_taker_ratio,cvd_12,0.21460707505927198,0.21460707505927198
fvg_dist,sweep_prev_low_reclaim,-0.21453972798997648,0.21453972798997648
net_taker_ratio,cvd_slope_48,0.21452432672525565,0.21452432672525565
cvd_slope_12,oi_up_price_up,0.21449651942831452,0.21449651942831452
cvp_poc_dist,btc_ret_6,0.21446274212649408,0.21446274212649408
fvg_dist,failed_breakout_down,-0.21442043948466774,0.21442043948466774
volume_btc,evt_excess_z,0.2142760732114019,0.2142760732114019
kalman_velocity,oi_up_price_up,0.21416841746166243,0.21416841746166243
regime_trending,bb_width_pct_rank_288,0.21412310799569634,0.21412310799569634
btc_corr_60,long_squeeze_risk,-0.214113288744863,0.214113288744863
compression_release_up,vwap_reclaim_flag,0.21408467155606709,0.21408467155606709
btc_eth_volume_rank_spread,execution_quality,0.21389241895819508,0.21389241895819508
sig_trend_health,crowding_pressure,0.21380176255281813,0.21380176255281813
volume_btc,evt_tail_flag,0.2136654003007183,0.2136654003007183
bb_width,regime_trending,0.21318244475807344,0.21318244475807344
btc_lead_eth_follow_gap_3,vwap_dist_96,-0.21307898791088842,0.21307898791088842
amihud_illiquidity_z,compression_release_up,0.21287217118321103,0.21287217118321103
trade_intensity,compression_score,0.21278342154810231,0.21278342154810231
chop_index,btc_volume_impulse_z,-0.21258187649360658,0.21258187649360658
cvp_poc_dist,cvd_12,0.21232025228614348,0.21232025228614348
cvd_12,btc_lead_eth_follow_gap_3,-0.21222508006865082,0.21222508006865082
mean_reversion_z,cvd_12,-0.21211060100891777,0.21211060100891777
taker_buy_quote,net_taker_ratio,0.21170332718893478,0.21170332718893478
short_squeeze_risk,kel,0.2114953886776946,0.2114953886776946
cvd_48,cvd_slope_48,0.2113512499235346,0.2113512499235346
realized_skewness,eth_btc_ret_spread_48,0.21123019166249432,0.21123019166249432
cvd_slope_12,jump_z,0.21111974660242483,0.21111974660242483
smart_money_flow,macd_hist,0.21109401355722276,0.21109401355722276
oi_change_rate,macd_hist,0.21109401355722276,0.21109401355722276
high,trades,0.2108777823802494,0.2108777823802494
cvd_12,crowding_pressure,0.21085734952341992,0.21085734952341992
oi_up_price_up,crowded_long_unwind_risk,-0.21063444512638804,0.21063444512638804
mtf_trend_1h,failed_breakout_up,0.2105961651504571,0.2105961651504571
mtf_trend_1h,sweep_prev_high_reclaim,0.2105942146594145,0.2105942146594145
btc_lead_eth_follow_gap_3,sig_trend_health,-0.21007682500526653,0.21007682500526653
turtle_signal,dual_momentum,0.21002590834794171,0.21002590834794171
vwap_dist_24,sweep_prev_high_reclaim,0.20975913428085005,0.20975913428085005
mtf_trend_4h,compression_release_up,0.20971173870937698,0.20971173870937698
ofi_acceleration,crowded_short_squeeze_risk,0.20969623331200832,0.20969623331200832
vwap_dist_24,failed_breakout_up,0.2096916009861095,0.2096916009861095
big_trade_ratio,realized_vol_ratio,0.20955940818814864,0.20955940818814864
whale_retail_ratio,turtle_signal,0.2094358298318945,0.2094358298318945
sum_toptrader_long_short_ratio,short_squeeze_risk,-0.20928510899007322,0.20928510899007322
short_squeeze_risk,oi_up_price_down,0.20911241068034428,0.20911241068034428
last_funding_rate,crowded_short_squeeze_risk,-0.20900520493205255,0.20900520493205255
realized_skewness,crowding_pressure,0.20871133084813345,0.20871133084813345
trade_intensity,bb_width_pct_rank_288,-0.2086080119725482,0.2086080119725482
cvp_regime,hurst_288,0.20854500616632946,0.20854500616632946
kalman_velocity,sweep_prev_high_reclaim,0.20809821240202905,0.20809821240202905
open,trades,0.20809429527169548,0.20809429527169548
kalman_velocity,failed_breakout_up,0.2080411787699244,0.2080411787699244
close,trades,0.20798791292042257,0.20798791292042257
sum_open_interest_value,funding_pressure,0.20797268668838767,0.20797268668838767
funding_price_divergence,jump_z,0.20772831354796967,0.20772831354796967
macd_hist,cvp_cluster_position,0.20724828658747166,0.20724828658747166
volume_profile_signal,cvd_12,-0.20717557597701367,0.20717557597701367
btc_impulse_x_eth_beta,vwap_dist_96,0.20715612100555225,0.20715612100555225
log_return,cvd_slope_12,0.2071346419147207,0.2071346419147207
smart_money_flow,fvg_dist,0.20697738294621598,0.20697738294621598
oi_change_rate,fvg_dist,0.20697738294621598,0.20697738294621598
fvg_dist,sweep_prev_high_reclaim,0.20693677420517936,0.20693677420517936
fvg_dist,failed_breakout_up,0.20681139697534937,0.20681139697534937
compression_score,evt_excess_z,-0.2067231355465217,0.2067231355465217
btc_ret_3,vwap_dist_96,0.20655379675654692,0.20655379675654692
volume,session_europe,0.20650228962308703,0.20650228962308703
fibonacci_level,cvd_12,0.20639402430477854,0.20639402430477854
compression_score,evt_tail_flag,-0.20613431411271843,0.20613431411271843
taker_buy_quote,execution_quality,-0.20600440095005246,0.20600440095005246
cvp_cluster_position,cvd_12,0.2058363627469982,0.2058363627469982
chop_index,regime_trending,-0.2057151481713277,0.2057151481713277
atr_pct_rank_288,jump_flag,0.20566815383220513,0.20566815383220513
mtf_trend_4h,cvd_288,0.20536433025412495,0.20536433025412495
sum_toptrader_long_short_ratio,cvd_288,-0.20531513722040126,0.20531513722040126
cvp_cluster_position,btc_ret_z_48,0.20519785844320926,0.20519785844320926
low,trades,0.20513065919384732,0.20513065919384732
log_return,funding_price_divergence,0.2047747169499922,0.2047747169499922
cvp_volume_imbalance,btc_lead_eth_follow_gap_3,-0.20470651999823317,0.20470651999823317
hour_cos,btc_volume_impulse_z,-0.20420038281578165,0.20420038281578165
cvd_12,btc_impulse_x_eth_beta,0.20400378101866987,0.20400378101866987
cvd_slope_12,funding_oi_divergence,-0.20393323512416717,0.20393323512416717
cvd_288,vwap_dist_96,0.20371607138798603,0.20371607138798603
cvd_12,btc_ret_3,0.20370316956418338,0.20370316956418338
macd_hist,crowding_pressure,0.20324423435884026,0.20324423435884026
vwap_reject_flag,jump_z,-0.20321489831252715,0.20321489831252715
short_squeeze_risk,oi_up_price_up,0.20320936072333054,0.20320936072333054
eth_btc_ret_spread_48,btc_lead_eth_follow_gap_3,-0.20320398992526859,0.20320398992526859
funding_roc_12,short_squeeze_risk,-0.20308928787635808,0.20308928787635808
btc_corr_60,vwap_dist_288,-0.20301438976056008,0.20301438976056008
oi_up_price_down,crowded_short_squeeze_risk,-0.20296205032444647,0.20296205032444647
trade_intensity,bb_width_z,-0.20291099080780356,0.20291099080780356
volatility_z,jump_flag,0.20286208684383294,0.20286208684383294
squeeze_power,crowded_short_squeeze_risk,-0.2027279248777832,0.2027279248777832
vwap_reclaim_flag,jump_z,0.2019104553555877,0.2019104553555877
funding_price_divergence,funding_oi_divergence,-0.20178561639117149,0.20178561639117149
cvp_cluster_position,oi_up_price_up,0.20172612771147394,0.20172612771147394
eth_btc_ratio_change,fvg_dist,0.20115289338927922,0.20115289338927922
btc_corr_60,turtle_signal,-0.20095569013267298,0.20095569013267298
cvp_cluster_position,regime_persistence,0.20062148697960977,0.20062148697960977
fvg_dist,compression_release_down,-0.20052093861655707,0.20052093861655707
cvp_poc_dist,range_contraction_breakout_dir,0.20049225044014576,0.20049225044014576
cvp_volume_imbalance,btc_impulse_x_eth_beta,0.20036132814113566,0.20036132814113566
compression_score,compression_release_up,0.20032028286455864,0.20032028286455864
cvd_slope_12,btc_ret_12,0.20018160239601107,0.20018160239601107
quote_volume_btc,jump_flag,0.2001323422465436,0.2001323422465436
cvp_volume_imbalance,btc_ret_3,0.2000205206496027,0.2000205206496027
trade_intensity,atr_pct_rank_288,-0.20001350754315017,0.20001350754315017
log_return,vwap_reject_flag,-0.19988492704068286,0.19988492704068286
net_taker_ratio,rsi,0.199712771731705,0.199712771731705
taker_buy_base,session_europe,0.1996853266084637,0.1996853266084637
volume_btc,jump_flag,0.1995401371310074,0.1995401371310074
breakout_strength,btc_lead_eth_follow_gap_3,-0.19949578693028167,0.19949578693028167
ofi_acceleration,range_contraction_breakout_dir,0.19943780840684439,0.19943780840684439
hma_slope,sweep_prev_low_reclaim,-0.19940516161967828,0.19940516161967828
hma_slope,failed_breakout_down,-0.19934588851416496,0.19934588851416496
close_btc,squeeze_power,0.199257483805203,0.199257483805203
wick_ratio,jump_flag,-0.1992557251868514,0.1992557251868514
upper_wick_z,lower_wick_z,-0.19903683610758255,0.19903683610758255
btc_corr_60,fibonacci_level,-0.19880957581286174,0.19880957581286174
amihud_illiquidity_z,btc_volume_impulse_z,-0.19854675715271827,0.19854675715271827
btc_corr_60,mean_reversion_z,0.19850565230197856,0.19850565230197856
log_return,vwap_reclaim_flag,0.1983980500989126,0.1983980500989126
cvp_vah_val_width,hurst_288,-0.1980883517612468,0.1980883517612468
log_return,eth_btc_ret_spread_12,0.1980250933640874,0.1980250933640874
btc_ret_z_48,vwap_dist_24,0.19732309415655566,0.19732309415655566
oi_up_price_up,crowding_pressure,0.1973054413927036,0.1973054413927036
mtf_trend_4h,cvd_slope_48,0.19724045040720684,0.19724045040720684
distance_to_day_high_low_pct,jump_z,0.1965383855078168,0.1965383855078168
eth_btc_beta_residual_z,crowded_long_unwind_risk,-0.1964780175113546,0.1964780175113546
vwap_reject_flag,funding_oi_divergence,0.19645347265974916,0.19645347265974916
eth_btc_ret_spread_12,jump_z,0.19638419330283802,0.19638419330283802
macd_hist,distance_to_day_high_low_pct,0.1960083850355002,0.1960083850355002
btc_corr_60,garch_vol_z,0.1958299860018405,0.1958299860018405
smart_money_flow,range_contraction_breakout_dir,0.19537350384360483,0.19537350384360483
oi_change_rate,range_contraction_breakout_dir,0.19537350384360483,0.19537350384360483
vwap_reclaim_flag,funding_oi_divergence,-0.19514968086612608,0.19514968086612608
breakout_strength,btc_impulse_x_eth_beta,0.19486074932056513,0.19486074932056513
compression_score,jump_flag,-0.19463389950420892,0.19463389950420892
log_return,distance_to_day_high_low_pct,0.19456224609624762,0.19456224609624762
breakout_strength,btc_ret_3,0.19450259758889707,0.19450259758889707
funding_roc_12,long_squeeze_risk,0.1945007241078055,0.1945007241078055
eth_btc_ret_spread_12,funding_oi_divergence,-0.1944715567513787,0.1944715567513787
btc_corr_60,compression_score,-0.19409930994743277,0.19409930994743277
btc_corr_60,volume_profile_signal,0.19406041506339405,0.19406041506339405
net_taker_ratio,vwap_dist_24,0.19390170866456846,0.19390170866456846
quote_volume,session_europe,0.1938080515913717,0.1938080515913717
vwap_dist_96,sweep_prev_low_reclaim,-0.19376876508553895,0.19376876508553895
vwap_dist_96,failed_breakout_down,-0.19374359641403513,0.19374359641403513
eth_btc_ret_spread_48,range_contraction_breakout_dir,0.19370944137025184,0.19370944137025184
kalman_velocity,btc_breakout_eth_lag_dir,0.1934250893145684,0.1934250893145684
bb_width_z,hurst_48,0.19312634727441833,0.19312634727441833
btc_impulse_x_eth_beta,crowding_pressure,0.19291196845244202,0.19291196845244202
btc_lead_eth_follow_gap_3,anchored_vwap_session_dist,-0.19275710324109796,0.19275710324109796
btc_ret_3,crowding_pressure,0.19263973854402422,0.19263973854402422
cvd_12,eth_btc_ret_spread_48,0.19231374567953358,0.19231374567953358
compression_score,liquidity_vacuum,0.19226117449327004,0.19226117449327004
hma_slope,cvd_breakout_z,0.19220501937298354,0.19220501937298354
trades,amihud_illiquidity_z,-0.19177115218489735,0.19177115218489735
fvg_dist,btc_ret_1,0.19142521217634284,0.19142521217634284
fibonacci_level,btc_ret_6,0.1913888405383169,0.1913888405383169
trade_intensity,volatility_z,-0.19133743875252562,0.19133743875252562
log_return,kalman_velocity,0.19133391019487303,0.19133391019487303
quote_volume,whale_retail_ratio,0.19125499222043632,0.19125499222043632
trade_intensity,chop_index,0.19110436751130427,0.19110436751130427
distance_to_day_high_low_pct,funding_oi_divergence,-0.1908581646457893,0.1908581646457893
mtf_trend_4h,oi_up_price_up,0.19057160329004683,0.19057160329004683
cvp_cluster_position,cross_scale_curvature,-0.19052269408669653,0.19052269408669653
trades,session_europe,0.1903921356510463,0.1903921356510463
kalman_velocity,jump_z,0.19020095205661322,0.19020095205661322
btc_impulse_x_eth_beta,sig_trend_health,0.18992534329938934,0.18992534329938934
smart_money_flow,mtf_trend_4h,0.18974528899748658,0.18974528899748658
oi_change_rate,mtf_trend_4h,0.18974528899748658,0.18974528899748658
big_trade_ratio,bb_width,0.18952661846418523,0.18952661846418523
btc_ret_3,sig_trend_health,0.18941476706645116,0.18941476706645116
funding_roc_288,cvd_288,0.1893837892365999,0.1893837892365999
net_taker_ratio,cvp_cluster_position,0.18931916437802745,0.18931916437802745
kalman_velocity,funding_oi_divergence,-0.189077937644727,0.189077937644727
rsi,eth_btc_beta_residual_z,0.18903407153605237,0.18903407153605237
volume_profile_signal,btc_ret_6,-0.1889850985104512,0.1889850985104512
log_return,hma_slope,0.18897350845183522,0.18897350845183522
btc_ret_6,btc_lead_eth_follow_gap_3,-0.18877531366494746,0.18877531366494746
taker_buy_quote,session_europe,0.18843377704523315,0.18843377704523315
compression_score,compression_release_down,0.18837234006779865,0.18837234006779865
hma_slope,sweep_prev_high_reclaim,0.18826967274832065,0.18826967274832065
vwap_dist_96,sweep_prev_high_reclaim,0.18825328998647742,0.18825328998647742
hma_slope,failed_breakout_up,0.18822133238412492,0.18822133238412492
vwap_dist_96,failed_breakout_up,0.18817506323601005,0.18817506323601005
btc_impulse_x_eth_beta,anchored_vwap_session_dist,0.187881715080407,0.187881715080407
hma_slope,jump_z,0.18786504063207138,0.18786504063207138
hma_slope,vwap_dist_288,0.1877698749401649,0.1877698749401649
hma_slope,cross_scale_curvature,0.18774394633762026,0.18774394633762026
sum_open_interest_value,last_funding_rate,0.18771150611081736,0.18771150611081736
eth_btc_beta_residual_z,vwap_dist_24,0.18770669930368997,0.18770669930368997
btc_ret_3,anchored_vwap_session_dist,0.18731153299298803,0.18731153299298803
mean_reversion_z,btc_ret_6,-0.18727356733439537,0.18727356733439537
hma_slope,funding_oi_divergence,-0.18667633403374106,0.18667633403374106
trade_intensity,garch_vol_z,-0.18629372896694327,0.18629372896694327
chop_index,atr_pct_rank_288,-0.1861567470969146,0.1861567470969146
bb_width,btc_corr_60,0.18577554233244853,0.18577554233244853
taker_acceleration,hma_slope,0.18572354797950644,0.18572354797950644
btc_ret_6,eth_btc_ret_spread_12,0.18571104898084165,0.18571104898084165
amihud_illiquidity_z,garch_vol_z,-0.18530294075685502,0.18530294075685502
cvd_288,crowding_pressure,0.18525969924290592,0.18525969924290592
funding_price_divergence,compression_release_up,0.18502460161447054,0.18502460161447054
amihud_illiquidity_z,bb_width_pct_rank_288,-0.18421581768230835,0.18421581768230835
mtf_trend_4h,cross_scale_curvature,-0.1839603878690999,0.1839603878690999
squeeze_power,fibonacci_level,0.18394462412660895,0.18394462412660895
short_squeeze_risk,crowding_pressure,-0.1836410432411869,0.1836410432411869
log_return,btc_ret_12,0.18320104516847657,0.18320104516847657
btc_ret_12,jump_z,0.18304054442568032,0.18304054442568032
mtf_trend_4h,compression_release_down,-0.183030730201611,0.183030730201611
wick_ratio,compression_release_up,-0.18299438697899445,0.18299438697899445
taker_buy_quote,whale_retail_ratio,0.18258530005319645,0.18258530005319645
long_squeeze_risk,crowded_long_unwind_risk,0.18251832593722506,0.18251832593722506
bb_width_z,amihud_illiquidity_z,-0.18251024096385454,0.18251024096385454
taker_buy_base,compression_release_down,-0.18211150135225168,0.18211150135225168
trades,btc_eth_volume_rank_spread,-0.18204348099450943,0.18204348099450943
fvg_dist,cross_scale_curvature,-0.18192570670641106,0.18192570670641106
cvd_12,cvd_288,0.18187613460527216,0.18187613460527216
mtf_trend_4h,eth_btc_ratio_change,0.18181886031950925,0.18181886031950925
btc_ret_6,crowding_pressure,0.1817634607298925,0.1817634607298925
regime_trending,compression_score,-0.18168404904908378,0.18168404904908378
rsi,btc_ret_z_48,0.18163802530394166,0.18163802530394166
eth_btc_beta_residual_z,crowded_short_squeeze_risk,0.1814233266917818,0.1814233266917818
mtf_trend_1h,ofi_acceleration,0.18133093884264093,0.18133093884264093
funding_price_divergence,sweep_prev_low_reclaim,-0.18129291580925935,0.18129291580925935
funding_price_divergence,failed_breakout_down,-0.1812752136942098,0.1812752136942098
btc_ret_12,funding_oi_divergence,-0.1812131411223559,0.1812131411223559
cvd_slope_12,compression_release_down,-0.18120740284126866,0.18120740284126866
big_trade_ratio,evt_excess_z,0.18112140841010932,0.18112140841010932
amihud_illiquidity_z,compression_release_down,0.1809201764667982,0.1809201764667982
cvp_cluster_position,crowding_pressure,0.18075935807977095,0.18075935807977095
volume_profile_signal,range_contraction_breakout_dir,-0.18074041253034986,0.18074041253034986
atr_pct_rank_288,compression_release_up,-0.18073636720625522,0.18073636720625522
big_trade_ratio,evt_tail_flag,0.1805894939147911,0.1805894939147911
sum_open_interest_value,long_squeeze_risk,0.1802105903374722,0.1802105903374722
bb_width_z,session_us,0.1800563195863647,0.1800563195863647
mtf_trend_4h,btc_breakout_eth_lag_dir,0.17988537884025474,0.17988537884025474
oi_up_price_down,sig_volume_confirm,0.1794790175762098,0.1794790175762098
volatility_z,chop_index,-0.17928999868098014,0.17928999868098014
btc_ret_12,btc_ret_z_48,0.1792563029329905,0.1792563029329905
distance_to_day_high_low_pct,sweep_prev_low_reclaim,-0.1792031487883887,0.1792031487883887
distance_to_day_high_low_pct,failed_breakout_down,-0.1791331533487691,0.1791331533487691
cvp_cluster_position,cvd_48,0.17902329944249082,0.17902329944249082
cvd_slope_12,compression_release_up,0.17854531154659095,0.17854531154659095
net_taker_ratio,crowded_long_unwind_risk,-0.1784649101130242,0.1784649101130242
price_cvd_divergence,sweep_prev_low_reclaim,-0.17844082218443294,0.17844082218443294
price_cvd_divergence,failed_breakout_down,-0.17838395393306242,0.17838395393306242
bb_width_pct_rank_288,compression_release_up,-0.17830465321882003,0.17830465321882003
hma_slope,cvd_48,0.17801910418702033,0.17801910418702033
last_funding_rate,fibonacci_level,0.17773358162340147,0.17773358162340147
funding_roc_48,crowded_short_squeeze_risk,-0.17756337509261713,0.17756337509261713
range_contraction_breakout_dir,crowded_short_squeeze_risk,0.17715919035904842,0.17715919035904842
cvp_cluster_position,eth_btc_beta_residual_z,0.17710695559856712,0.17710695559856712
funding_price_divergence,compression_release_down,-0.1770300383031535,0.1770300383031535
funding_price_divergence,oi_up_price_up,0.1770265366423384,0.1770265366423384
compression_release_up,distance_to_day_high_low_pct,0.17666586841090562,0.17666586841090562
rsi,crowded_short_squeeze_risk,0.1766570464523496,0.1766570464523496
cvd_12,vwap_dist_288,0.1764331664952533,0.1764331664952533
quote_volume_btc,chop_index,-0.17642218201583895,0.17642218201583895
volatility_z,compression_release_up,-0.17623110914342768,0.17623110914342768
dual_momentum,short_squeeze_risk,-0.17600567494366495,0.17600567494366495
price_cvd_divergence,sweep_prev_high_reclaim,0.17587047307095505,0.17587047307095505
distance_to_day_high_low_pct,sweep_prev_high_reclaim,0.17586907499874666,0.17586907499874666
cvd_slope_12,eth_btc_ret_spread_12,0.1758648290523072,0.1758648290523072
distance_to_day_high_low_pct,failed_breakout_up,0.17576631277359087,0.17576631277359087
price_cvd_divergence,failed_breakout_up,0.1757659286067262,0.1757659286067262
whale_retail_ratio,trade_intensity,0.17534559471787897,0.17534559471787897
cvd_48,crowding_pressure,0.175246761201649,0.175246761201649
smart_money_flow,funding_price_divergence,0.17522429117783736,0.17522429117783736
oi_change_rate,funding_price_divergence,0.17522429117783736,0.17522429117783736
amihud_illiquidity_z,compression_score,0.17468444463483446,0.17468444463483446
compression_release_up,garch_vol_z,-0.17460093627323067,0.17460093627323067
bb_width_pct_rank_288,compression_release_down,-0.1743979189380112,0.1743979189380112
oi_change_rate,eth_btc_ret_spread_12,0.17409673029280825,0.17409673029280825
smart_money_flow,eth_btc_ret_spread_12,0.17409673029280825,0.17409673029280825
range_contraction_breakout_dir,crowding_pressure,0.17407651939891444,0.17407651939891444
volume,svps,0.17407221599100034,0.17407221599100034
funding_roc_48,crowded_long_unwind_risk,0.17403016368862398,0.17403016368862398
fibonacci_level,long_squeeze_risk,0.17402286204030606,0.17402286204030606
squeeze_power,vwap_dist_288,0.17399681611808174,0.17399681611808174
vwap_dist_24,crowded_short_squeeze_risk,0.17388226751412958,0.17388226751412958
funding_price_divergence,sweep_prev_high_reclaim,0.173599049021958,0.173599049021958
funding_price_divergence,failed_breakout_up,0.17358379613042157,0.17358379613042157
breakout_strength,sweep_prev_low_reclaim,-0.17349739425809152,0.17349739425809152
breakout_strength,failed_breakout_down,-0.1734806807705855,0.1734806807705855
taker_buy_base,btc_corr_60,0.17334397400838222,0.17334397400838222
volume,btc_corr_60,0.1733365598177249,0.1733365598177249
mtf_trend_4h,btc_ret_1,0.17312293917475585,0.17312293917475585
volume_btc,chop_index,-0.17278215355598614,0.17278215355598614
hour_sin,bb_width_pct_rank_288,-0.17261585902084167,0.17261585902084167
cvp_volume_imbalance,failed_breakout_down,-0.1724772967639971,0.1724772967639971
cvp_volume_imbalance,sweep_prev_low_reclaim,-0.1724755222337946,0.1724755222337946
jump_z,sig_trend_health,0.17247167434261548,0.17247167434261548
bb_width_pct_rank_288,evt_excess_z,0.1722478410992997,0.1722478410992997
rsi,realized_skewness,0.17217186395315845,0.17217186395315845
whale_retail_ratio,cvd_288,0.172118938506936,0.172118938506936
cvp_cluster_position,cvd_breakout_z,0.17209727925675083,0.17209727925675083
mean_reversion_z,range_contraction_breakout_dir,-0.17195338872134897,0.17195338872134897
bb_width_pct_rank_288,evt_tail_flag,0.17162537424690003,0.17162537424690003
cvd_12,regime_persistence,0.17149401406353607,0.17149401406353607
eth_btc_ret_spread_12,compression_release_up,0.1713076454117323,0.1713076454117323
cvd_12,price_cvd_divergence,0.17112098274123763,0.17112098274123763
quote_volume_btc,hour_cos,-0.1707754834959794,0.1707754834959794
fibonacci_level,range_contraction_breakout_dir,0.17069716106407296,0.17069716106407296
eth_btc_ratio_change,cvd_slope_12,0.1706801231445179,0.1706801231445179
log_return,sig_trend_health,0.17038559121597271,0.17038559121597271
count_long_short_ratio,cvp_volume_imbalance,-0.17035504268486176,0.17035504268486176
eth_btc_ret_spread_12,oi_up_price_up,0.17029793375045169,0.17029793375045169
amihud_illiquidity_z,chop_index,0.17026621207767048,0.17026621207767048
cvp_volume_imbalance,sweep_prev_high_reclaim,0.17004126336826353,0.17004126336826353
quote_volume,svps,0.1700049834145922,0.1700049834145922
cvp_volume_imbalance,failed_breakout_up,0.16997459527062844,0.16997459527062844
big_trade_ratio,jump_flag,0.16991741021521392,0.16991741021521392
btc_ret_12,sweep_prev_low_reclaim,-0.16981973506362716,0.16981973506362716
btc_ret_12,failed_breakout_down,-0.16972898619501603,0.16972898619501603
breakout_strength,sweep_prev_high_reclaim,0.16952290862664368,0.16952290862664368
breakout_strength,failed_breakout_up,0.16942435937575215,0.16942435937575215
oi_change_rate,cross_scale_curvature,-0.16936946097289524,0.16936946097289524
smart_money_flow,cross_scale_curvature,-0.16936946097289524,0.16936946097289524
taker_buy_base,taker_acceleration,0.1693212268508194,0.1693212268508194
wick_ratio,compression_release_down,-0.16931384949970385,0.16931384949970385
garch_vol_z,evt_excess_z,0.16926983894540176,0.16926983894540176
trades,sum_toptrader_long_short_ratio,0.1691741607825462,0.1691741607825462
taker_buy_base,svps,0.169050035510893,0.169050035510893
cvd_breakout_z,range_contraction_breakout_dir,0.1688824486709833,0.1688824486709833
garch_vol_z,evt_tail_flag,0.1688682900089196,0.1688682900089196
volatility_z,compression_release_down,-0.1688573355590882,0.1688573355590882
compression_release_down,garch_vol_z,-0.16875871751700064,0.16875871751700064
realized_vol_ratio,btc_corr_60,0.16874416216391944,0.16874416216391944
mta_funding,funding_pressure,-0.16868053685744308,0.16868053685744308
trades,svps,0.16862842367015327,0.16862842367015327
net_taker_ratio,fvg_dist,0.16838944812455897,0.16838944812455897
funding_oi_divergence,sig_trend_health,-0.16821093482530122,0.16821093482530122
volume_btc,hour_cos,-0.16818538741490982,0.16818538741490982
compression_release_up,lower_wick_z,-0.16815677336364418,0.16815677336364418
session_europe,btc_volume_impulse_z,0.16804398216234856,0.16804398216234856
trade_intensity,btc_corr_60,-0.16800434978899506,0.16800434978899506
btc_corr_60,short_squeeze_risk,0.16794982468310257,0.16794982468310257
bb_width_pct_rank_288,jump_flag,0.167623607133744,0.167623607133744
hma_slope,btc_breakout_eth_lag_dir,0.16746981590229068,0.16746981590229068
last_funding_rate,vwap_dist_288,0.16741143525857036,0.16741143525857036
whale_conviction,crowding_pressure,0.16740258572661723,0.16740258572661723
big_trade_ratio,hour_cos,-0.16708463024165043,0.16708463024165043
macd_hist,sweep_prev_low_reclaim,-0.1668265846306875,0.1668265846306875
taker_buy_quote,compression_release_down,-0.16675695536958393,0.16675695536958393
macd_hist,failed_breakout_down,-0.16673066705961914,0.16673066705961914
high,parkinson_vol,0.16659386173514176,0.16659386173514176
funding_roc_12,funding_flip_signal,0.16612367274640746,0.16612367274640746
hour_sin,btc_volume_impulse_z,-0.16598703959240288,0.16598703959240288
fibonacci_level,funding_roc_288,0.16597776047720122,0.16597776047720122
cvd_slope_12,btc_ret_z_48,0.16592351324076438,0.16592351324076438
taker_buy_quote,svps,0.1659009388685991,0.1659009388685991
taker_acceleration,crowding_pressure,0.16533557132802407,0.16533557132802407
eth_btc_ratio_change,funding_price_divergence,0.16513351299727197,0.16513351299727197
eth_btc_ret_spread_12,compression_release_down,-0.16507829179402062,0.16507829179402062
short_squeeze_risk,funding_price_divergence,0.1650644776787974,0.1650644776787974
eth_btc_ret_spread_12,sweep_prev_low_reclaim,-0.1649579036291791,0.1649579036291791
eth_btc_ret_spread_12,failed_breakout_down,-0.16489539153252708,0.16489539153252708
btc_ret_z_48,vwap_reject_flag,-0.16478817659660916,0.16478817659660916
cvd_breakout_z,btc_ret_6,0.16449016372915753,0.16449016372915753
high,bb_width,0.16429203648343738,0.16429203648343738
close,parkinson_vol,0.1639994562983706,0.1639994562983706
open,parkinson_vol,0.16399881812254954,0.16399881812254954
compression_release_up,sig_trend_health,0.16399677461769785,0.16399677461769785
macd_hist,oi_up_price_up,0.1639229994765932,0.1639229994765932
mtf_trend_1h,turtle_signal,0.1637476832630008,0.1637476832630008
cvp_volume_imbalance,dual_momentum,0.16359532807189509,0.16359532807189509
eth_btc_ratio_change,vwap_reject_flag,-0.16349882693255446,0.16349882693255446
anchored_vwap_session_dist,failed_breakout_down,-0.1631974005744371,0.1631974005744371
anchored_vwap_session_dist,sweep_prev_low_reclaim,-0.16319593293723805,0.16319593293723805
btc_ret_6,vwap_dist_288,0.16302702513990416,0.16302702513990416
quote_volume_btc,btc_corr_60,0.1628368547418526,0.1628368547418526
realized_skewness,cvd_breakout_z,0.16261238985442694,0.16261238985442694
squeeze_power,mean_reversion_z,-0.1622415505383808,0.1622415505383808
close,bb_width,0.1620598914188486,0.1620598914188486
open,bb_width,0.16205805980928378,0.16205805980928378
eth_btc_ratio_change,vwap_reclaim_flag,0.161998308083108,0.161998308083108
quote_volume_btc,amihud_illiquidity_z,-0.16199472614194818,0.16199472614194818
realized_vol_ratio,execution_quality,-0.16192782392467822,0.16192782392467822
kalman_velocity,compression_release_up,0.16188870683833784,0.16188870683833784
funding_z_score,vwap_dist_288,0.16174692352734765,0.16174692352734765
bb_width,liquidity_vacuum,-0.16173329392315453,0.16173329392315453
vwap_dist_288,ou_funding_z,0.16169711947053703,0.16169711947053703
atr_pct_rank_288,compression_release_down,-0.16169507521632642,0.16169507521632642
volume,hour_cos,-0.16139895961414868,0.16139895961414868
low,parkinson_vol,0.16136867436033206,0.16136867436033206
long_squeeze_risk,vwap_dist_288,0.16107733678157976,0.16107733678157976
garch_vol_z,jump_flag,0.16071069680146569,0.16071069680146569
high,garman_klass_vol,0.16049668622424715,0.16049668622424715
volume_btc,amihud_illiquidity_z,-0.1603332166509019,0.1603332166509019
failed_breakout_down,liquidity_vacuum,-0.16027521449844814,0.16027521449844814
hour_sin,session_europe,0.16026727814160147,0.16026727814160147
fibonacci_level,funding_z_score,0.16026513954792163,0.16026513954792163
btc_ret_z_48,vwap_reclaim_flag,0.16024531794423688,0.16024531794423688
fibonacci_level,ou_funding_z,0.16021730333728867,0.16021730333728867
squeeze_power,volume_profile_signal,-0.16014041560301034,0.16014041560301034
eth_btc_ret_spread_12,sweep_prev_high_reclaim,0.15986410701302153,0.15986410701302153
eth_btc_ret_spread_12,failed_breakout_up,0.15984169405465964,0.15984169405465964
low,bb_width,0.1597861161353388,0.1597861161353388
turtle_signal,vwap_dist_24,0.15975359299949554,0.15975359299949554
oi_change_rate,long_squeeze_risk,0.15974985545087328,0.15974985545087328
smart_money_flow,long_squeeze_risk,0.15974985545087328,0.15974985545087328
anchored_vwap_session_dist,sweep_prev_high_reclaim,0.15961399557333547,0.15961399557333547
high,quote_volume_btc,0.1595983166012444,0.1595983166012444
anchored_vwap_session_dist,failed_breakout_up,0.15957044444022678,0.15957044444022678
sweep_prev_low_reclaim,liquidity_vacuum,-0.15915777015980503,0.15915777015980503
cvp_volume_imbalance,jump_z,0.15886501822887109,0.15886501822887109
compression_release_down,upper_wick_z,-0.15884402504323153,0.15884402504323153
btc_ret_12,compression_release_up,0.1587674133959626,0.1587674133959626
price_cvd_divergence,btc_lead_eth_follow_gap_3,-0.1586782843101112,0.1586782843101112
parkinson_vol,evt_excess_z,0.15828168528808398,0.15828168528808398
btc_ret_6,sweep_prev_low_reclaim,-0.15799191731262469,0.15799191731262469
btc_ret_6,failed_breakout_down,-0.15797470512507852,0.15797470512507852
close,garman_klass_vol,0.15792467745196523,0.15792467745196523
open,garman_klass_vol,0.15792335213133615,0.15792335213133615
btc_ret_1,vwap_reject_flag,-0.15791747565730535,0.15791747565730535
funding_price_divergence,btc_breakout_eth_lag_dir,0.15791347479279522,0.15791347479279522
parkinson_vol,evt_tail_flag,0.15778922786664834,0.15778922786664834
trade_intensity,realized_vol_ratio,-0.15764487721289275,0.15764487721289275
kalman_velocity,compression_release_down,-0.1574652375651804,0.1574652375651804
cvd_slope_48,sig_trend_health,0.15742297844770023,0.15742297844770023
distance_to_day_high_low_pct,oi_up_price_up,0.1574162199535048,0.1574162199535048
price_cvd_divergence,btc_impulse_x_eth_beta,0.15717183327704992,0.15717183327704992
open,quote_volume_btc,0.15711351937578888,0.15711351937578888
close,quote_volume_btc,0.15705898414523561,0.15705898414523561
log_return,cvp_volume_imbalance,0.15698818674477338,0.15698818674477338
funding_roc_288,vwap_dist_288,0.1568292719863956,0.1568292719863956
price_cvd_divergence,btc_ret_3,0.1567183121299348,0.1567183121299348
cvp_poc_dist,btc_lead_eth_follow_gap_3,-0.15670848671010568,0.15670848671010568
hma_slope,compression_release_up,0.15650981177944404,0.15650981177944404
evt_excess_z,execution_quality,-0.15650782496914856,0.15650782496914856
cvd_288,eth_btc_ret_spread_48,0.15649086309336843,0.15649086309336843
evt_tail_flag,execution_quality,-0.15636906212425108,0.15636906212425108
bb_width_z,regime_trending,0.15631817366043682,0.15631817366043682
cvd_48,range_contraction_breakout_dir,0.15628609497081147,0.15628609497081147
taker_buy_base,hour_cos,-0.1561422100172565,0.1561422100172565
taker_buy_quote,taker_acceleration,0.15599840421663896,0.15599840421663896
cvd_slope_12,btc_ret_1,0.15579184970429177,0.15579184970429177
macd_hist,sweep_prev_high_reclaim,0.15577911035299535,0.15577911035299535
macd_hist,failed_breakout_up,0.1557207304075951,0.1557207304075951
bb_width,svps,0.1556861766817747,0.1556861766817747
high,rogers_satchell_vol,0.15545670221071964,0.15545670221071964
btc_corr_60,dual_momentum,-0.155397957795858,0.155397957795858
low,garman_klass_vol,0.155314517799024,0.155314517799024
btc_ret_1,vwap_reclaim_flag,0.15519272986468804,0.15519272986468804
bb_width,hour_sin,-0.1550819077287303,0.1550819077287303
taker_buy_base,ofi_acceleration,0.15507107876828558,0.15507107876828558
last_funding_rate,mean_reversion_z,-0.15506087115609035,0.15506087115609035
cvd_48,btc_ret_6,0.15499976684565314,0.15499976684565314
low,quote_volume_btc,0.1544919550472111,0.1544919550472111
hma_slope,compression_release_down,-0.1543648670036404,0.1543648670036404
cvp_volume_imbalance,funding_oi_divergence,-0.15415521342247387,0.15415521342247387
lower_wick_z,failed_breakout_down,0.15404517833869277,0.15404517833869277
oi_change_rate,btc_ret_12,0.15398968653499245,0.15398968653499245
smart_money_flow,btc_ret_12,0.15398968653499245,0.15398968653499245
count_long_short_ratio,anchored_vwap_session_dist,-0.15379812174651328,0.15379812174651328
cvp_poc_dist,btc_impulse_x_eth_beta,0.15365003255017276,0.15365003255017276
eth_btc_ratio_change,kalman_velocity,0.1535767273067824,0.1535767273067824
cvp_poc_dist,btc_ret_3,0.1533753836580358,0.1533753836580358
close_btc,cvd_288,-0.15334331837493465,0.15334331837493465
last_funding_rate,volume_profile_signal,-0.15320832571273973,0.15320832571273973
low,dual_momentum,0.15295915521765305,0.15295915521765305
close,rogers_satchell_vol,0.15291343383040334,0.15291343383040334
open,rogers_satchell_vol,0.15291189930352939,0.15291189930352939
funding_z_score,funding_price_divergence,-0.15277793030497738,0.15277793030497738
close,dual_momentum,0.1527587218435298,0.1527587218435298
eth_btc_ratio_change,distance_to_day_high_low_pct,0.15268375169034135,0.15268375169034135
hma_slope,eth_btc_ratio_change,0.15261189086298596,0.15261189086298596
open,dual_momentum,0.15261086757929182,0.15261086757929182
funding_price_divergence,crowded_short_squeeze_risk,0.15257496354333222,0.15257496354333222
funding_price_divergence,ou_funding_z,-0.1525664780770611,0.1525664780770611
high,dual_momentum,0.15245060151152307,0.15245060151152307
btc_ret_12,oi_up_price_up,0.15239912808129366,0.15239912808129366
hma_slope,regime_persistence,0.15235936677840475,0.15235936677840475
btc_corr_60,bb_width_pct_rank_288,0.15226791261068484,0.15226791261068484
volume,failed_breakout_down,0.1521428600724924,0.1521428600724924
lower_wick_z,sweep_prev_low_reclaim,0.15212760051177954,0.15212760051177954
quote_volume_btc,hour_sin,-0.15209585447996568,0.15209585447996568
compression_release_up,vwap_reject_flag,-0.15200574184343635,0.15200574184343635
volume,sweep_prev_low_reclaim,0.15192801963059624,0.15192801963059624
svps,bb_width_pct_rank_288,0.1518609148495475,0.1518609148495475
compression_release_down,vwap_reclaim_flag,-0.151790274193713,0.151790274193713
breakout_strength,jump_z,0.15145572748100614,0.15145572748100614
funding_price_divergence,btc_ret_1,0.15112919202239214,0.15112919202239214
quote_volume,hour_cos,-0.15107188294201085,0.15107188294201085
volatility_z,hurst_48,0.15096097782890305,0.15096097782890305
eth_btc_ret_spread_48,failed_breakout_down,-0.150858856271797,0.150858856271797
eth_btc_ret_spread_48,sweep_prev_low_reclaim,-0.15085428848414595,0.15085428848414595
bb_width,evt_excess_z,0.1508513632280352,0.1508513632280352
log_return,vwap_dist_96,0.15060480966216985,0.15060480966216985
bb_width_z,evt_excess_z,0.15038936936827954,0.15038936936827954
bb_width,evt_tail_flag,0.15036957867216563,0.15036957867216563
low,rogers_satchell_vol,0.1503296645926544,0.1503296645926544
volume_btc,hour_sin,-0.15022748540118752,0.15022748540118752
btc_ret_6,crowded_short_squeeze_risk,0.15019990136222203,0.15019990136222203
trade_intensity,jump_flag,-0.15009600352258856,0.15009600352258856
cvd_slope_12,vwap_dist_24,0.15008231704770467,0.15008231704770467
volume_profile_signal,long_squeeze_risk,-0.1500566443873112,0.1500566443873112
trades,trade_intensity,-0.15001031341051718,0.15001031341051718
bb_width_z,execution_quality,-0.14992446204954032,0.14992446204954032
vwap_dist_96,jump_z,0.14991969698520097,0.14991969698520097
bb_width_z,evt_tail_flag,0.14974803864387307,0.14974803864387307
macd_hist,btc_breakout_eth_lag_dir,0.14969236173651815,0.14969236173651815
log_return,breakout_strength,0.14965715361141835,0.14965715361141835
fvg_dist,btc_ret_z_48,0.14956088080894767,0.14956088080894767
close_btc,volume_btc,-0.14944736236268155,0.14944736236268155
mean_reversion_z,long_squeeze_risk,-0.14934005353479188,0.14934005353479188
btc_corr_60,hour_sin,-0.1492828662552562,0.1492828662552562
kel,oi_up_price_up,0.1491952538310189,0.1491952538310189
crowded_long_unwind_risk,cross_scale_curvature,0.14918595964972214,0.14918595964972214
compression_release_down,distance_to_day_high_low_pct,-0.14915789410622587,0.14915789410622587
mean_reversion_z,funding_z_score,-0.14910800827469325,0.14910800827469325
mean_reversion_z,ou_funding_z,-0.14906967193699128,0.14906967193699128
trade_intensity,evt_excess_z,-0.1489265870139916,0.1489265870139916
net_taker_ratio,hma_slope,0.1487919424848224,0.1487919424848224
hour_cos,liquidity_vacuum,0.14878921468428996,0.14878921468428996
high,funding_abs,0.14874219254033633,0.14874219254033633
close,funding_abs,0.14866308530977757,0.14866308530977757
open,funding_abs,0.14864696327830737,0.14864696327830737
eth_btc_ret_spread_48,sweep_prev_high_reclaim,0.14862360400273059,0.14862360400273059
upper_wick_z,evt_excess_z,-0.14859909117910042,0.14859909117910042
low,funding_abs,0.14858360664474685,0.14858360664474685
eth_btc_ret_spread_48,failed_breakout_up,0.14856631585023874,0.14856631585023874
upper_wick_z,evt_tail_flag,-0.14855943334901944,0.14855943334901944
trade_intensity,evt_tail_flag,-0.14842513186296075,0.14842513186296075
vwap_dist_96,funding_oi_divergence,-0.14813320849477865,0.14813320849477865
sum_open_interest_value,ou_halflife,0.1479368398823179,0.1479368398823179
taker_buy_base,oi_up_price_up,0.14772063396127944,0.14772063396127944
svps,compression_score,-0.1471919580745507,0.1471919580745507
taker_acceleration,cvp_cluster_position,0.14711283086876667,0.14711283086876667
taker_buy_quote,hour_cos,-0.14696920899449703,0.14696920899449703
breakout_strength,funding_oi_divergence,-0.14696489801474424,0.14696489801474424
eth_btc_ratio_change,btc_impulse_x_eth_beta,0.14690791427779243,0.14690791427779243
garman_klass_vol,evt_excess_z,0.14687900237079285,0.14687900237079285
btc_ret_1,distance_to_day_high_low_pct,0.14684870249761822,0.14684870249761822
hurst_48,atr_pct_rank_288,0.14672413386003683,0.14672413386003683
btc_ret_1,btc_lead_eth_follow_gap_3,-0.14669141671563754,0.14669141671563754
btc_corr_60,cvp_volume_imbalance,-0.14668134240314087,0.14668134240314087
fvg_dist,eth_btc_beta_residual_z,0.1466789551833638,0.1466789551833638
upper_wick_z,failed_breakout_up,0.14666479186430895,0.14666479186430895
smart_money_flow,distance_to_day_high_low_pct,0.14656760180162834,0.14656760180162834
oi_change_rate,distance_to_day_high_low_pct,0.14656760180162834,0.14656760180162834
failed_breakout_up,liquidity_vacuum,-0.14645083645244544,0.14645083645244544
garman_klass_vol,evt_tail_flag,0.1464490240558193,0.1464490240558193
parkinson_vol,jump_flag,0.14626370737751454,0.14626370737751454
btc_ret_12,sweep_prev_high_reclaim,0.1461376825828307,0.1461376825828307
btc_ret_12,failed_breakout_up,0.14608467429188707,0.14608467429188707
btc_ret_z_48,btc_lead_eth_follow_gap_3,-0.14596188598414567,0.14596188598414567
squeeze_power,turtle_signal,0.14595089551395724,0.14595089551395724
log_return,macd_hist,0.14583958360718519,0.14583958360718519
count_long_short_ratio,breakout_strength,-0.145814541144725,0.145814541144725
taker_acceleration,short_squeeze_risk,0.14579553124854086,0.14579553124854086
lower_wick_z,evt_excess_z,-0.14577729747571577,0.14577729747571577
lower_wick_z,evt_tail_flag,-0.14568065642000058,0.14568065642000058
btc_ret_12,compression_release_down,-0.14567890568563496,0.14567890568563496
cvd_288,price_cvd_divergence,0.1455105009615036,0.1455105009615036
sweep_prev_high_reclaim,liquidity_vacuum,-0.14530070744005485,0.14530070744005485
bb_width_z,compression_release_up,-0.14496261325688575,0.14496261325688575
macd_hist,jump_z,0.14494824923279892,0.14494824923279892
cvd_slope_12,crowding_pressure,0.14487378095758252,0.14487378095758252
range_contraction_breakout_dir,vwap_dist_288,0.14485904411727413,0.14485904411727413
bb_width_z,jump_flag,0.14483565324433845,0.14483565324433845
dual_momentum,breakout_strength,0.14479392390519477,0.14479392390519477
kel,oi_up_price_down,0.14476845170198843,0.14476845170198843
upper_wick_z,sweep_prev_high_reclaim,0.14463961736364267,0.14463961736364267
quote_volume,failed_breakout_down,0.14456820706870138,0.14456820706870138
quote_volume,sweep_prev_low_reclaim,0.14441265577598195,0.14441265577598195
eth_btc_ratio_change,btc_ret_3,0.14437720573305907,0.14437720573305907
cvp_volume_imbalance,compression_release_up,0.14422347725718124,0.14422347725718124
macd_hist,funding_oi_divergence,-0.14417861942111954,0.14417861942111954
rsi,cvd_slope_12,0.14406245474334045,0.14406245474334045
cvd_12,failed_breakout_down,-0.14368487431404472,0.14368487431404472
cvd_12,sweep_prev_low_reclaim,-0.14360415055115405,0.14360415055115405
btc_ret_12,eth_btc_ret_spread_48,0.14344920358902194,0.14344920358902194
cvp_poc_dist,failed_breakout_down,-0.14343075575734587,0.14343075575734587
smart_money_flow,cvd_slope_48,0.143426947272413,0.143426947272413
oi_change_rate,cvd_slope_48,0.143426947272413,0.143426947272413
chop_index,btc_eth_volume_rank_spread,0.1434022678310148,0.1434022678310148
cvp_poc_dist,sweep_prev_low_reclaim,-0.14338625972369426,0.14338625972369426
bb_width,amihud_illiquidity_z,-0.1430890846344436,0.1430890846344436
taker_buy_quote,ofi_acceleration,0.14307363150148303,0.14307363150148303
last_funding_rate,crowded_long_unwind_risk,0.14296738237827722,0.14296738237827722
taker_buy_quote,oi_up_price_up,0.1426756749220684,0.1426756749220684
jump_flag,execution_quality,-0.14260553772619833,0.14260553772619833
bb_width_z,compression_release_down,-0.1422683756352536,0.1422683756352536
squeeze_power,crowded_long_unwind_risk,0.1422493293968442,0.1422493293968442
bb_width,compression_release_up,-0.1417741684174266,0.1417741684174266
net_taker_ratio,vwap_reject_flag,-0.1417447444421198,0.1417447444421198
eth_btc_ratio_change,sig_trend_health,0.14161455683607962,0.14161455683607962
last_funding_rate,turtle_signal,0.14144096837095343,0.14144096837095343
turtle_signal,btc_ret_12,0.14137063234746924,0.14137063234746924
volume_profile_signal,funding_z_score,-0.14131164230949567,0.14131164230949567
volume_profile_signal,ou_funding_z,-0.14126499211003063,0.14126499211003063
mean_reversion_z,funding_roc_288,-0.1412473890321321,0.1412473890321321
kalman_velocity,btc_ret_1,0.14114461557444455,0.14114461557444455
fvg_dist,btc_breakout_eth_lag_dir,0.14091176178463707,0.14091176178463707
compression_release_down,sig_trend_health,-0.14061683823488302,0.14061683823488302
bb_width,jump_flag,0.1404612292391022,0.1404612292391022
jump_z,sig_liquidity_trap,0.14035576841987682,0.14035576841987682
chop_index,execution_quality,0.14028081742517812,0.14028081742517812
vwap_reject_flag,cross_scale_curvature,0.13976702893575807,0.13976702893575807
funding_z_score,funding_pressure,-0.13969541999686955,0.13969541999686955
hma_slope,btc_ret_1,0.13966351292030574,0.13966351292030574
vwap_reclaim_flag,cross_scale_curvature,-0.13964414716908186,0.13964414716908186
cvp_poc_dist,sweep_prev_high_reclaim,0.13962901711711365,0.13962901711711365
upper_wick_z,sig_trend_health,-0.13962377228587655,0.13962377228587655
turtle_signal,eth_btc_ret_spread_12,0.13958134613072365,0.13958134613072365
funding_pressure,ou_funding_z,-0.13957413717479603,0.13957413717479603
compression_release_up,vwap_dist_96,0.13956673816408238,0.13956673816408238
cvp_poc_dist,failed_breakout_up,0.1395588021155997,0.1395588021155997
hma_slope,sig_volume_confirm,0.13950242597777182,0.13950242597777182
log_return,anchored_vwap_session_dist,0.13945083351153806,0.13945083351153806
short_squeeze_risk,btc_lead_eth_follow_gap_3,-0.13928660741842158,0.13928660741842158
rogers_satchell_vol,evt_excess_z,0.13911644771123996,0.13911644771123996
sum_open_interest_value,cvd_288,-0.13898217088127973,0.13898217088127973
rogers_satchell_vol,evt_tail_flag,0.13873274669493643,0.13873274669493643
anchored_vwap_session_dist,jump_z,0.13855216024630373,0.13855216024630373
fibonacci_level,btc_lead_eth_follow_gap_3,-0.1384612497380247,0.1384612497380247
cvp_poc_dist,cvd_288,0.13844909447213377,0.13844909447213377
funding_roc_12,funding_roc_288,0.1383912257788694,0.1383912257788694
hma_slope,crowded_short_squeeze_risk,0.13797540813794873,0.13797540813794873
trades,hour_sin,-0.13795437292029328,0.13795437292029328
fibonacci_level,btc_impulse_x_eth_beta,0.13783239937315994,0.13783239937315994
bb_width_pct_rank_288,execution_quality,-0.13776014309993204,0.13776014309993204
volatility_z,amihud_illiquidity_z,-0.137753879726087,0.137753879726087
kalman_velocity,sig_volume_confirm,0.13774609204743674,0.13774609204743674
fibonacci_level,btc_ret_3,0.13757998839321695,0.13757998839321695
turtle_signal,kalman_velocity,0.1375746652410085,0.1375746652410085
net_taker_ratio,vwap_reclaim_flag,0.13743784686041224,0.13743784686041224
bb_width,compression_release_down,-0.13713019622651806,0.13713019622651806
turtle_signal,funding_price_divergence,0.13702851567555663,0.13702851567555663
volume_profile_signal,funding_roc_288,-0.1368810517458793,0.1368810517458793
taker_buy_base,failed_breakout_down,0.13686625115607642,0.13686625115607642
anchored_vwap_session_dist,funding_oi_divergence,-0.13686548225966946,0.13686548225966946
btc_ret_6,sweep_prev_high_reclaim,0.1368435508284975,0.1368435508284975
taker_acceleration,fvg_dist,0.13682165861333445,0.13682165861333445
btc_ret_6,failed_breakout_up,0.1368189053670403,0.1368189053670403
btc_breakout_eth_lag_dir,distance_to_day_high_low_pct,0.13680544782629256,0.13680544782629256
rsi,cvd_288,0.13676818007253536,0.13676818007253536
bb_width_z,svps,0.13668603558050924,0.13668603558050924
taker_buy_base,sweep_prev_low_reclaim,0.13668330991718314,0.13668330991718314
dual_momentum,anchored_vwap_session_dist,0.13619094400612594,0.13619094400612594
net_taker_ratio,lower_wick_z,-0.13616676208463072,0.13616676208463072
log_return,sig_liquidity_trap,0.1361627101498441,0.1361627101498441
smart_money_flow,sig_volume_confirm,0.13609523941124066,0.13609523941124066
oi_change_rate,sig_volume_confirm,0.13609523941124066,0.13609523941124066
breakout_strength,compression_release_up,0.135866901105933,0.135866901105933
fvg_dist,crowded_short_squeeze_risk,0.13579044789367992,0.13579044789367992
amihud_illiquidity_z,atr_pct_rank_288,-0.13576445023044348,0.13576445023044348
cvd_slope_12,eth_btc_beta_residual_z,0.1357302226703835,0.1357302226703835
whale_retail_ratio,cvp_volume_imbalance,0.13570368769861332,0.13570368769861332
garman_klass_vol,jump_flag,0.13557557570826792,0.13557557570826792
kalman_velocity,crowded_short_squeeze_risk,0.1355743062885242,0.1355743062885242
compression_release_down,sig_liquidity_trap,-0.13553538108524857,0.13553538108524857
btc_corr_60,breakout_strength,-0.1350498999844395,0.1350498999844395
taker_buy_base,jump_z,0.13484916986854456,0.13484916986854456
trades,failed_breakout_down,0.13479490721182125,0.13479490721182125
realized_vol_ratio,compression_release_up,-0.13476581519296493,0.13476581519296493
cvd_12,btc_breakout_eth_lag_dir,0.13468121684559667,0.13468121684559667
trades,sweep_prev_low_reclaim,0.13463342311323492,0.13463342311323492
taker_acceleration,rsi,0.13462898882777305,0.13462898882777305
oi_change_rate,cvd_12,0.13454872428082626,0.13454872428082626
smart_money_flow,cvd_12,0.13454872428082626,0.13454872428082626
cvd_12,failed_breakout_up,0.13449079511371143,0.13449079511371143
long_squeeze_risk,crowded_short_squeeze_risk,-0.13443588041917767,0.13443588041917767
cvd_12,sweep_prev_high_reclaim,0.13435071718548486,0.13435071718548486
cvd_slope_12,sig_volume_confirm,0.13428041179871067,0.13428041179871067
realized_vol_ratio,compression_release_down,-0.133858797285722,0.133858797285722
btc_breakout_eth_lag_dir,jump_z,0.13377872464745638,0.13377872464745638
taker_buy_quote,failed_breakout_up,0.13373986033387716,0.13373986033387716
trade_intensity,cvd_288,-0.13372378884504632,0.13372378884504632
net_taker_ratio,kalman_velocity,0.13358796568651082,0.13358796568651082
oi_up_price_down,crowding_pressure,0.13355628100903716,0.13355628100903716
taker_buy_quote,sweep_prev_high_reclaim,0.13347495361530087,0.13347495361530087
net_taker_ratio,funding_price_divergence,0.1334655886603581,0.1334655886603581
fvg_dist,cvd_slope_12,0.13345441445578576,0.13345441445578576
volume_profile_signal,failed_breakout_down,0.13341679769497924,0.13341679769497924
volume_profile_signal,sweep_prev_low_reclaim,0.13334099541743769,0.13334099541743769
taker_buy_base,failed_breakout_up,0.13328700816812813,0.13328700816812813
volume_profile_signal,failed_breakout_up,-0.13307336236357414,0.13307336236357414
cvp_cluster_position,cvd_slope_48,0.1330201143568646,0.1330201143568646
funding_oi_divergence,sig_liquidity_trap,-0.13301589709202544,0.13301589709202544
volume_profile_signal,sweep_prev_high_reclaim,-0.13301250773273154,0.13301250773273154
squeeze_power,trade_intensity,0.1329847085908706,0.1329847085908706
lower_wick_z,jump_flag,-0.13295439977516527,0.13295439977516527
macd_hist,vwap_dist_96,0.13290830311906188,0.13290830311906188
compression_score,execution_quality,0.13290781521365153,0.13290781521365153
taker_buy_base,sweep_prev_high_reclaim,0.1328923244078476,0.1328923244078476
atr_pct_rank_288,liquidity_vacuum,-0.1325441635537945,0.1325441635537945
cvd_slope_48,jump_z,0.13242144047251,0.13242144047251
range_contraction_breakout_dir,regime_persistence,0.13229557708950834,0.13229557708950834
btc_ret_12,btc_lead_eth_follow_gap_3,-0.1321103692804767,0.1321103692804767
btc_impulse_x_eth_beta,sweep_prev_low_reclaim,-0.13208348991720395,0.13208348991720395
quote_volume,squeeze_power,0.13207285644575856,0.13207285644575856
btc_impulse_x_eth_beta,failed_breakout_down,-0.13201157307340902,0.13201157307340902
log_return,btc_breakout_eth_lag_dir,0.13189170829395735,0.13189170829395735
funding_z_score,cvd_288,0.1318409659518664,0.1318409659518664
cvd_288,ou_funding_z,0.1318044924523415,0.1318044924523415
btc_ret_3,sweep_prev_low_reclaim,-0.13177528634565178,0.13177528634565178
crowded_long_unwind_risk,crowded_short_squeeze_risk,-0.13176364149812764,0.13176364149812764
upper_wick_z,jump_flag,-0.13174081101584173,0.13174081101584173
btc_ret_3,failed_breakout_down,-0.13170498283293247,0.13170498283293247
last_funding_rate,mta_funding,-0.13126179074184188,0.13126179074184188
volume_profile_signal,btc_impulse_x_eth_beta,-0.1311697279734819,0.1311697279734819
volume_profile_signal,btc_lead_eth_follow_gap_3,0.13111778880865094,0.13111778880865094
btc_ret_6,regime_persistence,0.13104115564916013,0.13104115564916013
taker_buy_base,log_return,0.1310384398750316,0.1310384398750316
garch_vol_z,execution_quality,-0.13093266133267295,0.13093266133267295
volume_profile_signal,btc_ret_3,-0.1308272538026866,0.1308272538026866
amihud_illiquidity_z,btc_eth_volume_rank_spread,0.1308226298039962,0.1308226298039962
cvd_slope_12,crowded_short_squeeze_risk,0.1307963699559481,0.1307963699559481
net_taker_ratio,btc_ret_12,0.13079499223576524,0.13079499223576524
compression_release_up,sig_liquidity_trap,0.13073324776586095,0.13073324776586095
btc_breakout_eth_lag_dir,funding_oi_divergence,-0.13065069179795766,0.13065069179795766
sum_open_interest_value,dual_momentum,0.1306249810216347,0.1306249810216347
taker_buy_quote,failed_breakout_down,0.13062089211414185,0.13062089211414185
taker_buy_quote,sweep_prev_low_reclaim,0.13049861528514878,0.13049861528514878
cvd_breakout_z,crowding_pressure,0.13031054677629833,0.13031054677629833
mean_reversion_z,btc_impulse_x_eth_beta,-0.13019308564416854,0.13019308564416854
turtle_signal,long_squeeze_risk,0.13015392748115626,0.13015392748115626
dual_momentum,regime_persistence,0.13014173665290818,0.13014173665290818
trades,hour_cos,-0.1300239935688195,0.1300239935688195
mean_reversion_z,btc_ret_3,-0.12996530200869688,0.12996530200869688
mean_reversion_z,btc_lead_eth_follow_gap_3,0.12983708679420777,0.12983708679420777
smart_money_flow,sweep_prev_high_reclaim,0.12981679719745082,0.12981679719745082
oi_change_rate,sweep_prev_high_reclaim,0.12981679719745082,0.12981679719745082
taker_acceleration,kalman_velocity,0.12978710231246782,0.12978710231246782
smart_money_flow,failed_breakout_up,0.12974507185296813,0.12974507185296813
oi_change_rate,failed_breakout_up,0.12974507185296813,0.12974507185296813
log_return,cvd_slope_48,0.12966756134963558,0.12966756134963558
macd_hist,cvp_volume_imbalance,0.12942182442843794,0.12942182442843794
bb_width_z,hour_cos,-0.12933477590563405,0.12933477590563405
compression_release_up,liquidity_vacuum,0.1292484170818699,0.1292484170818699
count_long_short_ratio,regime_persistence,-0.12915898524054123,0.12915898524054123
btc_corr_60,btc_volume_impulse_z,0.1291110705333775,0.1291110705333775
turtle_signal,cvd_12,0.12889972594937008,0.12889972594937008
mean_reversion_z,failed_breakout_down,0.12881372634674026,0.12881372634674026
mean_reversion_z,sweep_prev_low_reclaim,0.12878322809877038,0.12878322809877038
taker_buy_base,funding_oi_divergence,-0.1287141391523816,0.1287141391523816
btc_corr_60,regime_persistence,-0.12868117692520425,0.12868117692520425
volatility_z,liquidity_vacuum,-0.12867094135072615,0.12867094135072615
rogers_satchell_vol,jump_flag,0.1283938407675837,0.1283938407675837
cvd_slope_48,funding_oi_divergence,-0.12833628902810762,0.12833628902810762
net_taker_ratio,upper_wick_z,0.12826733955605474,0.12826733955605474
trade_intensity,bb_width,-0.12802711800357225,0.12802711800357225
session_europe,liquidity_vacuum,-0.12800818029298613,0.12800818029298613
compression_release_up,anchored_vwap_session_dist,0.12797677551508363,0.12797677551508363
taker_buy_base,hour_sin,-0.12789396659867203,0.12789396659867203
squeeze_power,mta_funding,-0.12783310553762567,0.12783310553762567
trades,btc_corr_60,0.12782156857428567,0.12782156857428567
trades,execution_quality,-0.12774467838430617,0.12774467838430617
trade_intensity,hour_cos,0.12751407169901371,0.12751407169901371
cvd_breakout_z,failed_breakout_down,-0.1273532699778729,0.1273532699778729
taker_buy_quote,jump_z,0.12728932467599022,0.12728932467599022
cvd_breakout_z,sweep_prev_low_reclaim,-0.12728931378860248,0.12728931378860248
high,ou_halflife,0.12684783453422005,0.12684783453422005
open,ou_halflife,0.12681181923092333,0.12681181923092333
close,ou_halflife,0.12679626314080977,0.12679626314080977
low,ou_halflife,0.1267214749320174,0.1267214749320174
macd_hist,compression_release_down,-0.12666535208580162,0.12666535208580162
compression_release_up,sig_volume_confirm,-0.12666422086221021,0.12666422086221021
btc_breakout_eth_lag_dir,vwap_dist_96,0.12661961112077766,0.12661961112077766
smart_money_flow,vwap_dist_96,0.12657302312958352,0.12657302312958352
oi_change_rate,vwap_dist_96,0.12657302312958352,0.12657302312958352
taker_buy_quote,squeeze_power,0.12654722322746284,0.12654722322746284
mean_reversion_z,failed_breakout_up,-0.12651508961778987,0.12651508961778987
volume,hour_sin,-0.1264974437003107,0.1264974437003107
mean_reversion_z,sweep_prev_high_reclaim,-0.1264922391599454,0.1264922391599454
lower_wick_z,sig_trend_health,0.12641547428085612,0.12641547428085612
eth_btc_beta_residual_z,btc_breakout_eth_lag_dir,-0.12639513555620954,0.12639513555620954
quote_volume,failed_breakout_up,0.12615761260830913,0.12615761260830913
funding_roc_48,funding_pressure,-0.1261428716086017,0.1261428716086017
cvd_12,jump_z,0.12611325203353038,0.12611325203353038
volume,failed_breakout_up,0.12602051666216832,0.12602051666216832
quote_volume,sweep_prev_high_reclaim,0.12598159770732292,0.12598159770732292
oi_up_price_up,sig_trend_health,0.12592051216641942,0.12592051216641942
big_trade_ratio,svps,0.12572170266713978,0.12572170266713978
volume,sweep_prev_high_reclaim,0.12570940880978718,0.12570940880978718
big_trade_ratio,failed_breakout_down,0.12565548343582372,0.12565548343582372
rsi,sig_volume_confirm,0.12560585660725107,0.12560585660725107
btc_corr_60,anchored_vwap_session_dist,-0.12555313338174962,0.12555313338174962
cvp_volume_imbalance,oi_up_price_up,0.12549947148213136,0.12549947148213136
big_trade_ratio,sweep_prev_low_reclaim,0.12538136875153472,0.12538136875153472
eth_btc_ret_spread_12,btc_impulse_x_eth_beta,0.12532744820894684,0.12532744820894684
cvd_12,sig_volume_confirm,0.12526333986152072,0.12526333986152072
funding_price_divergence,eth_btc_beta_residual_z,0.1251421033944282,0.1251421033944282
eth_btc_beta_residual_z,vwap_reject_flag,-0.125066159438384,0.125066159438384
count_long_short_ratio,distance_to_day_high_low_pct,-0.12498337728344737,0.12498337728344737
rogers_satchell_vol,hurst_48,0.12494229996544391,0.12494229996544391
whale_retail_ratio,breakout_strength,0.1248827106321438,0.1248827106321438
volume,sum_open_interest_value,0.1244156810760936,0.1244156810760936
taker_buy_quote,log_return,0.12438580918167108,0.12438580918167108
svps,liquidity_vacuum,-0.12435657158949619,0.12435657158949619
btc_ret_1,sig_trend_health,0.12434720017050074,0.12434720017050074
eth_btc_beta_residual_z,vwap_reclaim_flag,0.12429383151255248,0.12429383151255248
dual_momentum,distance_to_day_high_low_pct,0.12405096742864677,0.12405096742864677
cvd_slope_48,distance_to_day_high_low_pct,0.123923594975851,0.123923594975851
log_return,cvd_12,0.12384145982448896,0.12384145982448896
cvd_slope_48,oi_up_price_up,0.12374860598845693,0.12374860598845693
taker_acceleration,vwap_dist_24,0.12367174081887522,0.12367174081887522
taker_acceleration,kel,0.12362855182378897,0.12362855182378897
mtf_trend_4h,eth_btc_beta_residual_z,0.12339782381818169,0.12339782381818169
btc_ret_3,eth_btc_ret_spread_12,0.1233074712480062,0.1233074712480062
btc_lead_eth_follow_gap_3,sweep_prev_low_reclaim,0.1230825143686045,0.1230825143686045
cvd_48,failed_breakout_down,-0.12304174264401622,0.12304174264401622
btc_lead_eth_follow_gap_3,failed_breakout_down,0.12303148061118484,0.12303148061118484
cvd_48,sweep_prev_low_reclaim,-0.12295916650292696,0.12295916650292696
fibonacci_level,failed_breakout_down,-0.12295414309576154,0.12295414309576154
fibonacci_level,sweep_prev_low_reclaim,-0.12294314502434209,0.12294314502434209
funding_price_divergence,btc_ret_z_48,0.12285339738690003,0.12285339738690003
turtle_signal,funding_z_score,0.1228230610951611,0.1228230610951611
turtle_signal,ou_funding_z,0.12277666500541827,0.12277666500541827
amihud_illiquidity_z,failed_breakout_down,-0.12273950938291084,0.12273950938291084
distance_to_day_high_low_pct,cross_scale_curvature,-0.12270631342192252,0.12270631342192252
big_trade_ratio,failed_breakout_up,0.12255947551018082,0.12255947551018082
garman_klass_vol,hurst_48,0.122546323718253,0.122546323718253
vwap_dist_96,oi_up_price_up,0.1223670628753358,0.1223670628753358
big_trade_ratio,sweep_prev_high_reclaim,0.12232212503663444,0.12232212503663444
taker_buy_quote,funding_oi_divergence,-0.12221609216230347,0.12221609216230347
sum_toptrader_long_short_ratio,count_long_short_ratio,0.12212130937245684,0.12212130937245684
mtf_trend_1h,short_squeeze_risk,0.12195785077894054,0.12195785077894054
btc_lead_eth_follow_gap_3,sweep_prev_high_reclaim,-0.1219038624986794,0.1219038624986794
btc_lead_eth_follow_gap_3,failed_breakout_up,-0.12186873709776383,0.12186873709776383
fibonacci_level,failed_breakout_up,0.12185367259345933,0.12185367259345933
fibonacci_level,sweep_prev_high_reclaim,0.12185050577879475,0.12185050577879475
cvd_12,funding_oi_divergence,-0.12180892211733822,0.12180892211733822
taker_buy_quote,hour_sin,-0.12177498315712602,0.12177498315712602
macd_hist,anchored_vwap_session_dist,0.12168823200777887,0.12168823200777887
smart_money_flow,failed_breakout_down,-0.12162288466838998,0.12162288466838998
oi_change_rate,failed_breakout_down,-0.12162288466838998,0.12162288466838998
smart_money_flow,sweep_prev_low_reclaim,-0.12159965351683932,0.12159965351683932
oi_change_rate,sweep_prev_low_reclaim,-0.12159965351683932,0.12159965351683932
amihud_illiquidity_z,sweep_prev_low_reclaim,-0.1212400301531207,0.1212400301531207
amihud_illiquidity_z,hour_cos,0.12116278275786921,0.12116278275786921
quote_volume,hurst_48,0.12088352105595557,0.12088352105595557
vwap_dist_24,sig_volume_confirm,0.12085905094239785,0.12085905094239785
rogers_satchell_vol,session_europe,0.12079337838251629,0.12079337838251629
cvd_breakout_z,sweep_prev_high_reclaim,0.1207481438112608,0.1207481438112608
garman_klass_vol,session_europe,0.12074486326946846,0.12074486326946846
cvd_breakout_z,failed_breakout_up,0.12073858331590877,0.12073858331590877
whale_retail_ratio,funding_abs,0.12068773218041416,0.12068773218041416
whale_retail_ratio,anchored_vwap_session_dist,0.12067989200126551,0.12067989200126551
btc_breakout_eth_lag_dir,compression_release_up,0.12056741888911275,0.12056741888911275
volatility_z,svps,0.12051526722255497,0.12051526722255497
kel,btc_lead_eth_follow_gap_3,-0.12048040714141035,0.12048040714141035
macd_hist,eth_btc_ratio_change,0.12027378119487006,0.12027378119487006
breakout_strength,oi_up_price_up,0.12021178039177323,0.12021178039177323
net_taker_ratio,btc_breakout_eth_lag_dir,0.1201581443076908,0.1201581443076908
smart_money_flow,cvp_volume_imbalance,0.12011497819056435,0.12011497819056435
oi_change_rate,cvp_volume_imbalance,0.12011497819056435,0.12011497819056435
eth_btc_ratio_change,cvp_volume_imbalance,0.11990047099589939,0.11990047099589939
quote_volume,hour_sin,-0.11985302344789504,0.11985302344789504
mtf_trend_4h,crowded_short_squeeze_risk,0.11949259841092787,0.11949259841092787
smart_money_flow,cvp_cluster_position,0.11947413469018009,0.11947413469018009
oi_change_rate,cvp_cluster_position,0.11947413469018009,0.11947413469018009
turtle_signal,atr_pct_rank_288,-0.11942984914020138,0.11942984914020138
quote_volume,hurst_288,0.11921183493245065,0.11921183493245065
chop_index,evt_excess_z,-0.1191430442020265,0.1191430442020265
sum_toptrader_long_short_ratio,funding_abs,0.11904612689763851,0.11904612689763851
cvp_cluster_position,crowded_short_squeeze_risk,0.11870094740592088,0.11870094740592088
cvp_volume_imbalance,btc_ret_1,0.11856295954334527,0.11856295954334527
svps,atr_pct_rank_288,0.11855282770477042,0.11855282770477042
taker_buy_quote,hurst_48,0.11850598080794994,0.11850598080794994
compression_release_down,sig_volume_confirm,0.11838907141207676,0.11838907141207676
volume,hurst_48,0.11838872553012622,0.11838872553012622
failed_breakout_down,regime_persistence,-0.11835914295818369,0.11835914295818369
chop_index,evt_tail_flag,-0.11831377205105698,0.11831377205105698
sweep_prev_low_reclaim,regime_persistence,-0.11830605361601641,0.11830605361601641
btc_volume_impulse_z,failed_breakout_down,0.11818517584362817,0.11818517584362817
smart_money_flow,breakout_strength,0.11811426706482471,0.11811426706482471
oi_change_rate,breakout_strength,0.11811426706482471,0.11811426706482471
btc_volume_impulse_z,sweep_prev_low_reclaim,0.11808255146775512,0.11808255146775512
bb_width,execution_quality,-0.11808205280834105,0.11808205280834105
crowded_long_unwind_risk,sig_volume_confirm,0.11807276188484404,0.11807276188484404
macd_hist,sig_volume_confirm,0.11797023486579795,0.11797023486579795
parkinson_vol,hurst_48,0.11785298754699984,0.11785298754699984
volatility_z,regime_trending,0.1178004051541061,0.1178004051541061
cvp_volume_imbalance,btc_breakout_eth_lag_dir,0.1176656736973548,0.1176656736973548
sweep_prev_low_reclaim,sig_trend_health,-0.11760300428334503,0.11760300428334503
last_funding_rate,funding_roc_12,0.11752417904035188,0.11752417904035188
btc_breakout_eth_lag_dir,compression_release_down,-0.11738232657501461,0.11738232657501461
macd_hist,compression_release_up,0.11734729428058922,0.11734729428058922
amihud_illiquidity_z,vwap_reclaim_flag,0.11733662008094482,0.11733662008094482
parkinson_vol,compression_release_up,-0.11732524611179804,0.11732524611179804
macd_hist,breakout_strength,0.11729458147354342,0.11729458147354342
turtle_signal,funding_roc_288,0.11725132802846269,0.11725132802846269
taker_buy_quote,hurst_288,0.11706230786246542,0.11706230786246542
cvd_48,failed_breakout_up,0.11702498203203593,0.11702498203203593
hma_slope,btc_ret_z_48,0.11698500769474354,0.11698500769474354
garman_klass_vol,compression_release_up,-0.11695689443665944,0.11695689443665944
cvd_48,sweep_prev_high_reclaim,0.11695322637600707,0.11695322637600707
failed_breakout_down,sig_trend_health,-0.11692646862160562,0.11692646862160562
chop_index,jump_flag,-0.11690130770003249,0.11690130770003249
turtle_signal,compression_score,0.1168401714568166,0.1168401714568166
volume,hurst_288,0.11678308017157302,0.11678308017157302
parkinson_vol,session_europe,0.1165391523539641,0.1165391523539641
rogers_satchell_vol,compression_release_up,-0.11650912002398485,0.11650912002398485
oi_change_rate,anchored_vwap_session_dist,0.11626254786826211,0.11626254786826211
smart_money_flow,anchored_vwap_session_dist,0.11626254786826211,0.11626254786826211
cvp_poc_dist,jump_z,0.11618466493946937,0.11618466493946937
eth_btc_ratio_change,vwap_dist_96,0.11612211314699561,0.11612211314699561
fibonacci_level,short_squeeze_risk,-0.1160356408044908,0.1160356408044908
btc_ret_z_48,sig_liquidity_trap,0.11599458854957687,0.11599458854957687
short_squeeze_risk,btc_impulse_x_eth_beta,0.1159587867749316,0.1159587867749316
quote_volume_btc,svps,0.11587346275704946,0.11587346275704946
short_squeeze_risk,btc_ret_3,0.11563303745820619,0.11563303745820619
sweep_prev_high_reclaim,regime_persistence,0.11561147848090209,0.11561147848090209
whale_conviction,kalman_velocity,-0.11560639154753058,0.11560639154753058
failed_breakout_up,crowding_pressure,0.11558936061841459,0.11558936061841459
taker_buy_base,hurst_48,0.1155638840692618,0.1155638840692618
failed_breakout_up,regime_persistence,0.11555466545715058,0.11555466545715058
sweep_prev_high_reclaim,crowding_pressure,0.11553030971024293,0.11553030971024293
taker_buy_base,sum_open_interest_value,0.11544602762688057,0.11544602762688057
regime_trending,atr_pct_rank_288,0.11521517326515218,0.11521517326515218
log_return,price_cvd_divergence,0.11514321368208237,0.11514321368208237
cvp_cluster_position,cvd_slope_12,0.11492302085003345,0.11492302085003345
rogers_satchell_vol,hurst_288,0.11478310340053977,0.11478310340053977
log_return,cvp_poc_dist,0.11476442171558522,0.11476442171558522
volume,close_btc,0.11472658419080656,0.11472658419080656
atr_pct_rank_288,vwap_dist_288,-0.11470726368936,0.11470726368936
eth_btc_ratio_change,breakout_strength,0.11468133053245336,0.11468133053245336
breakout_strength,btc_breakout_eth_lag_dir,0.11460660002795287,0.11460660002795287
squeeze_power,funding_roc_12,0.11460605376157662,0.11460605376157662
big_trade_ratio,session_europe,0.1144591225991428,0.1144591225991428
breakout_strength,atr_pct_rank_288,-0.11445687086148075,0.11445687086148075
failed_breakout_down,crowding_pressure,-0.1144408906971964,0.1144408906971964
cvp_cluster_position,ofi_acceleration,0.11439456045473796,0.11439456045473796
sweep_prev_low_reclaim,crowding_pressure,-0.11437565026631705,0.11437565026631705
taker_buy_base,hurst_288,0.11427423748360886,0.11427423748360886
big_trade_ratio,parkinson_vol,0.11420874836457327,0.11420874836457327
price_cvd_divergence,jump_z,0.11419493525671318,0.11419493525671318
eth_btc_ratio_change,sig_liquidity_trap,0.11416346096743794,0.11416346096743794
btc_ret_1,vwap_dist_96,0.11398655657463418,0.11398655657463418
cvd_12,oi_up_price_up,0.11396364306862806,0.11396364306862806
sum_toptrader_long_short_ratio,cvd_48,-0.11381866716902451,0.11381866716902451
eth_btc_ret_spread_12,cross_scale_curvature,-0.11381598397772374,0.11381598397772374
fvg_dist,realized_skewness,0.11381085344732023,0.11381085344732023
garman_klass_vol,hurst_288,0.11379355721552067,0.11379355721552067
wick_ratio,vwap_reject_flag,-0.11375395668073539,0.11375395668073539
mtf_trend_4h,dual_momentum,0.11374900169582888,0.11374900169582888
btc_breakout_eth_lag_dir,anchored_vwap_session_dist,0.11373130249139775,0.11373130249139775
net_taker_ratio,mtf_trend_4h,0.11353713920388149,0.11353713920388149
mtf_trend_1h,vwap_reject_flag,-0.11353077962920799,0.11353077962920799
price_cvd_divergence,funding_oi_divergence,-0.11342977746381419,0.11342977746381419
btc_impulse_x_eth_beta,vwap_dist_288,0.11342662188318646,0.11342662188318646
short_squeeze_risk,vwap_dist_288,-0.11321929867083949,0.11321929867083949
breakout_strength,btc_ret_1,0.11321245562588868,0.11321245562588868
btc_ret_3,vwap_dist_288,0.11313621904126256,0.11313621904126256
trades,hurst_288,0.1130687295085234,0.1130687295085234
volatility_z,cvp_regime,0.11300131484068963,0.11300131484068963
sum_open_interest_value,funding_abs,0.11293504228816238,0.11293504228816238
svps,garch_vol_z,0.11282034774673518,0.11282034774673518
cvd_slope_48,sig_volume_confirm,0.11276784373256611,0.11276784373256611
trade_intensity,funding_pressure,0.11273038164745483,0.11273038164745483
btc_volume_impulse_z,execution_quality,-0.11262587722879451,0.11262587722879451
cvp_poc_dist,funding_oi_divergence,-0.11260254878228117,0.11260254878228117
atr_pct_rank_288,vwap_dist_96,-0.11257482126299148,0.11257482126299148
btc_corr_60,distance_to_day_high_low_pct,-0.11244967546705853,0.11244967546705853
hma_slope,eth_btc_beta_residual_z,0.11239741413336443,0.11239741413336443
turtle_signal,short_squeeze_risk,-0.1123969934328777,0.1123969934328777
cvp_volume_imbalance,atr_pct_rank_288,-0.11236666574713773,0.11236666574713773
btc_lead_eth_follow_gap_3,vwap_dist_288,-0.1123185739172973,0.1123185739172973
anchored_vwap_session_dist,oi_up_price_up,0.11230778441864758,0.11230778441864758
parkinson_vol,svps,0.11222622357608761,0.11222622357608761
wick_ratio,vwap_reclaim_flag,-0.11217818339859605,0.11217818339859605
cvd_slope_48,eth_btc_ret_spread_48,0.11212119597918675,0.11212119597918675
funding_price_divergence,cross_scale_curvature,-0.11205539185234131,0.11205539185234131
fvg_dist,sig_volume_confirm,0.11203660009679192,0.11203660009679192
kalman_velocity,eth_btc_beta_residual_z,0.11192839033494907,0.11192839033494907
amihud_illiquidity_z,failed_breakout_up,-0.11189575400906975,0.11189575400906975
short_squeeze_risk,cvd_288,-0.11188200361338382,0.11188200361338382
btc_impulse_x_eth_beta,sweep_prev_high_reclaim,0.11173647713877062,0.11173647713877062
btc_impulse_x_eth_beta,failed_breakout_up,0.111702689701785,0.111702689701785
btc_ret_3,sweep_prev_high_reclaim,0.11160143467173886,0.11160143467173886
dual_momentum,vwap_dist_96,0.11158062791375224,0.11158062791375224
btc_ret_3,failed_breakout_up,0.11156989960346758,0.11156989960346758
amihud_illiquidity_z,vwap_reject_flag,0.11150674296802332,0.11150674296802332
net_taker_ratio,macd_hist,0.11149806372215056,0.11149806372215056
parkinson_vol,compression_release_down,-0.11149780530640821,0.11149780530640821
sum_open_interest_value,quote_volume_btc,0.11147921425779223,0.11147921425779223
sweep_prev_high_reclaim,sig_trend_health,0.11146727625941724,0.11146727625941724
garman_klass_vol,compression_release_down,-0.11139928399218998,0.11139928399218998
parkinson_vol,hurst_288,0.11128089401046302,0.11128089401046302
rogers_satchell_vol,compression_release_down,-0.11123758497630748,0.11123758497630748
trades,failed_breakout_up,0.11120417331045102,0.11120417331045102
eth_btc_ratio_change,eth_btc_ret_spread_48,0.11120392002126066,0.11120392002126066
cvp_regime,atr_pct_rank_288,0.11109671449854541,0.11109671449854541
cvp_volume_imbalance,compression_release_down,-0.11102336988447131,0.11102336988447131
trades,sweep_prev_high_reclaim,0.1109660169449373,0.1109660169449373
vwap_dist_288,failed_breakout_up,0.11092427181954914,0.11092427181954914
vwap_dist_288,sweep_prev_high_reclaim,0.11091324379135035,0.11091324379135035
whale_retail_ratio,regime_persistence,0.1108373207958277,0.1108373207958277
failed_breakout_up,sig_trend_health,0.11071309254140478,0.11071309254140478
price_cvd_divergence,compression_release_up,0.11067587697783422,0.11067587697783422
long_squeeze_risk,mta_funding,-0.11060723311020794,0.11060723311020794
bb_width_z,btc_eth_volume_rank_spread,-0.11053421712904465,0.11053421712904465
whale_conviction,hma_slope,-0.11047214894286037,0.11047214894286037
quote_volume_btc,failed_breakout_down,0.11040062687864581,0.11040062687864581
amihud_illiquidity_z,sweep_prev_high_reclaim,-0.11039208337240311,0.11039208337240311
quote_volume_btc,sweep_prev_low_reclaim,0.11036679781473346,0.11036679781473346
garman_klass_vol,svps,0.11031337544665658,0.11031337544665658
last_funding_rate,cvd_288,0.10980691154689425,0.10980691154689425
mtf_trend_1h,vwap_reclaim_flag,0.10966722721586943,0.10966722721586943
rogers_satchell_vol,svps,0.10960606891360358,0.10960606891360358
trade_intensity,session_europe,-0.10947274927967882,0.10947274927967882
macd_hist,btc_ret_z_48,0.10944046227954102,0.10944046227954102
cvd_12,compression_release_down,-0.10937051019962753,0.10937051019962753
mean_reversion_z,funding_roc_48,-0.1092222005641698,0.1092222005641698
vwap_dist_288,failed_breakout_down,-0.10918381847055944,0.10918381847055944
vwap_dist_288,sweep_prev_low_reclaim,-0.109151036394898,0.109151036394898
cvd_slope_48,failed_breakout_down,-0.10889473795623555,0.10889473795623555
mtf_trend_4h,sig_volume_confirm,0.10883429325484277,0.10883429325484277
cvd_slope_48,sweep_prev_low_reclaim,-0.10881166953201742,0.10881166953201742
btc_eth_volume_rank_spread,bb_width_pct_rank_288,-0.1086690639101324,0.1086690639101324
volume_btc,failed_breakout_down,0.10854201012270227,0.10854201012270227
volume_btc,sweep_prev_low_reclaim,0.10851261971856796,0.10851261971856796
realized_vol_ratio,turtle_signal,-0.10848694850112542,0.10848694850112542
big_trade_ratio,garman_klass_vol,0.10811613464761886,0.10811613464761886
cvd_slope_48,compression_release_down,-0.10794977510126337,0.10794977510126337
cvd_12,compression_release_up,0.10791386353408504,0.10791386353408504
cvd_slope_48,price_cvd_divergence,0.10771925164767986,0.10771925164767986
kalman_velocity,btc_ret_z_48,0.1076748324783887,0.1076748324783887
volume_btc,svps,0.10739647460847859,0.10739647460847859
eth_btc_beta_residual_z,sig_trend_health,0.10738816943022593,0.10738816943022593
eth_btc_ratio_change,anchored_vwap_session_dist,0.10737974610385159,0.10737974610385159
count_long_short_ratio,cvd_48,-0.10736034746283418,0.10736034746283418
smart_money_flow,sig_trend_health,0.10731717160543452,0.10731717160543452
oi_change_rate,sig_trend_health,0.10731717160543452,0.10731717160543452
taker_buy_base,close_btc,0.10723559836882714,0.10723559836882714
eth_btc_ret_spread_12,crowded_short_squeeze_risk,0.10722029854680139,0.10722029854680139
svps,vwap_reclaim_flag,-0.10701592958034221,0.10701592958034221
turtle_signal,garch_vol_z,-0.1069965067956128,0.1069965067956128
whale_retail_ratio,distance_to_day_high_low_pct,0.10682787671590284,0.10682787671590284
volume,cvp_regime,0.10679897911705057,0.10679897911705057
btc_ret_6,sig_volume_confirm,0.10678713380384038,0.10678713380384038
trades,hurst_48,0.10660089238834322,0.10660089238834322
cvp_cluster_position,btc_breakout_eth_lag_dir,0.10641323504113427,0.10641323504113427
svps,vwap_reject_flag,-0.10640127664054272,0.10640127664054272
eth_btc_ratio_change,cvd_slope_48,0.10636038979227382,0.10636038979227382
mean_reversion_z,short_squeeze_risk,0.10622278415620146,0.10622278415620146
bb_width,hurst_288,0.10605134049234029,0.10605134049234029
fibonacci_level,jump_z,0.10604437623334019,0.10604437623334019
cvd_slope_48,compression_release_up,0.10573548631518309,0.10573548631518309
btc_ret_1,anchored_vwap_session_dist,0.10565942939550148,0.10565942939550148
taker_buy_base,cvp_regime,0.10538261096681636,0.10538261096681636
close_btc,ou_halflife,0.10536952391083601,0.10536952391083601
dual_momentum,price_cvd_divergence,0.1053512119975078,0.1053512119975078
funding_price_divergence,sig_volume_confirm,0.10526539602169188,0.10526539602169188
btc_breakout_eth_lag_dir,sig_trend_health,0.10498281583262478,0.10498281583262478
cvd_breakout_z,btc_lead_eth_follow_gap_3,-0.10487684384610763,0.10487684384610763
log_return,fibonacci_level,0.10485102890136173,0.10485102890136173
short_squeeze_risk,mta_funding,0.10481494119882148,0.10481494119882148
parkinson_vol,chop_index,-0.10473799105395903,0.10473799105395903
taker_buy_base,eth_btc_ratio_change,0.10468436842940448,0.10468436842940448
turtle_signal,funding_roc_48,0.1045296575114544,0.1045296575114544
squeeze_power,cvd_288,0.10440307799528885,0.10440307799528885
macd_hist,btc_ret_1,0.10439712934687666,0.10439712934687666
taker_buy_base,btc_ret_z_48,0.10438409994803817,0.10438409994803817
compression_release_down,vwap_dist_96,-0.10427533172812706,0.10427533172812706
rogers_satchell_vol,amihud_illiquidity_z,-0.10424976912101597,0.10424976912101597
last_funding_rate,trade_intensity,0.10424549583811597,0.10424549583811597
count_long_short_ratio,parkinson_vol,0.1042288206562774,0.1042288206562774
mtf_trend_1h,kel,0.10416265340990101,0.10416265340990101
funding_roc_48,vwap_dist_288,0.10405354377535679,0.10405354377535679
open,cvd_48,-0.10394984325853991,0.10394984325853991
dual_momentum,cvd_48,0.10391351316412446,0.10391351316412446
atr_pct_rank_288,anchored_vwap_session_dist,-0.10381823344171567,0.10381823344171567
cvd_breakout_z,btc_impulse_x_eth_beta,0.10381700422471891,0.10381700422471891
high,cvd_48,-0.10359740514672244,0.10359740514672244
cvd_breakout_z,btc_ret_3,0.10354396455666215,0.10354396455666215
quote_volume,long_squeeze_risk,0.10351522002336917,0.10351522002336917
whale_conviction,macd_hist,-0.10349816613441362,0.10349816613441362
big_trade_ratio,rogers_satchell_vol,0.10340580984907374,0.10340580984907374
sum_toptrader_long_short_ratio,dual_momentum,0.10333781791912058,0.10333781791912058
low,cvd_48,-0.10333601212867871,0.10333601212867871
close,cvd_48,-0.10329487435336579,0.10329487435336579
count_long_short_ratio,garman_klass_vol,0.1032282771691343,0.1032282771691343
volume_profile_signal,atr_pct_rank_288,0.10318720265062604,0.10318720265062604
count_long_short_ratio,btc_corr_60,0.10311543894847498,0.10311543894847498
macd_hist,crowded_short_squeeze_risk,0.10307554261020867,0.10307554261020867
realized_vol_ratio,svps,0.10301734636259427,0.10301734636259427
ofi_acceleration,crowding_pressure,0.10297890481490934,0.10297890481490934
price_cvd_divergence,atr_pct_rank_288,-0.10297050686388351,0.10297050686388351
fibonacci_level,funding_oi_divergence,-0.10286178847009235,0.10286178847009235
cvp_poc_dist,compression_release_up,0.10280554929228757,0.10280554929228757
mean_reversion_z,atr_pct_rank_288,0.10244840761432113,0.10244840761432113
sum_open_interest_value,volume_btc,-0.10236396888380511,0.10236396888380511
cvp_cluster_position,realized_skewness,0.10235400884146112,0.10235400884146112
taker_buy_quote,long_squeeze_risk,0.10225426625385918,0.10225426625385918
sum_toptrader_long_short_ratio,ou_halflife,0.10187632491349055,0.10187632491349055
cvp_cluster_position,sweep_prev_high_reclaim,0.10178781207500544,0.10178781207500544
count_long_short_ratio,rogers_satchell_vol,0.10174693337761989,0.10174693337761989
cvp_cluster_position,sweep_prev_low_reclaim,-0.10171132752296831,0.10171132752296831
btc_ret_1,sig_liquidity_trap,0.10166366297682304,0.10166366297682304
hurst_48,garch_vol_z,0.1016386075506151,0.1016386075506151
cvp_cluster_position,failed_breakout_up,0.10162540677241345,0.10162540677241345
eth_btc_beta_residual_z,distance_to_day_high_low_pct,0.10159339486334613,0.10159339486334613
cvp_cluster_position,failed_breakout_down,-0.10150419451589424,0.10150419451589424
kel,crowded_short_squeeze_risk,0.10130425410451852,0.10130425410451852
net_taker_ratio,eth_btc_ret_spread_12,0.10122758619155409,0.10122758619155409
svps,btc_volume_impulse_z,0.10120518871364784,0.10120518871364784
breakout_strength,compression_release_down,-0.10117622797318168,0.10117622797318168
eth_btc_ratio_change,cvd_12,0.1010643488890582,0.1010643488890582
cvd_slope_48,crowding_pressure,0.1010116066205479,0.1010116066205479
low,count_long_short_ratio,-0.10088004618692949,0.10088004618692949
mtf_trend_1h,realized_skewness,0.10084010353275209,0.10084010353275209
btc_ret_12,cross_scale_curvature,-0.10070134732406305,0.10070134732406305
close,count_long_short_ratio,-0.10054337763862195,0.10054337763862195
open,count_long_short_ratio,-0.10050363286810882,0.10050363286810882
net_taker_ratio,distance_to_day_high_low_pct,0.10046285464860943,0.10046285464860943
count_long_short_ratio,crowding_pressure,-0.10041428725917682,0.10041428725917682
btc_ret_12,crowded_short_squeeze_risk,0.10031772389513023,0.10031772389513023
cvd_slope_48,failed_breakout_up,0.10029993464078993,0.10029993464078993
high,count_long_short_ratio,-0.10018896553926207,0.10018896553926207
cvd_slope_48,sweep_prev_high_reclaim,0.10014077961588781,0.10014077961588781
quote_volume_btc,hurst_288,0.09987594761456647,0.09987594761456647
btc_impulse_x_eth_beta,sig_volume_confirm,0.09985669513404566,0.09985669513404566
hma_slope,short_squeeze_risk,0.09972394757418891,0.09972394757418891
chop_index,failed_breakout_down,-0.09971039067438277,0.09971039067438277
btc_ret_3,sig_volume_confirm,0.09957588268628022,0.09957588268628022
sum_open_interest_value,short_squeeze_risk,-0.09954983560934971,0.09954983560934971
cvd_288,sig_trend_health,0.09953338069551129,0.09953338069551129
chop_index,sweep_prev_low_reclaim,-0.09942572573851505,0.09942572573851505
short_squeeze_risk,ofi_acceleration,0.09941215460005429,0.09941215460005429
vwap_dist_96,cross_scale_curvature,-0.09922117070756024,0.09922117070756024
vwap_dist_288,garch_vol_z,-0.099199309044376,0.099199309044376
garman_klass_vol,amihud_illiquidity_z,-0.09912980162870542,0.09912980162870542
eth_btc_ratio_change,btc_ret_6,0.09899214773556023,0.09899214773556023
ofi_acceleration,btc_ret_6,0.09873124121665879,0.09873124121665879
btc_corr_60,price_cvd_divergence,-0.09856130686889553,0.09856130686889553
price_cvd_divergence,btc_breakout_eth_lag_dir,0.0984263066133985,0.0984263066133985
count_long_short_ratio,vwap_dist_96,-0.0978846785693358,0.0978846785693358
turtle_signal,bb_width_pct_rank_288,-0.09787634378939238,0.09787634378939238
rogers_satchell_vol,regime_trending,0.09773566914539157,0.09773566914539157
cvd_48,btc_impulse_x_eth_beta,0.09753469996029374,0.09753469996029374
crowded_short_squeeze_risk,crowding_pressure,-0.0975136360688018,0.0975136360688018
dual_momentum,eth_btc_ret_spread_48,0.09745707886781597,0.09745707886781597
mtf_trend_1h,sig_volume_confirm,0.0973892540133011,0.0973892540133011
short_squeeze_risk,vwap_dist_24,0.09737706884747925,0.09737706884747925
btc_ret_6,eth_btc_ret_spread_48,0.09730874064975448,0.09730874064975448
taker_acceleration,btc_breakout_eth_lag_dir,0.09728019912622696,0.09728019912622696
taker_buy_quote,btc_ret_z_48,0.09725827736085986,0.09725827736085986
cvd_48,btc_ret_3,0.09725279026634731,0.09725279026634731
vwap_reject_flag,oi_up_price_up,-0.09720372347358876,0.09720372347358876
vwap_reclaim_flag,oi_up_price_down,-0.0970776875754734,0.0970776875754734
bb_width_z,sweep_prev_low_reclaim,0.09704841147397014,0.09704841147397014
bb_width_z,failed_breakout_down,0.09697064897634716,0.09697064897634716
funding_z_score,realized_skewness,0.09691249894303791,0.09691249894303791
fibonacci_level,atr_pct_rank_288,-0.09687218600406851,0.09687218600406851
realized_skewness,ou_funding_z,0.09684729887907988,0.09684729887907988
taker_buy_quote,eth_btc_ratio_change,0.09675751736857738,0.09675751736857738
volume_profile_signal,short_squeeze_risk,0.09670996607414137,0.09670996607414137
long_squeeze_risk,oi_up_price_down,0.09655791458280859,0.09655791458280859
fvg_dist,cvd_288,0.09642009427828695,0.09642009427828695
short_squeeze_risk,kalman_velocity,0.09641236127163921,0.09641236127163921
compression_release_down,anchored_vwap_session_dist,-0.09631643065954729,0.09631643065954729
vwap_reclaim_flag,oi_up_price_up,0.09631423907682134,0.09631423907682134
realized_vol_ratio,vwap_dist_288,-0.09622805643089492,0.09622805643089492
distance_to_day_high_low_pct,sig_volume_confirm,0.096197577968613,0.096197577968613
hurst_48,btc_volume_impulse_z,0.09616801179588598,0.09616801179588598
sum_toptrader_long_short_ratio,quote_volume_btc,0.0960872016352548,0.0960872016352548
long_squeeze_risk,cvd_288,0.096065065917953,0.096065065917953
garman_klass_vol,regime_trending,0.09604610727464394,0.09604610727464394
cvd_48,btc_lead_eth_follow_gap_3,-0.09597211317895263,0.09597211317895263
cvd_slope_48,btc_ret_1,0.0958691941390442,0.0958691941390442
mtf_trend_4h,atr_pct_rank_288,-0.09586588400608956,0.09586588400608956
turtle_signal,failed_breakout_down,-0.0957906044795448,0.0957906044795448
turtle_signal,sweep_prev_low_reclaim,-0.0957865583857997,0.0957865583857997
mean_reversion_z,jump_z,-0.09543424406037862,0.09543424406037862
taker_acceleration,lower_wick_z,-0.09543261208009932,0.09543261208009932
volume_profile_signal,funding_roc_48,-0.09530345887832925,0.09530345887832925
fibonacci_level,funding_roc_48,0.09521709372246699,0.09521709372246699
quote_volume_btc,execution_quality,-0.095184779708726,0.095184779708726
log_return,eth_btc_ret_spread_48,0.09506048637669781,0.09506048637669781
long_squeeze_risk,oi_up_price_up,0.09489271469472245,0.09489271469472245
compression_score,vwap_dist_96,0.09488543894589457,0.09488543894589457
oi_change_rate,price_cvd_divergence,0.09487188683987574,0.09487188683987574
smart_money_flow,price_cvd_divergence,0.09487188683987574,0.09487188683987574
fibonacci_level,compression_release_up,0.09484504981662403,0.09484504981662403
compression_score,vwap_dist_288,0.09472763350380912,0.09472763350380912
realized_skewness,sig_trend_health,0.094713217258561,0.094713217258561
log_return,mean_reversion_z,-0.09465647233348518,0.09465647233348518
mtf_trend_4h,btc_ret_z_48,0.09457921393432712,0.09457921393432712
breakout_strength,garch_vol_z,-0.09455447496181646,0.09455447496181646
funding_roc_288,realized_skewness,0.09436793456307192,0.09436793456307192
dual_momentum,funding_abs,0.09430772440726448,0.09430772440726448
btc_corr_60,vwap_dist_96,-0.0942923800814737,0.0942923800814737
funding_abs,ou_funding_z,0.09420509008475358,0.09420509008475358
funding_z_score,funding_abs,0.09419307390766098,0.09419307390766098
trade_intensity,failed_breakout_down,-0.09415313529061879,0.09415313529061879
eth_btc_ret_spread_48,jump_z,0.09412005991362113,0.09412005991362113
taker_buy_base,btc_ret_1,0.09392842464593802,0.09392842464593802
sig_volume_confirm,sig_trend_health,0.09392726007144121,0.09392726007144121
trade_intensity,sweep_prev_low_reclaim,-0.09390457161322067,0.09390457161322067
btc_ret_12,sig_volume_confirm,0.09378901653814496,0.09378901653814496
macd_hist,eth_btc_beta_residual_z,0.09364874960457097,0.09364874960457097
quote_volume_btc,hurst_48,0.09363761313587478,0.09363761313587478
volatility_z,cvp_vah_val_width,-0.09361547994860688,0.09361547994860688
eth_btc_ret_spread_48,funding_oi_divergence,-0.09361255369146732,0.09361255369146732
chop_index,svps,-0.09352859987948725,0.09352859987948725
trades,whale_retail_ratio,0.09348595972629532,0.09348595972629532
breakout_strength,compression_score,0.09346065110643866,0.09346065110643866
btc_corr_60,cvp_poc_dist,-0.09345440949756861,0.09345440949756861
volume_btc,hurst_48,0.09345290164698959,0.09345290164698959
atr_pct_rank_288,distance_to_day_high_low_pct,-0.09339733729137124,0.09339733729137124
vwap_reject_flag,oi_up_price_down,0.09323629362033843,0.09323629362033843
mean_reversion_z,funding_oi_divergence,0.09320059496781116,0.09320059496781116
kel,crowding_pressure,0.09314260490942294,0.09314260490942294
btc_breakout_eth_lag_dir,oi_up_price_up,0.0930024710518434,0.0930024710518434
eth_btc_ret_spread_12,sig_volume_confirm,0.09299065801019733,0.09299065801019733
btc_lead_eth_follow_gap_3,vwap_reject_flag,0.09287118564571872,0.09287118564571872
parkinson_vol,regime_trending,0.09264336339399429,0.09264336339399429
cvp_poc_dist,oi_up_price_up,0.09255550488173282,0.09255550488173282
whale_conviction,vwap_dist_24,-0.09251992340226714,0.09251992340226714
price_cvd_divergence,oi_up_price_up,0.09243715316063453,0.09243715316063453
realized_skewness,btc_ret_12,0.09236690666894438,0.09236690666894438
volume_profile_signal,jump_z,-0.09235275292644365,0.09235275292644365
volume_btc,hurst_288,0.09229032125871249,0.09229032125871249
atr_pct_rank_288,execution_quality,-0.09228199110901161,0.09228199110901161
cvp_volume_imbalance,garch_vol_z,-0.09227363497842281,0.09227363497842281
log_return,volume_profile_signal,-0.09218765330987688,0.09218765330987688
btc_ret_3,vwap_reject_flag,-0.0921212188669345,0.0921212188669345
btc_breakout_eth_lag_dir,cross_scale_curvature,-0.09211214890778552,0.09211214890778552
btc_impulse_x_eth_beta,vwap_reject_flag,-0.0920373427080015,0.0920373427080015
vwap_dist_96,garch_vol_z,-0.09198520932229513,0.09198520932229513
cvp_volume_imbalance,compression_score,0.09193536635768138,0.09193536635768138
taker_acceleration,cvd_12,0.09191910083912941,0.09191910083912941
cvp_regime,garch_vol_z,0.09189890441173663,0.09189890441173663
bb_width_z,btc_corr_60,0.09182248035802311,0.09182248035802311
oi_up_price_down,sig_liquidity_trap,-0.09174493679042374,0.09174493679042374
realized_vol_ratio,breakout_strength,-0.09170686454158554,0.09170686454158554
eth_btc_beta_residual_z,sig_liquidity_trap,0.09167745027007466,0.09167745027007466
cvp_poc_dist,btc_breakout_eth_lag_dir,0.09156272668858052,0.09156272668858052
cvp_vah_val_width,atr_pct_rank_288,-0.09153143285385869,0.09153143285385869
btc_lead_eth_follow_gap_3,vwap_reclaim_flag,-0.09153085306276049,0.09153085306276049
funding_abs,ou_halflife,0.09145137676417335,0.09145137676417335
volume_btc,execution_quality,-0.09144563536370595,0.09144563536370595
quote_volume,regime_trending,0.0913936546761871,0.0913936546761871
parkinson_vol,amihud_illiquidity_z,-0.09136883337238347,0.09136883337238347
volume,cvp_vah_val_width,-0.09126887608211465,0.09126887608211465
taker_buy_base,short_squeeze_risk,0.09119927219201761,0.09119927219201761
mean_reversion_z,compression_release_up,-0.09119552194605049,0.09119552194605049
rogers_satchell_vol,liquidity_vacuum,-0.09118668403083105,0.09118668403083105
garman_klass_vol,funding_abs,0.09108398696715134,0.09108398696715134
rogers_satchell_vol,cvp_regime,0.09099324126100854,0.09099324126100854
volume_profile_signal,funding_oi_divergence,0.09095640134688085,0.09095640134688085
rsi,short_squeeze_risk,0.0908964419806907,0.0908964419806907
trade_intensity,session_us,-0.09085343965690354,0.09085343965690354
realized_skewness,vwap_dist_24,0.09084466724016618,0.09084466724016618
parkinson_vol,funding_abs,0.0908356590460076,0.0908356590460076
taker_acceleration,vwap_reject_flag,-0.09070724461579047,0.09070724461579047
btc_corr_60,eth_btc_ret_spread_48,-0.09069771689974633,0.09069771689974633
trades,cvp_regime,0.09067438562980416,0.09067438562980416
garman_klass_vol,cvp_regime,0.09059736462349091,0.09059736462349091
rogers_satchell_vol,funding_abs,0.0902033534569574,0.0902033534569574
taker_buy_quote,btc_ret_1,0.09017865774813574,0.09017865774813574
cvp_poc_dist,dual_momentum,0.0900720907626728,0.0900720907626728
volume,regime_trending,0.09006418954065985,0.09006418954065985
funding_roc_48,funding_flip_signal,0.09006297802905183,0.09006297802905183
smart_money_flow,cvp_poc_dist,0.09002579666563479,0.09002579666563479
oi_change_rate,cvp_poc_dist,0.09002579666563479,0.09002579666563479
cvd_12,btc_ret_1,0.08993649797282874,0.08993649797282874
btc_impulse_x_eth_beta,vwap_reclaim_flag,0.0899246353194125,0.0899246353194125
bb_width_z,session_europe,0.08990374004964155,0.08990374004964155
sum_open_interest_value,bb_width,0.08987790699689291,0.08987790699689291
taker_buy_quote,regime_trending,0.08973555839305106,0.08973555839305106
btc_ret_3,vwap_reclaim_flag,0.08972949247270066,0.08972949247270066
atr_pct_rank_288,regime_persistence,-0.08958867461214373,0.08958867461214373
taker_acceleration,vwap_reclaim_flag,0.08951384612947146,0.08951384612947146
whale_retail_ratio,crowding_pressure,0.0894907633846987,0.0894907633846987
funding_price_divergence,funding_flip_signal,-0.08939423066594576,0.08939423066594576
wick_ratio,realized_vol_ratio,-0.08939153614297925,0.08939153614297925
parkinson_vol,turtle_signal,-0.08933096363129085,0.08933096363129085
big_trade_ratio,hurst_48,0.08929073564732709,0.08929073564732709
taker_buy_base,cvp_vah_val_width,-0.08928734320755376,0.08928734320755376
realized_vol_ratio,cvp_volume_imbalance,-0.08916350566404589,0.08916350566404589
taker_buy_base,cvd_slope_12,0.08914082356090022,0.08914082356090022
whale_conviction,rsi,-0.08911581541766816,0.08911581541766816
garman_klass_vol,turtle_signal,-0.08898803650260573,0.08898803650260573
price_cvd_divergence,compression_score,0.08896891960540886,0.08896891960540886
macd_hist,cvp_poc_dist,0.08896506261716967,0.08896506261716967
eth_btc_ret_spread_48,compression_release_up,0.08879477491587519,0.08879477491587519
rogers_satchell_vol,turtle_signal,-0.08877031964642072,0.08877031964642072
parkinson_vol,cvp_regime,0.0887648225027893,0.0887648225027893
volume_profile_signal,garch_vol_z,0.08864619269403431,0.08864619269403431
fvg_dist,ofi_acceleration,0.08857652886454094,0.08857652886454094
taker_buy_base,cross_scale_curvature,-0.0884409359454643,0.0884409359454643
hma_slope,kel,0.0884400018785101,0.0884400018785101
eth_btc_ret_spread_48,eth_btc_beta_residual_z,0.08830760613427945,0.08830760613427945
trade_intensity,long_squeeze_risk,0.08824918804449106,0.08824918804449106
breakout_strength,funding_roc_48,0.08820797732147981,0.08820797732147981
ofi_acceleration,lower_wick_z,-0.08819629924943923,0.08819629924943923
realized_vol_ratio,fibonacci_level,-0.08812370021363197,0.08812370021363197
taker_buy_base,regime_trending,0.0880661450270424,0.0880661450270424
count_long_short_ratio,cvp_poc_dist,-0.08795184736865254,0.08795184736865254
realized_vol_ratio,vwap_dist_96,-0.08786524887927215,0.08786524887927215
btc_volume_impulse_z,compression_release_up,-0.08785938637287713,0.08785938637287713
cvp_volume_imbalance,funding_roc_48,0.08775477742641984,0.08775477742641984
mtf_trend_1h,cvd_288,0.08769618180193829,0.08769618180193829
eth_btc_ratio_change,cvp_poc_dist,0.08760926894363975,0.08760926894363975
price_cvd_divergence,btc_ret_1,0.0874458727465001,0.0874458727465001
trade_intensity,short_squeeze_risk,-0.08741999144442986,0.08741999144442986
taker_acceleration,upper_wick_z,0.0873964853679728,0.0873964853679728
rsi,vwap_reject_flag,-0.08738482780635724,0.08738482780635724
chop_index,failed_breakout_up,-0.08734137090672783,0.08734137090672783
volume,short_squeeze_risk,0.08731249150694771,0.08731249150694771
big_trade_ratio,session_us,0.0873040833545117,0.0873040833545117
cvd_slope_48,btc_breakout_eth_lag_dir,0.0872908876814967,0.0872908876814967
volume_profile_signal,compression_release_up,-0.08722445283798187,0.08722445283798187
btc_lead_eth_follow_gap_3,sig_volume_confirm,-0.08717431066187326,0.08717431066187326
cvp_cluster_position,cvd_288,0.08714172934637601,0.08714172934637601
mean_reversion_z,garch_vol_z,0.08711703753516054,0.08711703753516054
garman_klass_vol,chop_index,-0.08709673025485945,0.08709673025485945
cvp_regime,compression_score,-0.08709475922617214,0.08709475922617214
bb_width_z,hour_sin,-0.08708685504555842,0.08708685504555842
chop_index,sweep_prev_high_reclaim,-0.0870192835185839,0.0870192835185839
close_btc,funding_pressure,0.08696959782377767,0.08696959782377767
count_long_short_ratio,mtf_trend_4h,-0.08690499225590317,0.08690499225590317
cvp_poc_dist,btc_ret_1,0.08689885200674574,0.08689885200674574
whale_conviction,btc_ret_6,-0.08689775126468892,0.08689775126468892
anchored_vwap_session_dist,garch_vol_z,-0.08684712328583734,0.08684712328583734
whale_conviction,btc_ret_12,-0.08683263540568309,0.08683263540568309
compression_score,anchored_vwap_session_dist,0.08680170747828567,0.08680170747828567
eth_btc_ratio_change,price_cvd_divergence,0.08672263043287956,0.08672263043287956
low,cvp_regime,-0.08667873205450337,0.08667873205450337
vwap_dist_96,sig_volume_confirm,0.08664039429844562,0.08664039429844562
parkinson_vol,cvd_288,-0.08641156060232891,0.08641156060232891
cvd_slope_48,btc_ret_z_48,0.08631332388414945,0.08631332388414945
close,cvp_regime,-0.08627084388333056,0.08627084388333056
open,cvp_regime,-0.08626681793325243,0.08626681793325243
cvd_slope_48,eth_btc_beta_residual_z,0.08623765905929347,0.08623765905929347
garman_klass_vol,liquidity_vacuum,-0.08620966917527155,0.08620966917527155
btc_ret_z_48,sig_trend_health,0.08609891980328652,0.08609891980328652
high,cvp_regime,-0.08586480615962447,0.08586480615962447
volume_profile_signal,compression_score,-0.08575987153295149,0.08575987153295149
cross_scale_curvature,crowding_pressure,-0.08573950462667777,0.08573950462667777
realized_vol_ratio,volume_profile_signal,0.08559205964956342,0.08559205964956342
amihud_illiquidity_z,session_europe,-0.0855566698758639,0.0855566698758639
vwap_reject_flag,upper_wick_z,-0.08529501850877094,0.08529501850877094
oi_change_rate,fibonacci_level,0.08524558395146291,0.08524558395146291
smart_money_flow,fibonacci_level,0.08524558395146291,0.08524558395146291
cvp_volume_imbalance,cross_scale_curvature,-0.08523931187137661,0.08523931187137661
svps,btc_eth_volume_rank_spread,-0.0852248280201029,0.0852248280201029
funding_roc_12,crowded_short_squeeze_risk,-0.08512318342430775,0.08512318342430775
kalman_velocity,kel,0.08508258459556373,0.08508258459556373
bb_width_pct_rank_288,sweep_prev_low_reclaim,0.08503511665304939,0.08503511665304939
close,fibonacci_level,0.08501260949053249,0.08501260949053249
bb_width_pct_rank_288,failed_breakout_down,0.08496441053607429,0.08496441053607429
low,fibonacci_level,0.0849557096990198,0.0849557096990198
count_long_short_ratio,price_cvd_divergence,-0.08492628459187218,0.08492628459187218
amihud_illiquidity_z,evt_tail_flag,0.08491687571245826,0.08491687571245826
cvp_cluster_position,oi_up_price_down,-0.08489205330354341,0.08489205330354341
hurst_48,execution_quality,-0.08489094684762724,0.08489094684762724
sum_open_interest_value,parkinson_vol,0.08486886397243223,0.08486886397243223
ofi_acceleration,vwap_reject_flag,-0.08482939067870708,0.08482939067870708
whale_conviction,mtf_trend_1h,-0.08480347987992676,0.08480347987992676
crowded_short_squeeze_risk,sig_trend_health,0.08473248423874834,0.08473248423874834
range_contraction_breakout_dir,vwap_reject_flag,-0.08470427454960486,0.08470427454960486
oi_change_rate,volume_profile_signal,-0.08467178947450907,0.08467178947450907
smart_money_flow,volume_profile_signal,-0.08467178947450907,0.08467178947450907
trades,cvp_vah_val_width,-0.08454835791455485,0.08454835791455485
amihud_illiquidity_z,evt_excess_z,0.08440687414226615,0.08440687414226615
high,fibonacci_level,0.08433782030864119,0.08433782030864119
open,mta_funding,-0.08433254418765446,0.08433254418765446
low,mta_funding,-0.08431641349449576,0.08431641349449576
high,mta_funding,-0.08431621098229729,0.08431621098229729
close,mta_funding,-0.08431089412398889,0.08431089412398889
garman_klass_vol,cvd_288,-0.08424016788240839,0.08424016788240839
kel,btc_ret_3,0.08409625334015051,0.08409625334015051
hma_slope,turtle_signal,0.08408529213164674,0.08408529213164674
wick_ratio,failed_breakout_down,0.0840369267253763,0.0840369267253763
ofi_acceleration,vwap_reclaim_flag,0.08392306485123611,0.08392306485123611
open,fibonacci_level,0.08392240572010887,0.08392240572010887
fibonacci_level,oi_up_price_up,0.08389832505338311,0.08389832505338311
distance_to_day_high_low_pct,crowded_short_squeeze_risk,0.08388939893674188,0.08388939893674188
volatility_z,execution_quality,-0.08387391122460351,0.08387391122460351
bb_width,turtle_signal,-0.08385950727753697,0.08385950727753697
compression_release_down,liquidity_vacuum,0.08380038571676392,0.08380038571676392
rsi,kel,0.08377816229953777,0.08377816229953777
kel,btc_impulse_x_eth_beta,0.08375837525588446,0.08375837525588446
quote_volume,cvd_288,-0.08369321615286984,0.08369321615286984
taker_buy_quote,cross_scale_curvature,-0.08368707367483592,0.08368707367483592
sig_liquidity_trap,cross_scale_curvature,-0.08364596386091215,0.08364596386091215
smart_money_flow,eth_btc_ret_spread_48,0.08353672643681732,0.08353672643681732
oi_change_rate,eth_btc_ret_spread_48,0.08353672643681732,0.08353672643681732
rsi,dual_momentum,0.08350167501672816,0.08350167501672816
ofi_acceleration,kel,0.08319821927102151,0.08319821927102151
close_btc,quote_volume_btc,0.0831686989388145,0.0831686989388145
sum_toptrader_long_short_ratio,volume_btc,-0.08311306661395884,0.08311306661395884
session_us,evt_tail_flag,0.0830914719911481,0.0830914719911481
mean_reversion_z,compression_score,-0.08307363226916459,0.08307363226916459
session_us,evt_excess_z,0.08306109273620058,0.08306109273620058
realized_vol_ratio,anchored_vwap_session_dist,-0.08304414406761709,0.08304414406761709
big_trade_ratio,wick_ratio,-0.08303240964747564,0.08303240964747564
fibonacci_level,garch_vol_z,-0.08302131691023354,0.08302131691023354
breakout_strength,sig_volume_confirm,0.08293365145993523,0.08293365145993523
count_long_short_ratio,bb_width,0.0828798725129862,0.0828798725129862
taker_buy_quote,cvd_slope_12,0.08281486964198537,0.08281486964198537
price_cvd_divergence,garch_vol_z,-0.08281463799886411,0.08281463799886411
btc_eth_volume_rank_spread,compression_score,0.0827196762011432,0.0827196762011432
rogers_satchell_vol,cvd_288,-0.08268758647970025,0.08268758647970025
oi_up_price_down,sweep_prev_high_reclaim,0.08266907401981306,0.08266907401981306
cvd_slope_48,vwap_dist_96,0.08266262456401606,0.08266262456401606
log_return,vwap_dist_288,0.08254519046991408,0.08254519046991408
turtle_signal,btc_volume_impulse_z,-0.0824534584687569,0.0824534584687569
volatility_z,hurst_288,0.08240326063101625,0.08240326063101625
oi_up_price_down,failed_breakout_up,0.08232507449491551,0.08232507449491551
wick_ratio,sweep_prev_low_reclaim,0.08231576040990349,0.08231576040990349
last_funding_rate,close_btc,0.08229251906079404,0.08229251906079404
hurst_48,liquidity_vacuum,-0.08216753528004885,0.08216753528004885
is_hour_open,liquidity_vacuum,-0.08202606031833831,0.08202606031833831
quote_volume,funding_pressure,0.0819900614203929,0.0819900614203929
sig_volume_confirm,crowding_pressure,0.08186844255843216,0.08186844255843216
btc_ret_z_48,distance_to_day_high_low_pct,0.08172198869071853,0.08172198869071853
funding_roc_12,crowded_long_unwind_risk,0.08165385853960375,0.08165385853960375
vwap_dist_288,jump_z,0.08164079687861803,0.08164079687861803
hurst_288,atr_pct_rank_288,0.08155488076157175,0.08155488076157175
count_long_short_ratio,funding_roc_288,-0.08153006820759286,0.08153006820759286
kalman_velocity,realized_skewness,0.08146495449965109,0.08146495449965109
garch_vol_z,liquidity_vacuum,-0.08139534248374923,0.08139534248374923
compression_release_up,vwap_dist_288,0.08138257954585994,0.08138257954585994
vwap_reclaim_flag,lower_wick_z,-0.08137435035652714,0.08137435035652714
short_squeeze_risk,cvd_slope_12,0.08123388203149218,0.08123388203149218
realized_vol_ratio,mean_reversion_z,0.08121518132631865,0.08121518132631865
vwap_dist_288,funding_oi_divergence,-0.08101667842129255,0.08101667842129255
quote_volume_btc,cvd_288,-0.08096058479006733,0.08096058479006733
funding_roc_48,realized_skewness,0.08093543549545607,0.08093543549545607
taker_buy_base,eth_btc_beta_residual_z,0.08090369893291795,0.08090369893291795
cvp_volume_imbalance,funding_z_score,0.08082918718807659,0.08082918718807659
net_taker_ratio,sig_liquidity_trap,0.08081848272376135,0.08081848272376135
cvp_volume_imbalance,ou_funding_z,0.08081355842198645,0.08081355842198645
oi_up_price_down,liquidity_vacuum,0.0808060005760323,0.0808060005760323
cvd_slope_48,crowded_short_squeeze_risk,0.08075145219701055,0.08075145219701055
cvp_poc_dist,atr_pct_rank_288,-0.08073079537948466,0.08073079537948466
macd_hist,short_squeeze_risk,0.0806446844524412,0.0806446844524412
trade_intensity,parkinson_vol,-0.08062253090923832,0.08062253090923832
fibonacci_level,compression_score,0.0805495875383639,0.0805495875383639
vwap_dist_24,vwap_reject_flag,-0.0804958943777482,0.0804958943777482
fibonacci_level,btc_breakout_eth_lag_dir,0.08048611979420602,0.08048611979420602
sum_open_interest_value,garman_klass_vol,0.08043597503218473,0.08043597503218473
mtf_trend_4h,sig_liquidity_trap,-0.08042114288776991,0.08042114288776991
kel,vwap_dist_24,0.0803826193494867,0.0803826193494867
cvd_12,cross_scale_curvature,-0.08025689904006389,0.08025689904006389
trades,regime_trending,0.08003721309174412,0.08003721309174412
btc_corr_60,jump_flag,0.08002553292463561,0.08002553292463561
eth_btc_ret_spread_48,btc_volume_impulse_z,-0.0799935972799907,0.0799935972799907
mean_reversion_z,btc_breakout_eth_lag_dir,-0.07997909111350618,0.07997909111350618
cvp_volume_imbalance,sig_volume_confirm,0.0799724883940776,0.0799724883940776
cvp_volume_imbalance,long_squeeze_risk,0.07992646310248606,0.07992646310248606
btc_corr_60,funding_abs,-0.0798253804935002,0.0798253804935002
btc_volume_impulse_z,vwap_dist_96,-0.079750159462282,0.079750159462282
bb_width,cvd_288,-0.07971146495693637,0.07971146495693637
smart_money_flow,mean_reversion_z,-0.07964605140077849,0.07964605140077849
oi_change_rate,mean_reversion_z,-0.07964605140077849,0.07964605140077849
regime_trending,garch_vol_z,0.07949868302768706,0.07949868302768706
cvp_poc_dist,compression_release_down,-0.07937027326876767,0.07937027326876767
trade_intensity,svps,-0.0792843920339233,0.0792843920339233
vwap_dist_96,crowded_short_squeeze_risk,0.07915617293661545,0.07915617293661545
rogers_satchell_vol,chop_index,-0.07913759360508488,0.07913759360508488
turtle_signal,range_contraction_breakout_dir,0.07912886468711543,0.07912886468711543
breakout_strength,cross_scale_curvature,-0.07904556071210843,0.07904556071210843
net_taker_ratio,cvd_48,0.07900516800031958,0.07900516800031958
trade_intensity,garman_klass_vol,-0.07886782881785173,0.07886782881785173
quote_volume,last_funding_rate,0.0788164856510547,0.0788164856510547
whale_conviction,funding_price_divergence,-0.07878512896887709,0.07878512896887709
cvd_288,btc_ret_12,0.07878359878204946,0.07878359878204946
sig_liquidity_trap,sig_trend_health,-0.07873733545274621,0.07873733545274621
fibonacci_level,btc_ret_1,0.0786234632023526,0.0786234632023526
parkinson_vol,liquidity_vacuum,-0.07855926278205293,0.07855926278205293
taker_buy_base,crowded_short_squeeze_risk,0.07842099106376288,0.07842099106376288
upper_wick_z,sig_liquidity_trap,-0.07841351093117345,0.07841351093117345
amihud_illiquidity_z,svps,-0.07838791117279452,0.07838791117279452
anchored_vwap_session_dist,cross_scale_curvature,-0.07835120688467645,0.07835120688467645
kalman_velocity,cvd_288,0.07824867692441423,0.07824867692441423
eth_btc_ratio_change,fibonacci_level,0.07824657947306758,0.07824657947306758
ofi_acceleration,upper_wick_z,0.0782319463742134,0.0782319463742134
taker_acceleration,funding_price_divergence,0.07821670057861344,0.07821670057861344
taker_acceleration,macd_hist,0.07813150055470283,0.07813150055470283
taker_buy_quote,funding_pressure,0.07809490977593182,0.07809490977593182
compression_score,sweep_prev_low_reclaim,-0.07806145658948191,0.07806145658948191
compression_score,failed_breakout_down,-0.07801181355708432,0.07801181355708432
trade_intensity,rogers_satchell_vol,-0.07794511152074113,0.07794511152074113
cvd_12,eth_btc_beta_residual_z,0.07791343558252008,0.07791343558252008
realized_vol_ratio,regime_persistence,-0.07789408859576663,0.07789408859576663
trade_intensity,failed_breakout_up,-0.07789040844800471,0.07789040844800471
funding_roc_48,regime_persistence,0.07785635080197371,0.07785635080197371
bb_width_z,turtle_signal,-0.07773825720579088,0.07773825720579088
rsi,vwap_reclaim_flag,0.07771542231684596,0.07771542231684596
compression_score,distance_to_day_high_low_pct,0.07769527811127779,0.07769527811127779
distance_to_day_high_low_pct,garch_vol_z,-0.07764892300122847,0.07764892300122847
trade_intensity,sweep_prev_high_reclaim,-0.07759471281847737,0.07759471281847737
cvd_slope_48,anchored_vwap_session_dist,0.07754835773895104,0.07754835773895104
rogers_satchell_vol,short_squeeze_risk,0.07753769655150192,0.07753769655150192
range_contraction_breakout_dir,oi_up_price_down,-0.07747728668235986,0.07747728668235986
count_long_short_ratio,eth_btc_ret_spread_48,-0.07746920042468639,0.07746920042468639
amihud_illiquidity_z,session_us,-0.07739839788394391,0.07739839788394391
quote_volume_btc,failed_breakout_up,0.07739533683337534,0.07739533683337534
quote_volume_btc,sweep_prev_high_reclaim,0.07738303057076802,0.07738303057076802
oi_change_rate,net_taker_ratio,0.07738254008730722,0.07738254008730722
smart_money_flow,net_taker_ratio,0.07738254008730722,0.07738254008730722
eth_btc_ret_spread_48,oi_up_price_up,0.07732407410058803,0.07732407410058803
garman_klass_vol,short_squeeze_risk,0.07721377175097226,0.07721377175097226
net_taker_ratio,cvd_breakout_z,0.07716276246153511,0.07716276246153511
garch_vol_z,regime_persistence,-0.07708727808422329,0.07708727808422329
trade_intensity,cvp_regime,-0.07695716846319307,0.07695716846319307
sum_open_interest_value,rogers_satchell_vol,0.07695293346981565,0.07695293346981565
price_cvd_divergence,compression_release_down,-0.07687084584738121,0.07687084584738121
jump_z,crowding_pressure,0.07685582481686486,0.07685582481686486
session_europe,session_us,0.07679656658349217,0.07679656658349217
btc_volume_impulse_z,failed_breakout_up,0.07674590361486518,0.07674590361486518
btc_volume_impulse_z,sweep_prev_high_reclaim,0.07667638007144657,0.07667638007144657
cvp_volume_imbalance,cvd_slope_48,0.07666006135219194,0.07666006135219194
lower_wick_z,jump_z,-0.07648279156629686,0.07648279156629686
volatility_z,vwap_dist_96,-0.0763657110183112,0.0763657110183112
mtf_trend_4h,compression_score,0.07630297120614954,0.07630297120614954
whale_retail_ratio,funding_roc_288,0.07628225938678479,0.07628225938678479
turtle_signal,btc_ret_6,0.07625262879086403,0.07625262879086403
log_return,crowding_pressure,0.07620967113459146,0.07620967113459146
close_btc,long_squeeze_risk,0.07607733389598813,0.07607733389598813
range_contraction_breakout_dir,vwap_reclaim_flag,0.07605660042894459,0.07605660042894459
quote_volume,dual_momentum,0.07588651490544004,0.07588651490544004
kalman_velocity,sig_liquidity_trap,-0.07579461590663703,0.07579461590663703
bb_width,session_europe,0.07576019936636992,0.07576019936636992
wick_ratio,failed_breakout_up,0.07573516485608325,0.07573516485608325
garman_klass_vol,mean_reversion_z,0.07573478396332928,0.07573478396332928
parkinson_vol,mean_reversion_z,0.07568334570172545,0.07568334570172545
regime_trending,btc_volume_impulse_z,0.07563671791722654,0.07563671791722654
volume_profile_signal,oi_up_price_up,-0.07562917000762467,0.07562917000762467
volume_btc,turtle_signal,-0.07553936642413558,0.07553936642413558
rogers_satchell_vol,mean_reversion_z,0.07551453143452475,0.07551453143452475
parkinson_vol,short_squeeze_risk,0.07544299776384453,0.07544299776384453
taker_buy_quote,last_funding_rate,0.07544079780267239,0.07544079780267239
anchored_vwap_session_dist,sig_volume_confirm,0.075420969668955,0.075420969668955
vwap_dist_24,vwap_reclaim_flag,0.07541976666786118,0.07541976666786118
trades,is_hour_open,0.07530796398431233,0.07530796398431233
taker_acceleration,btc_ret_12,0.07524896940104392,0.07524896940104392
bb_width,btc_eth_volume_rank_spread,-0.07516536560096877,0.07516536560096877
log_return,lower_wick_z,-0.0750782372224191,0.0750782372224191
realized_vol_ratio,price_cvd_divergence,-0.07505710965211955,0.07505710965211955
taker_acceleration,failed_breakout_down,-0.0750359687939154,0.0750359687939154
btc_eth_volume_rank_spread,failed_breakout_up,-0.07502963981878756,0.07502963981878756
oi_up_price_up,sweep_prev_low_reclaim,-0.0749606012746365,0.0749606012746365
mtf_trend_4h,garch_vol_z,-0.07495769760818713,0.07495769760818713
kel,cvd_slope_12,0.07483786758285144,0.07483786758285144
mean_reversion_z,oi_up_price_up,-0.07483544025396638,0.07483544025396638
oi_up_price_up,failed_breakout_down,-0.07483275988864774,0.07483275988864774
taker_acceleration,sweep_prev_low_reclaim,-0.07480393693421708,0.07480393693421708
btc_eth_volume_rank_spread,sweep_prev_high_reclaim,-0.07474685028978129,0.07474685028978129
volatility_z,turtle_signal,-0.07471993992154988,0.07471993992154988
macd_hist,kel,0.07466590881135007,0.07466590881135007
short_squeeze_risk,btc_ret_6,0.07457481887250691,0.07457481887250691
taker_buy_quote,cvd_288,-0.07456482407054511,0.07456482407054511
taker_buy_quote,dual_momentum,0.0745289468215492,0.0745289468215492
btc_impulse_x_eth_beta,regime_persistence,0.07434445864005146,0.07434445864005146
realized_skewness,eth_btc_ret_spread_12,0.07432133213108919,0.07432133213108919
btc_ret_3,regime_persistence,0.07429169021404339,0.07429169021404339
cvp_vah_val_width,garch_vol_z,-0.07413160463649048,0.07413160463649048
macd_hist,cvd_breakout_z,0.0740263007629366,0.0740263007629366
is_hour_open,btc_volume_impulse_z,0.07397720271643941,0.07397720271643941
wick_ratio,sweep_prev_high_reclaim,0.07396495050243167,0.07396495050243167
funding_price_divergence,cvd_288,0.07393102476882396,0.07393102476882396
breakout_strength,cvd_slope_48,0.07392760482565196,0.07392760482565196
taker_buy_base,oi_up_price_down,-0.0739151703684327,0.0739151703684327
chop_index,compression_release_up,0.07389964342958856,0.07389964342958856
price_cvd_divergence,cross_scale_curvature,-0.07386470459317827,0.07386470459317827
squeeze_power,cvp_volume_imbalance,0.07382401909391338,0.07382401909391338
lower_wick_z,sig_liquidity_trap,0.07373159898877922,0.07373159898877922
taker_buy_quote,eth_btc_beta_residual_z,0.07370358365903015,0.07370358365903015
session_us,compression_release_up,-0.0734580602240406,0.0734580602240406
quote_volume_btc,long_squeeze_risk,0.07345079975931987,0.07345079975931987
funding_oi_divergence,lower_wick_z,0.07338273015988328,0.07338273015988328
volume,compression_release_up,-0.07337922578167191,0.07337922578167191
turtle_signal,sweep_prev_high_reclaim,0.0732806790544055,0.0732806790544055
turtle_signal,failed_breakout_up,0.07327123696280906,0.07327123696280906
volume_btc,regime_trending,0.07325750481711389,0.07325750481711389
jump_flag,liquidity_vacuum,-0.07324232539518298,0.07324232539518298
squeeze_power,ou_halflife,0.07314835350678241,0.07314835350678241
cvp_volume_imbalance,sig_liquidity_trap,-0.07309970248720807,0.07309970248720807
btc_lead_eth_follow_gap_3,regime_persistence,-0.07306346333346897,0.07306346333346897
rsi,ofi_acceleration,0.07305463386923233,0.07305463386923233
whale_retail_ratio,vwap_dist_96,0.07295076132461764,0.07295076132461764
volume_profile_signal,btc_breakout_eth_lag_dir,-0.07285447889534656,0.07285447889534656
cvd_breakout_z,sig_volume_confirm,0.07274424668068695,0.07274424668068695
funding_roc_288,funding_price_divergence,-0.07263057214300309,0.07263057214300309
eth_btc_beta_residual_z,vwap_dist_96,0.07257352363590795,0.07257352363590795
volume_btc,failed_breakout_up,0.07256849064485003,0.07256849064485003
session_us,btc_eth_volume_rank_spread,0.07255272757652881,0.07255272757652881
volume_btc,sweep_prev_high_reclaim,0.0725228792847281,0.0725228792847281
funding_oi_divergence,crowding_pressure,-0.07247627833128484,0.07247627833128484
trades,compression_release_up,-0.07240789169419211,0.07240789169419211
oi_change_rate,btc_breakout_eth_lag_dir,0.07240457020195849,0.07240457020195849
smart_money_flow,btc_breakout_eth_lag_dir,0.07240457020195849,0.07240457020195849
volatility_z,price_cvd_divergence,-0.07232095518077572,0.07232095518077572
volume,funding_pressure,-0.07230029033151389,0.07230029033151389
volatility_z,breakout_strength,-0.07229961420683614,0.07229961420683614
trade_intensity,hurst_48,-0.07226569483771499,0.07226569483771499
mtf_trend_4h,btc_volume_impulse_z,-0.0722573950816191,0.0722573950816191
rsi,sig_liquidity_trap,-0.07223576933320303,0.07223576933320303
price_cvd_divergence,btc_volume_impulse_z,-0.07217942317424288,0.07217942317424288
rsi,atr_pct_rank_288,-0.0721407069076705,0.0721407069076705
whale_retail_ratio,price_cvd_divergence,0.07206995948983413,0.07206995948983413
mtf_trend_4h,btc_corr_60,-0.07205755538871626,0.07205755538871626
quote_volume_btc,regime_trending,0.07205255584172635,0.07205255584172635
eth_btc_ret_spread_48,atr_pct_rank_288,-0.07204597238274475,0.07204597238274475
long_squeeze_risk,funding_price_divergence,-0.07195995769850733,0.07195995769850733
realized_vol_ratio,cvp_poc_dist,-0.07190952713179509,0.07190952713179509
chop_index,compression_release_down,0.07183267698633473,0.07183267698633473
funding_roc_12,funding_pressure,-0.07174051118817328,0.07174051118817328
vwap_dist_96,sig_liquidity_trap,-0.07173476961220168,0.07173476961220168
bb_width,sweep_prev_low_reclaim,0.07171379623061411,0.07171379623061411
volume_btc,cvp_regime,0.07170888360930952,0.07170888360930952
quote_volume_btc,turtle_signal,-0.07170849588988734,0.07170849588988734
realized_vol_ratio,distance_to_day_high_low_pct,-0.07168477478466453,0.07168477478466453
vwap_reclaim_flag,liquidity_vacuum,0.07165533302549312,0.07165533302549312
ofi_acceleration,btc_breakout_eth_lag_dir,0.07155798306589709,0.07155798306589709
bb_width,failed_breakout_down,0.07155250006343368,0.07155250006343368
low,vwap_dist_288,0.0715483384677935,0.0715483384677935
cvp_volume_imbalance,eth_btc_beta_residual_z,0.07150408233443559,0.07150408233443559
close,vwap_dist_288,0.07143685302467884,0.07143685302467884
mean_reversion_z,btc_ret_1,-0.07138055556081369,0.07138055556081369
quote_volume_btc,eth_btc_ret_spread_48,-0.07136008048073611,0.07136008048073611
taker_buy_base,funding_pressure,-0.07129851629091526,0.07129851629091526
session_us,jump_flag,0.07127260595677012,0.07127260595677012
whale_conviction,mtf_trend_4h,-0.07120740123580083,0.07120740123580083
sum_open_interest_value,cvd_48,-0.07111801095464146,0.07111801095464146
cvd_48,sig_volume_confirm,0.07091177090895917,0.07091177090895917
oi_change_rate,vwap_dist_288,0.07085972306724109,0.07085972306724109
smart_money_flow,vwap_dist_288,0.07085972306724109,0.07085972306724109
cvd_288,vwap_dist_24,0.0708548853847013,0.0708548853847013
high,vwap_dist_288,0.07080952919428411,0.07080952919428411
volume_btc,eth_btc_ret_spread_48,-0.07062089906150547,0.07062089906150547
cvd_breakout_z,btc_breakout_eth_lag_dir,0.07055577726027747,0.07055577726027747
open,vwap_dist_288,0.07055273818002901,0.07055273818002901
funding_pressure,ou_halflife,0.07046505121349546,0.07046505121349546
macd_hist,turtle_signal,-0.07038645728160899,0.07038645728160899
taker_buy_quote,crowded_short_squeeze_risk,0.07032975442698486,0.07032975442698486
breakout_strength,eth_btc_beta_residual_z,0.0701726705528313,0.0701726705528313
cvd_12,btc_ret_z_48,0.07016631745178584,0.07016631745178584
cvd_288,eth_btc_ret_spread_12,0.07009818754510155,0.07009818754510155
short_squeeze_risk,range_contraction_breakout_dir,0.070038608763459,0.070038608763459
funding_abs,crowded_short_squeeze_risk,-0.06995978063335405,0.06995978063335405
cvp_regime,bb_width_pct_rank_288,0.0697932888599025,0.0697932888599025
whale_conviction,ofi_acceleration,0.06976148964886059,0.06976148964886059
eth_btc_ratio_change,mean_reversion_z,-0.06973542836484346,0.06973542836484346
whale_retail_ratio,mta_funding,-0.06960806324108926,0.06960806324108926
cvd_12,crowded_short_squeeze_risk,0.06946205786124307,0.06946205786124307
btc_breakout_eth_lag_dir,vwap_dist_288,0.06935513614665847,0.06935513614665847
whale_conviction,taker_acceleration,0.06934846742712655,0.06934846742712655
mtf_trend_4h,vwap_reject_flag,-0.06928020483530106,0.06928020483530106
cvp_vah_val_width,compression_score,0.0692353786815995,0.0692353786815995
taker_buy_quote,cvp_regime,0.06921780129219657,0.06921780129219657
quote_volume,wick_ratio,-0.0691622956829047,0.0691622956829047
quote_volume,cvp_regime,0.06915161048255976,0.06915161048255976
realized_skewness,cvd_12,0.06912869073215913,0.06912869073215913
low,volume_profile_signal,-0.06910007286945814,0.06910007286945814
sum_toptrader_long_short_ratio,cvp_regime,-0.06908950563732615,0.06908950563732615
short_squeeze_risk,eth_btc_ret_spread_12,0.06907400714726097,0.06907400714726097
rogers_satchell_vol,cvp_vah_val_width,-0.06902404404360228,0.06902404404360228
close,volume_profile_signal,-0.06902061585532276,0.06902061585532276
volume_profile_signal,btc_ret_1,-0.06898564271543751,0.06898564271543751
cvp_poc_dist,sig_volume_confirm,0.06872674716381814,0.06872674716381814
last_funding_rate,cvp_volume_imbalance,0.06872268329917386,0.06872268329917386
btc_ret_z_48,upper_wick_z,0.06871646688574617,0.06871646688574617
close_btc,cvd_48,-0.06871547610582944,0.06871547610582944
big_trade_ratio,regime_trending,0.06868661882224639,0.06868661882224639
garman_klass_vol,cvp_vah_val_width,-0.06865386827349926,0.06865386827349926
bb_width,funding_abs,0.06860262585272227,0.06860262585272227
btc_corr_60,evt_excess_z,0.06860192132595815,0.06860192132595815
volume_profile_signal,sig_volume_confirm,-0.06857548910391643,0.06857548910391643
quote_volume,cvp_vah_val_width,-0.06851973557311071,0.06851973557311071
funding_price_divergence,realized_skewness,0.0684329970275796,0.0684329970275796
volume_btc,compression_release_up,-0.06838792203692118,0.06838792203692118
high,volume_profile_signal,-0.06837063198942349,0.06837063198942349
btc_ret_1,upper_wick_z,0.06836796908061767,0.06836796908061767
eth_btc_ratio_change,volume_profile_signal,-0.06832426927382282,0.06832426927382282
cvp_volume_imbalance,funding_roc_288,0.06832291278828052,0.06832291278828052
parkinson_vol,vwap_dist_288,-0.06829334772643664,0.06829334772643664
cvd_48,btc_breakout_eth_lag_dir,0.06828554868258606,0.06828554868258606
taker_acceleration,failed_breakout_up,0.0682666557501699,0.0682666557501699
fvg_dist,short_squeeze_risk,0.06824347737062014,0.06824347737062014
btc_corr_60,evt_tail_flag,0.06820410385025044,0.06820410385025044
rogers_satchell_vol,volume_profile_signal,0.06813887358059864,0.06813887358059864
bb_width_pct_rank_288,vwap_dist_288,-0.06813791920045528,0.06813791920045528
taker_acceleration,sweep_prev_high_reclaim,0.0680466080450265,0.0680466080450265
parkinson_vol,volume_profile_signal,0.06802518236369329,0.06802518236369329
garman_klass_vol,volume_profile_signal,0.06801503281668117,0.06801503281668117
open,volume_profile_signal,-0.06800582234231271,0.06800582234231271
garman_klass_vol,vwap_dist_288,-0.06785192707227665,0.06785192707227665
rogers_satchell_vol,vwap_dist_288,-0.06782389112023852,0.06782389112023852
compression_score,regime_persistence,0.06772040315284632,0.06772040315284632
price_cvd_divergence,sig_volume_confirm,0.06763086968639144,0.06763086968639144
taker_buy_quote,cvp_vah_val_width,-0.067626418659725,0.067626418659725
evt_excess_z,liquidity_vacuum,-0.06761401499763181,0.06761401499763181
amihud_illiquidity_z,jump_flag,0.06760179635993611,0.06760179635993611
taker_buy_base,compression_release_up,0.06750878562806308,0.06750878562806308
fibonacci_level,funding_pressure,0.0674446609914096,0.0674446609914096
quote_volume_btc,compression_release_up,-0.06737879478482746,0.06737879478482746
long_squeeze_risk,ou_halflife,0.06736617639944292,0.06736617639944292
breakout_strength,btc_volume_impulse_z,-0.06736116390323789,0.06736116390323789
cvp_poc_dist,garch_vol_z,-0.06729989379454458,0.06729989379454458
parkinson_vol,cvp_vah_val_width,-0.06713678825675991,0.06713678825675991
taker_buy_quote,compression_release_up,0.06711832481155527,0.06711832481155527
breakout_strength,long_squeeze_risk,0.06710158556413098,0.06710158556413098
cvd_slope_12,btc_breakout_eth_lag_dir,0.06708647837592163,0.06708647837592163
svps,sweep_prev_high_reclaim,0.06707759169009134,0.06707759169009134
eth_btc_ret_spread_48,btc_impulse_x_eth_beta,0.06703676177256082,0.06703676177256082
svps,failed_breakout_up,0.06702201342209937,0.06702201342209937
quote_volume,funding_abs,0.06693071932894848,0.06693071932894848
session_us,compression_release_down,-0.06668948702483195,0.06668948702483195
eth_btc_ratio_change,btc_ret_12,0.06664536437817714,0.06664536437817714
eth_btc_ret_spread_48,compression_release_down,-0.0666447738995037,0.0666447738995037
close,breakout_strength,0.06663683107874903,0.06663683107874903
realized_vol_ratio,amihud_illiquidity_z,-0.06663036429507255,0.06663036429507255
evt_tail_flag,liquidity_vacuum,-0.06656159959023171,0.06656159959023171
funding_z_score,regime_persistence,0.06653148884457144,0.06653148884457144
ou_funding_z,regime_persistence,0.06651481272063768,0.06651481272063768
compression_release_up,crowding_pressure,0.06650863847854728,0.06650863847854728
hurst_288,garch_vol_z,0.06649538543898531,0.06649538543898531
whale_retail_ratio,rogers_satchell_vol,-0.06647756891218252,0.06647756891218252
cvp_poc_dist,compression_score,0.06645417752095711,0.06645417752095711
low,breakout_strength,0.06636773212574668,0.06636773212574668
cvp_volume_imbalance,btc_volume_impulse_z,-0.06635497514631099,0.06635497514631099
realized_vol_ratio,mtf_trend_4h,-0.0663509118970909,0.0663509118970909
amihud_illiquidity_z,hurst_48,-0.06632553233611607,0.06632553233611607
dual_momentum,crowding_pressure,0.06627804038110202,0.06627804038110202
cvp_poc_dist,cross_scale_curvature,-0.06624968463837401,0.06624968463837401
btc_ret_3,eth_btc_ret_spread_48,0.0662332920655654,0.0662332920655654
net_taker_ratio,sig_trend_health,0.06621157625965232,0.06621157625965232
volatility_z,cvp_volume_imbalance,-0.06620867708958761,0.06620867708958761
bb_width_pct_rank_288,vwap_dist_96,-0.066178762843131,0.066178762843131
volume,is_hour_open,0.06612221317992856,0.06612221317992856
short_squeeze_risk,cross_scale_curvature,-0.06607532263162044,0.06607532263162044
low,mean_reversion_z,-0.06603348617537844,0.06603348617537844
quote_volume_btc,funding_abs,0.0660181265834321,0.0660181265834321
close,mean_reversion_z,-0.06595764225803391,0.06595764225803391
whale_retail_ratio,cvp_poc_dist,0.06582732916896154,0.06582732916896154
high,breakout_strength,0.0658078261644686,0.0658078261644686
whale_conviction,fvg_dist,-0.06579869078665142,0.06579869078665142
upper_wick_z,jump_z,0.06570308176090289,0.06570308176090289
price_cvd_divergence,sig_liquidity_trap,-0.0655054037364805,0.0655054037364805
oi_up_price_up,liquidity_vacuum,-0.06543108149701096,0.06543108149701096
sum_toptrader_long_short_ratio,bb_width,0.0653927231951257,0.0653927231951257
realized_skewness,funding_pressure,-0.0653575288614889,0.0653575288614889
svps,vwap_dist_288,0.06531797508117168,0.06531797508117168
high,mean_reversion_z,-0.06527977766060129,0.06527977766060129
funding_pressure,crowded_long_unwind_risk,-0.06525483382676175,0.06525483382676175
vwap_dist_288,oi_up_price_up,0.06524576316141005,0.06524576316141005
mean_reversion_z,funding_roc_12,-0.06523371523424916,0.06523371523424916
whale_retail_ratio,garman_klass_vol,-0.06518285291304762,0.06518285291304762
open,breakout_strength,0.06511923807693654,0.06511923807693654
hour_sin,liquidity_vacuum,-0.06508213872837836,0.06508213872837836
bb_width_z,sweep_prev_high_reclaim,0.06503375480042967,0.06503375480042967
bb_width_z,failed_breakout_up,0.06502870566706007,0.06502870566706007
btc_volume_impulse_z,compression_release_down,-0.0649845233679292,0.0649845233679292
open,mean_reversion_z,-0.06497065460225218,0.06497065460225218
whale_conviction,eth_btc_ret_spread_12,-0.0648061050891898,0.0648061050891898
btc_ret_1,lower_wick_z,-0.0648021872597631,0.0648021872597631
btc_ret_1,eth_btc_ret_spread_12,0.0647636359012762,0.0647636359012762
oi_change_rate,cvd_breakout_z,0.0647332511283401,0.0647332511283401
smart_money_flow,cvd_breakout_z,0.0647332511283401,0.0647332511283401
taker_buy_quote,funding_abs,0.06472935415323203,0.06472935415323203
close,distance_to_day_high_low_pct,0.06469911109391997,0.06469911109391997
kel,range_contraction_breakout_dir,0.06458935965970457,0.06458935965970457
turtle_signal,funding_pressure,0.06452593802003247,0.06452593802003247
whale_retail_ratio,mtf_trend_4h,0.06452510522828356,0.06452510522828356
btc_ret_6,vwap_reclaim_flag,0.06450089380399122,0.06450089380399122
taker_buy_quote,oi_up_price_down,-0.06441230703437831,0.06441230703437831
btc_ret_6,vwap_reject_flag,-0.0643832374016074,0.0643832374016074
regime_trending,execution_quality,-0.06434225248398598,0.06434225248398598
fvg_dist,kel,0.06430345923187313,0.06430345923187313
quote_volume,oi_up_price_up,0.06423408620326383,0.06423408620326383
log_return,upper_wick_z,0.06422265234488561,0.06422265234488561
fibonacci_level,compression_release_down,-0.06416558834007922,0.06416558834007922
breakout_strength,sig_liquidity_trap,-0.06415855270529959,0.06415855270529959
low,distance_to_day_high_low_pct,0.0641565623893111,0.0641565623893111
close,price_cvd_divergence,0.06409450352350186,0.06409450352350186
low,price_cvd_divergence,0.06399177153086964,0.06399177153086964
eth_btc_ret_spread_48,btc_eth_volume_rank_spread,-0.06391840914244049,0.06391840914244049
quote_volume_btc,is_hour_open,0.06379506771738512,0.06379506771738512
high,distance_to_day_high_low_pct,0.06373905558871376,0.06373905558871376
eth_btc_ret_spread_48,cross_scale_curvature,-0.06365558577312926,0.06365558577312926
volatility_z,anchored_vwap_session_dist,-0.06347015417018742,0.06347015417018742
volume_btc,is_hour_open,0.06346039836809964,0.06346039836809964
bb_width_z,vwap_dist_96,-0.06345413985360608,0.06345413985360608
sweep_prev_low_reclaim,garch_vol_z,0.0634286099462259,0.0634286099462259
taker_buy_base,is_hour_open,0.06341082160743207,0.06341082160743207
taker_acceleration,long_squeeze_risk,0.06339967057942889,0.06339967057942889
failed_breakout_down,garch_vol_z,0.06338449830018246,0.06338449830018246
btc_eth_volume_rank_spread,failed_breakout_down,-0.06337121348742152,0.06337121348742152
high,price_cvd_divergence,0.0633675638043373,0.0633675638043373
btc_ret_z_48,lower_wick_z,-0.06334200032260805,0.06334200032260805
volume,oi_up_price_up,0.06330779469627297,0.06330779469627297
regime_trending,liquidity_vacuum,-0.06330337062571482,0.06330337062571482
price_cvd_divergence,bb_width_pct_rank_288,-0.06325843851783346,0.06325843851783346
trade_intensity,ou_halflife,0.06322505643856874,0.06322505643856874
big_trade_ratio,volume_profile_signal,-0.06321100982536733,0.06321100982536733
price_cvd_divergence,crowded_short_squeeze_risk,0.06320117313300432,0.06320117313300432
btc_eth_volume_rank_spread,sweep_prev_low_reclaim,-0.06319905256648545,0.06319905256648545
funding_oi_divergence,upper_wick_z,-0.06317959137602153,0.06317959137602153
cvp_volume_imbalance,bb_width_pct_rank_288,-0.06314152754318139,0.06314152754318139
vwap_reclaim_flag,crowded_long_unwind_risk,-0.06305955815434962,0.06305955815434962
sum_toptrader_long_short_ratio,mta_funding,-0.06299390360126647,0.06299390360126647
breakout_strength,bb_width_pct_rank_288,-0.06297815260253573,0.06297815260253573
quote_volume,compression_release_up,-0.06297181465695052,0.06297181465695052
cvd_slope_12,failed_breakout_up,0.06291885758577881,0.06291885758577881
open,price_cvd_divergence,0.06288692991264958,0.06288692991264958
sig_volume_confirm,cross_scale_curvature,-0.06288081898384344,0.06288081898384344
open,distance_to_day_high_low_pct,0.0628413405651412,0.0628413405651412
taker_acceleration,distance_to_day_high_low_pct,0.06280829342793372,0.06280829342793372
eth_btc_beta_residual_z,anchored_vwap_session_dist,0.0627890833100586,0.0627890833100586
cvd_slope_12,sweep_prev_high_reclaim,0.06276605717877587,0.06276605717877587
big_trade_ratio,vwap_dist_288,0.06269989913086108,0.06269989913086108
vwap_reclaim_flag,crowded_short_squeeze_risk,0.06254406761897102,0.06254406761897102
atr_pct_rank_288,sig_trend_health,-0.06245564172294302,0.06245564172294302
whale_conviction,sig_trend_health,-0.062440395747847266,0.062440395747847266
eth_btc_ret_spread_48,sig_volume_confirm,0.06238808467576192,0.06238808467576192
btc_ret_1,vwap_dist_288,0.062352621196605736,0.062352621196605736
distance_to_day_high_low_pct,sig_liquidity_trap,-0.06233610650167668,0.06233610650167668
btc_corr_60,crowding_pressure,-0.062322852920023104,0.062322852920023104
net_taker_ratio,cvp_volume_imbalance,0.06216440579485124,0.06216440579485124
funding_z_score,funding_flip_signal,0.062119309929116656,0.062119309929116656
whale_retail_ratio,parkinson_vol,-0.06208645023473628,0.06208645023473628
trades,short_squeeze_risk,0.06194187544447284,0.06194187544447284
funding_flip_signal,ou_funding_z,0.06193278299996045,0.06193278299996045
squeeze_power,cvp_regime,-0.06180596061364268,0.06180596061364268
quote_volume_btc,cvp_regime,0.06178336319727449,0.06178336319727449
mean_reversion_z,funding_pressure,-0.06161748966876805,0.06161748966876805
cvp_regime,short_squeeze_risk,0.061614439778431035,0.061614439778431035
compression_release_down,crowding_pressure,-0.06157806159949679,0.06157806159949679
whale_conviction,cvd_12,-0.06150632505130546,0.06150632505130546
fibonacci_level,sig_volume_confirm,0.0614834097608746,0.0614834097608746
breakout_strength,funding_z_score,0.061418476074507886,0.061418476074507886
breakout_strength,ou_funding_z,0.06141435306672081,0.06141435306672081
btc_volume_impulse_z,anchored_vwap_session_dist,-0.06138232697102928,0.06138232697102928
cvd_breakout_z,jump_z,0.061310385905669756,0.061310385905669756
vwap_dist_24,sig_liquidity_trap,-0.06129651762636003,0.06129651762636003
funding_price_divergence,kel,0.06125606701553972,0.06125606701553972
hour_cos,atr_pct_rank_288,-0.061212301693687264,0.061212301693687264
vwap_reject_flag,crowded_long_unwind_risk,0.06117339296296328,0.06117339296296328
upper_wick_z,sig_volume_confirm,0.06106352800508723,0.06106352800508723
mean_reversion_z,sig_volume_confirm,-0.061051890764085424,0.061051890764085424
volatility_z,vwap_dist_288,-0.0609589297081895,0.0609589297081895
hour_sin,funding_abs,0.060953691548555115,0.060953691548555115
btc_corr_60,hurst_288,-0.060915866349543005,0.060915866349543005
vwap_reject_flag,crowded_short_squeeze_risk,-0.06090889527306767,0.06090889527306767
btc_eth_volume_rank_spread,garch_vol_z,-0.0608845694492385,0.0608845694492385
cvd_288,ou_halflife,-0.06083062475286405,0.06083062475286405
volume_profile_signal,bb_width_pct_rank_288,0.06080560046782924,0.06080560046782924
mtf_trend_4h,kel,0.060762937914688106,0.060762937914688106
volatility_z,mtf_trend_4h,-0.06076151555972518,0.06076151555972518
log_return,cvd_breakout_z,0.06075878398803063,0.06075878398803063
failed_breakout_up,sig_liquidity_trap,-0.060659065299631686,0.060659065299631686
bb_width,cvp_regime,0.06063490290003896,0.06063490290003896
big_trade_ratio,oi_up_price_up,0.06059692176001305,0.06059692176001305
sweep_prev_high_reclaim,sig_liquidity_trap,-0.060544667460000944,0.060544667460000944
eth_btc_ratio_change,vwap_dist_288,0.0605060308079674,0.0605060308079674
smart_money_flow,cvd_48,0.06048805932425022,0.06048805932425022
oi_change_rate,cvd_48,0.06048805932425022,0.06048805932425022
count_long_short_ratio,trade_intensity,0.060451565651668364,0.060451565651668364
cvd_slope_12,failed_breakout_down,-0.060426401909084916,0.060426401909084916
mean_reversion_z,compression_release_down,0.06032097215070688,0.06032097215070688
cvd_slope_12,sweep_prev_low_reclaim,-0.06028788229875405,0.06028788229875405
btc_breakout_eth_lag_dir,regime_persistence,0.060237099137336346,0.060237099137336346
rsi,btc_volume_impulse_z,-0.060136321459032666,0.060136321459032666
cvd_breakout_z,funding_oi_divergence,-0.060101255337069476,0.060101255337069476
volume,wick_ratio,-0.06004748262441661,0.06004748262441661
kalman_velocity,cross_scale_curvature,0.06003861083820707,0.06003861083820707
net_taker_ratio,failed_breakout_down,-0.06001957357940261,0.06001957357940261
bb_width_pct_rank_288,anchored_vwap_session_dist,-0.060014282245734574,0.060014282245734574
btc_breakout_eth_lag_dir,crowded_short_squeeze_risk,0.05998850711982325,0.05998850711982325
vwap_reject_flag,liquidity_vacuum,0.05997489377523013,0.05997489377523013
quote_volume_btc,squeeze_power,0.059927244314305024,0.059927244314305024
quote_volume,is_hour_open,0.059854850165813,0.059854850165813
fvg_dist,sig_liquidity_trap,-0.059754013793540735,0.059754013793540735
net_taker_ratio,sweep_prev_low_reclaim,-0.05965846532014912,0.05965846532014912
last_funding_rate,funding_price_divergence,-0.05965685665822687,0.05965685665822687
lower_wick_z,failed_breakout_up,-0.05964152668781823,0.05964152668781823
btc_volume_impulse_z,vwap_dist_288,-0.059544640447324236,0.059544640447324236
kel,eth_btc_ret_spread_12,0.05952708731440445,0.05952708731440445
upper_wick_z,failed_breakout_down,-0.059414491781130986,0.059414491781130986
volume_profile_signal,funding_pressure,-0.05940382984838477,0.05940382984838477
btc_breakout_eth_lag_dir,failed_breakout_down,-0.059371505697778305,0.059371505697778305
cvp_volume_imbalance,svps,0.059358980897720154,0.059358980897720154
squeeze_power,regime_persistence,0.059348414470476826,0.059348414470476826
short_squeeze_risk,cvd_breakout_z,0.05933804375795853,0.05933804375795853
breakout_strength,funding_roc_12,0.05920575936395774,0.05920575936395774
hma_slope,oi_up_price_down,0.05918281026164872,0.05918281026164872
kel,btc_ret_6,0.05915692705511529,0.05915692705511529
taker_buy_quote,wick_ratio,-0.05902856526071295,0.05902856526071295
btc_breakout_eth_lag_dir,sweep_prev_low_reclaim,-0.05901587283818891,0.05901587283818891
turtle_signal,funding_roc_12,0.05900279993661136,0.05900279993661136
cvp_regime,btc_volume_impulse_z,0.0589935245898995,0.0589935245898995
net_taker_ratio,crowding_pressure,0.05893455077331698,0.05893455077331698
lower_wick_z,sweep_prev_high_reclaim,-0.058921974312912365,0.058921974312912365
volume_btc,funding_abs,0.058889476964276925,0.058889476964276925
volume_profile_signal,funding_roc_12,-0.058710105915808254,0.058710105915808254
squeeze_power,breakout_strength,0.05869117495415595,0.05869117495415595
upper_wick_z,sweep_prev_low_reclaim,-0.05869066039866591,0.05869066039866591
short_squeeze_risk,funding_abs,0.058665503493876045,0.058665503493876045
cvd_12,sig_liquidity_trap,-0.058591149089478635,0.058591149089478635
range_contraction_breakout_dir,lower_wick_z,-0.058549469091015334,0.058549469091015334
eth_btc_ret_spread_48,compression_score,0.058546585418159935,0.058546585418159935
breakout_strength,svps,0.05853097022931736,0.05853097022931736
mtf_trend_1h,lower_wick_z,-0.058481627597869616,0.058481627597869616
big_trade_ratio,mean_reversion_z,-0.05844928444518882,0.05844928444518882
eth_btc_ratio_change,crowding_pressure,0.05844754649836215,0.05844754649836215
btc_breakout_eth_lag_dir,crowding_pressure,0.05844541317836092,0.05844541317836092
mtf_trend_4h,vwap_reclaim_flag,0.05835789692545412,0.05835789692545412
crowded_long_unwind_risk,sig_liquidity_trap,-0.058128513091485666,0.058128513091485666
short_squeeze_risk,cvd_slope_48,0.05809287267469344,0.05809287267469344
taker_buy_quote,is_hour_open,0.05800416561203156,0.05800416561203156
sum_open_interest_value,fibonacci_level,0.05797072661762881,0.05797072661762881
turtle_signal,hurst_288,-0.057888046502312274,0.057888046502312274
hma_slope,cvd_288,0.057883779630104985,0.057883779630104985
hour_sin,compression_release_down,0.05782859320076349,0.05782859320076349
funding_roc_12,vwap_dist_288,0.057772937712424255,0.057772937712424255
cvd_breakout_z,cross_scale_curvature,-0.05777197923922569,0.05777197923922569
bb_width_z,price_cvd_divergence,-0.05776928100769668,0.05776928100769668
volume_btc,mean_reversion_z,0.057688143761380775,0.057688143761380775
volatility_z,hour_cos,-0.057675744958666154,0.057675744958666154
svps,failed_breakout_down,0.05765734935392094,0.05765734935392094
svps,sweep_prev_low_reclaim,0.0576357454336016,0.0576357454336016
btc_eth_volume_rank_spread,evt_tail_flag,-0.05754221059001959,0.05754221059001959
cvd_288,crowded_long_unwind_risk,0.057509371297823395,0.057509371297823395
hour_sin,turtle_signal,0.05750204996774764,0.05750204996774764
squeeze_power,funding_price_divergence,-0.05748756421888603,0.05748756421888603
btc_eth_volume_rank_spread,evt_excess_z,-0.05746923271475768,0.05746923271475768
vwap_reclaim_flag,upper_wick_z,-0.057432914717684885,0.057432914717684885
mean_reversion_z,bb_width_pct_rank_288,0.057397753761006205,0.057397753761006205
last_funding_rate,ou_halflife,0.05739363369742934,0.05739363369742934
mtf_trend_4h,short_squeeze_risk,0.05737427110265219,0.05737427110265219
net_taker_ratio,anchored_vwap_session_dist,0.05729049128854909,0.05729049128854909
dual_momentum,sig_trend_health,0.057284707030217825,0.057284707030217825
funding_price_divergence,sig_liquidity_trap,-0.05724560796925359,0.05724560796925359
anchored_vwap_session_dist,sig_liquidity_trap,-0.05724442241926545,0.05724442241926545
trade_intensity,hurst_288,-0.05717877181806927,0.05717877181806927
big_trade_ratio,upper_wick_z,-0.057118448048087536,0.057118448048087536
hour_sin,evt_excess_z,-0.05711078497840486,0.05711078497840486
cvp_poc_dist,cvd_slope_48,0.057092846161999534,0.057092846161999534
ofi_acceleration,vwap_dist_24,0.057090452079659085,0.057090452079659085
hour_sin,evt_tail_flag,-0.057003715160212645,0.057003715160212645
volume_btc,long_squeeze_risk,0.0569384158938179,0.0569384158938179
btc_ret_1,crowding_pressure,0.0569294569777443,0.0569294569777443
cvd_48,jump_z,0.05687893516671158,0.05687893516671158
low,turtle_signal,0.05687058732413601,0.05687058732413601
long_squeeze_risk,btc_impulse_x_eth_beta,0.056846082626539333,0.056846082626539333
big_trade_ratio,fibonacci_level,0.05683777508183848,0.05683777508183848
lower_wick_z,cross_scale_curvature,0.05675212294681062,0.05675212294681062
long_squeeze_risk,btc_ret_3,0.05671399308701657,0.05671399308701657
anchored_vwap_session_dist,crowded_short_squeeze_risk,0.05665738208813026,0.05665738208813026
trades,oi_up_price_up,0.05664673164406843,0.05664673164406843
volume_profile_signal,svps,-0.056634472825874534,0.056634472825874534
volume_profile_signal,btc_volume_impulse_z,0.05663432410232801,0.05663432410232801
cvp_vah_val_width,btc_volume_impulse_z,-0.05657977127764297,0.05657977127764297
funding_pressure,vwap_dist_288,0.0565788679063806,0.0565788679063806
fvg_dist,dual_momentum,0.05652186907324834,0.05652186907324834
hurst_288,btc_volume_impulse_z,0.056504447176879746,0.056504447176879746
trade_intensity,regime_trending,-0.05648875855812204,0.05648875855812204
hurst_48,hurst_288,0.05643985728429245,0.05643985728429245
close,turtle_signal,0.05643382143624593,0.05643382143624593
funding_price_divergence,vwap_reject_flag,-0.056368367218243315,0.056368367218243315
mean_reversion_z,svps,-0.056310057100403786,0.056310057100403786
close,cvp_volume_imbalance,0.056246560776639525,0.056246560776639525
rogers_satchell_vol,fibonacci_level,-0.05616391328695263,0.05616391328695263
eth_btc_ret_spread_48,sig_liquidity_trap,-0.05615090847295727,0.05615090847295727
open,turtle_signal,0.056147082298627235,0.056147082298627235
log_return,cvd_48,0.05613408495289633,0.05613408495289633
garman_klass_vol,fibonacci_level,-0.056094760714909965,0.056094760714909965
atr_pct_rank_288,sweep_prev_low_reclaim,0.05604538229420721,0.05604538229420721
parkinson_vol,fibonacci_level,-0.05603225538762081,0.05603225538762081
count_long_short_ratio,funding_abs,-0.05601764985056443,0.05601764985056443
atr_pct_rank_288,failed_breakout_down,0.055996671709433926,0.055996671709433926
high,turtle_signal,0.055993582088973,0.055993582088973
low,cvp_volume_imbalance,0.05597992531097513,0.05597992531097513
sum_toptrader_long_short_ratio,realized_skewness,-0.05590468941231346,0.05590468941231346
fibonacci_level,bb_width_pct_rank_288,-0.05583855555710046,0.05583855555710046
realized_skewness,btc_ret_6,0.05582809521637574,0.05582809521637574
bb_width_pct_rank_288,sweep_prev_high_reclaim,0.05578584227085511,0.05578584227085511
bb_width_pct_rank_288,failed_breakout_up,0.05577254526459357,0.05577254526459357
ofi_acceleration,cvd_slope_48,0.05576637331471968,0.05576637331471968
hma_slope,sig_liquidity_trap,-0.05567154544472127,0.05567154544472127
cvp_volume_imbalance,funding_roc_12,0.055669312460291095,0.055669312460291095
long_squeeze_risk,regime_persistence,0.05559568996768275,0.05559568996768275
volatility_z,distance_to_day_high_low_pct,-0.055533901938476626,0.055533901938476626
volume_btc,price_cvd_divergence,-0.0554331813359237,0.0554331813359237
cvd_48,funding_oi_divergence,-0.05540304918931192,0.05540304918931192
high,cvp_volume_imbalance,0.05538004593155898,0.05538004593155898
breakout_strength,crowded_short_squeeze_risk,0.055377557973041926,0.055377557973041926
net_taker_ratio,breakout_strength,0.0553424963018504,0.0553424963018504
funding_pressure,crowding_pressure,-0.05533221421688215,0.05533221421688215
hour_sin,breakout_strength,0.05532067827313191,0.05532067827313191
cvd_breakout_z,compression_release_up,0.05525652768100277,0.05525652768100277
realized_vol_ratio,hurst_48,0.0552482084926539,0.0552482084926539
cvp_poc_dist,btc_volume_impulse_z,-0.05524074809748234,0.05524074809748234
vwap_reject_flag,lower_wick_z,-0.05523613992884638,0.05523613992884638
funding_roc_12,regime_persistence,0.05519612846789479,0.05519612846789479
vwap_reclaim_flag,sig_liquidity_trap,0.055190374191079784,0.055190374191079784
rogers_satchell_vol,breakout_strength,-0.05506986712712164,0.05506986712712164
taker_acceleration,mtf_trend_4h,0.05505298271913269,0.05505298271913269
funding_pressure,cvd_breakout_z,-0.054888758443689116,0.054888758443689116
volume,last_funding_rate,-0.054826552650520825,0.054826552650520825
open,cvd_12,-0.05477901394288468,0.05477901394288468
vwap_reject_flag,sig_liquidity_trap,-0.054726214466389596,0.054726214466389596
btc_volume_impulse_z,distance_to_day_high_low_pct,-0.05472126810156889,0.05472126810156889
open,cvp_volume_imbalance,0.054684378787407,0.054684378787407
hour_sin,jump_flag,-0.05468045703244974,0.05468045703244974
last_funding_rate,regime_persistence,0.054532201341063936,0.054532201341063936
cvd_slope_12,lower_wick_z,-0.054474433960770174,0.054474433960770174
vwap_reclaim_flag,evt_excess_z,0.05446006498786831,0.05446006498786831
eth_btc_ret_spread_48,garch_vol_z,-0.0543913402131653,0.0543913402131653
volume_btc,volume_profile_signal,0.05438409783488056,0.05438409783488056
cvp_poc_dist,svps,0.05435902149672866,0.05435902149672866
bb_width,mean_reversion_z,0.05435012609287059,0.05435012609287059
rogers_satchell_vol,cvp_volume_imbalance,-0.05424210036096505,0.05424210036096505
quote_volume_btc,cvp_vah_val_width,-0.054239830107659495,0.054239830107659495
taker_buy_base,last_funding_rate,-0.054233798160570196,0.054233798160570196
vwap_reclaim_flag,evt_tail_flag,0.05422523587862731,0.05422523587862731
cvp_vah_val_width,bb_width_pct_rank_288,-0.05412458613449147,0.05412458613449147
cvp_poc_dist,sig_liquidity_trap,-0.05411054464460916,0.05411054464460916
volatility_z,regime_persistence,-0.05409741151235967,0.05409741151235967
cvp_poc_dist,eth_btc_beta_residual_z,0.05405389125431779,0.05405389125431779
garman_klass_vol,breakout_strength,-0.05405226539659926,0.05405226539659926
high,cvd_12,-0.05405187619916275,0.05405187619916275
whale_conviction,oi_change_rate,-0.05395805443373228,0.05395805443373228
whale_conviction,smart_money_flow,-0.05395805443373228,0.05395805443373228
hour_sin,compression_release_up,0.053929375993419036,0.053929375993419036
mtf_trend_4h,cvd_slope_12,0.05387205098143194,0.05387205098143194
low,cvd_12,-0.053857067549274905,0.053857067549274905
mtf_trend_1h,dual_momentum,0.053852307543009494,0.053852307543009494
cvd_breakout_z,oi_up_price_up,0.05380110021431059,0.05380110021431059
garman_klass_vol,cvp_volume_imbalance,-0.053795470345366844,0.053795470345366844
svps,evt_excess_z,0.053644586540866936,0.053644586540866936
svps,anchored_vwap_session_dist,0.05356273975951868,0.05356273975951868
close,cvd_12,-0.05353884664431712,0.05353884664431712
squeeze_power,cvd_breakout_z,-0.05349332691690933,0.05349332691690933
btc_volume_impulse_z,regime_persistence,-0.05349129436403382,0.05349129436403382
rsi,lower_wick_z,-0.053483868187158994,0.053483868187158994
trades,cvd_288,-0.05348121269883104,0.05348121269883104
oi_up_price_up,failed_breakout_up,0.05343131349645656,0.05343131349645656
volume_btc,mtf_trend_4h,-0.05342856005063805,0.05342856005063805
range_contraction_breakout_dir,crowded_long_unwind_risk,-0.053420630386484494,0.053420630386484494
realized_skewness,svps,0.053401549981654334,0.053401549981654334
macd_hist,fibonacci_level,0.05337897517985004,0.05337897517985004
fvg_dist,atr_pct_rank_288,-0.053375398806190084,0.053375398806190084
svps,evt_tail_flag,0.05331831943290257,0.05331831943290257
cvp_cluster_position,vwap_reject_flag,-0.053300130557133514,0.053300130557133514
cvp_cluster_position,crowded_long_unwind_risk,-0.05326414895538642,0.05326414895538642
fibonacci_level,funding_roc_12,0.053260006091810794,0.053260006091810794
oi_up_price_up,sweep_prev_high_reclaim,0.05325365775972192,0.05325365775972192
mtf_trend_1h,upper_wick_z,0.05324880222974893,0.05324880222974893
hurst_288,funding_abs,0.0532467256123846,0.0532467256123846
compression_score,sig_trend_health,0.05323993250598419,0.05323993250598419
hour_cos,cvd_48,0.05311642582463956,0.05311642582463956
short_squeeze_risk,funding_flip_signal,-0.053064360793698154,0.053064360793698154
hour_cos,cvd_breakout_z,0.053043267411720885,0.053043267411720885
cvd_breakout_z,sig_liquidity_trap,-0.05303554016334584,0.05303554016334584
rsi,garch_vol_z,-0.05303491527831988,0.05303491527831988
sum_open_interest_value,cvp_regime,-0.05299910679407136,0.05299910679407136
btc_ret_z_48,eth_btc_ret_spread_12,0.052946056686422015,0.052946056686422015
cvp_cluster_position,sig_volume_confirm,0.05290792307542601,0.05290792307542601
parkinson_vol,cvp_volume_imbalance,-0.052893834239877244,0.052893834239877244
rsi,compression_score,0.05286984014196555,0.05286984014196555
last_funding_rate,breakout_strength,0.05286800749936737,0.05286800749936737
taker_buy_base,lower_wick_z,-0.05277043089679048,0.05277043089679048
bb_width_pct_rank_288,distance_to_day_high_low_pct,-0.05274880410044734,0.05274880410044734
volume_profile_signal,compression_release_down,0.052738873975962504,0.052738873975962504
mean_reversion_z,btc_volume_impulse_z,0.0527111110540396,0.0527111110540396
wick_ratio,btc_eth_volume_rank_spread,0.052631925301272676,0.052631925301272676
volatility_z,volume_profile_signal,0.05254253344159912,0.05254253344159912
volume_btc,whale_retail_ratio,-0.05251216884988047,0.05251216884988047
funding_price_divergence,crowded_long_unwind_risk,-0.052507026498495854,0.052507026498495854
quote_volume_btc,cvd_48,-0.05249746274333717,0.05249746274333717
price_cvd_divergence,eth_btc_beta_residual_z,0.05246448297341361,0.05246448297341361
sum_open_interest_value,volume_profile_signal,-0.05242401885345782,0.05242401885345782
btc_eth_volume_rank_spread,jump_flag,-0.05241552512292474,0.05241552512292474
long_squeeze_risk,distance_to_day_high_low_pct,0.05236420198770522,0.05236420198770522
garch_vol_z,sig_trend_health,-0.052360004013907176,0.052360004013907176
volume_btc,cvp_vah_val_width,-0.05233550993865262,0.05233550993865262
eth_btc_ret_spread_12,btc_volume_impulse_z,-0.05229272133882962,0.05229272133882962
parkinson_vol,breakout_strength,-0.05228818340958908,0.05228818340958908
close,anchored_vwap_session_dist,0.05227570561492134,0.05227570561492134
quote_volume_btc,mean_reversion_z,0.052272975243369435,0.052272975243369435
long_squeeze_risk,btc_lead_eth_follow_gap_3,-0.052255576784550443,0.052255576784550443
short_squeeze_risk,cvd_12,0.05217462274951962,0.05217462274951962
cvd_48,compression_release_up,0.05216331895322987,0.05216331895322987
cvp_poc_dist,crowded_short_squeeze_risk,0.0521006449769056,0.0521006449769056
funding_roc_12,realized_skewness,0.05202865247890479,0.05202865247890479
count_long_short_ratio,close_btc,0.05202680748865683,0.05202680748865683
cvd_48,sig_liquidity_trap,-0.05202442406985521,0.05202442406985521
low,anchored_vwap_session_dist,0.052012941330997396,0.052012941330997396
hma_slope,realized_skewness,0.051950745829913686,0.051950745829913686
btc_breakout_eth_lag_dir,failed_breakout_up,0.05193174772274475,0.05193174772274475
hour_sin,execution_quality,-0.05191219634685773,0.05191219634685773
kalman_velocity,oi_up_price_down,0.05188580783974761,0.05188580783974761
oi_up_price_up,lower_wick_z,-0.051872296490979415,0.051872296490979415
rsi,upper_wick_z,0.05184117359621814,0.05184117359621814
last_funding_rate,cvp_regime,-0.05181980302478589,0.05181980302478589
funding_roc_288,regime_persistence,0.05179155321115786,0.05179155321115786
hurst_48,compression_release_down,-0.051724279490091084,0.051724279490091084
whale_retail_ratio,cvp_regime,-0.05170986896561058,0.05170986896561058
kel,cvd_slope_48,0.051693464333822665,0.051693464333822665
btc_breakout_eth_lag_dir,sweep_prev_high_reclaim,0.05168654333893997,0.05168654333893997
vwap_reject_flag,sig_trend_health,-0.051682584606068546,0.051682584606068546
cvp_volume_imbalance,crowded_short_squeeze_risk,0.05163916026727873,0.05163916026727873
cvp_cluster_position,dual_momentum,0.051605328836458284,0.051605328836458284
net_taker_ratio,vwap_dist_96,0.05158630246028198,0.05158630246028198
sum_open_interest_value,mean_reversion_z,-0.05157222075915919,0.05157222075915919
cvd_slope_12,vwap_reject_flag,-0.05156856717633539,0.05156856717633539
parkinson_vol,ou_halflife,0.05153292613557106,0.05153292613557106
high,anchored_vwap_session_dist,0.05152981410403936,0.05152981410403936
sum_open_interest_value,vwap_dist_288,0.051529169383699704,0.051529169383699704
funding_roc_288,hurst_288,-0.0515100020659088,0.0515100020659088
taker_buy_base,turtle_signal,-0.05148269716399184,0.05148269716399184
taker_buy_quote,lower_wick_z,-0.05147699851856234,0.05147699851856234
vwap_reject_flag,evt_excess_z,0.0513935430721823,0.0513935430721823
cvd_288,btc_ret_6,0.05139074706509138,0.05139074706509138
long_squeeze_risk,funding_flip_signal,0.05136164840487779,0.05136164840487779
cvd_slope_12,distance_to_day_high_low_pct,0.05135622481077233,0.05135622481077233
hurst_48,compression_release_up,-0.051355240767974736,0.051355240767974736
btc_corr_60,realized_skewness,-0.051330131252026144,0.051330131252026144
last_funding_rate,cvd_breakout_z,-0.051328729299174376,0.051328729299174376
volatility_z,mean_reversion_z,0.05131971556193878,0.05131971556193878
svps,jump_flag,0.051310471680470426,0.051310471680470426
vwap_reject_flag,evt_tail_flag,0.05130882488752222,0.05130882488752222
mta_funding,cvd_288,0.05130768679001965,0.05130768679001965
vwap_dist_288,crowded_long_unwind_risk,0.05129777916303538,0.05129777916303538
short_squeeze_risk,btc_ret_12,0.051293617952150435,0.051293617952150435
rogers_satchell_vol,regime_persistence,-0.05127891840142263,0.05127891840142263
rogers_satchell_vol,ou_halflife,0.051226471788394,0.051226471788394
hurst_288,compression_score,-0.0511982703854621,0.0511982703854621
mtf_trend_4h,bb_width_pct_rank_288,-0.05113922079594522,0.05113922079594522
garman_klass_vol,ou_halflife,0.05112684716365145,0.05112684716365145
sum_toptrader_long_short_ratio,cvd_12,-0.05109651553634729,0.05109651553634729
taker_buy_quote,crowded_long_unwind_risk,-0.05107227225976076,0.05107227225976076
hurst_288,svps,0.05098968347910418,0.05098968347910418
amihud_illiquidity_z,regime_trending,-0.05087656188172575,0.05087656188172575
open,anchored_vwap_session_dist,0.050848198685522566,0.050848198685522566
quote_volume_btc,mtf_trend_4h,-0.05083766247458931,0.05083766247458931
garman_klass_vol,realized_skewness,0.05077222521009476,0.05077222521009476
breakout_strength,funding_roc_288,0.050755390247290644,0.050755390247290644
vwap_dist_288,sig_volume_confirm,0.05072348403537813,0.05072348403537813
cvd_slope_12,vwap_reclaim_flag,0.0506739514352729,0.0506739514352729
rogers_satchell_vol,price_cvd_divergence,-0.05065367575856714,0.05065367575856714
garman_klass_vol,regime_persistence,-0.05063098408140935,0.05063098408140935
fibonacci_level,btc_volume_impulse_z,-0.0506133436747616,0.0506133436747616
btc_ret_12,sig_liquidity_trap,-0.0506111680057856,0.0506111680057856
volume_btc,vwap_dist_288,-0.050472369215846274,0.050472369215846274
hour_sin,regime_persistence,0.050469562928794766,0.050469562928794766
bb_width,sweep_prev_high_reclaim,0.0504674513409211,0.0504674513409211
volume_btc,vwap_dist_96,-0.05046525424052397,0.05046525424052397
oi_up_price_up,sig_liquidity_trap,0.05044602155327702,0.05044602155327702
btc_volume_impulse_z,vwap_dist_24,-0.05040709868046786,0.05040709868046786
bb_width,failed_breakout_up,0.050364710668506854,0.050364710668506854
macd_hist,sig_liquidity_trap,-0.050363172601479086,0.050363172601479086
cvp_regime,jump_flag,0.05033993164050842,0.05033993164050842
cvd_slope_12,regime_persistence,-0.050253395123811606,0.050253395123811606
bb_width,vwap_dist_288,-0.050212582981387546,0.050212582981387546
macd_hist,volume_profile_signal,-0.05019500072128287,0.05019500072128287
volume_btc,cvp_volume_imbalance,-0.05017138048209399,0.05017138048209399
parkinson_vol,realized_skewness,0.05010750099036127,0.05010750099036127
svps,vwap_dist_96,0.050056165352325245,0.050056165352325245
bb_width,short_squeeze_risk,0.0499574497883274,0.0499574497883274
trade_intensity,wick_ratio,0.04993929841916742,0.04993929841916742
ofi_acceleration,sig_liquidity_trap,0.049916043574675786,0.049916043574675786
mtf_trend_1h,long_squeeze_risk,0.04988025760417917,0.04988025760417917
bb_width,volume_profile_signal,0.04987979684559246,0.04987979684559246
cvp_regime,mta_funding,0.04986926885580825,0.04986926885580825
cvp_cluster_position,vwap_reclaim_flag,0.04984462152207155,0.04984462152207155
volume_profile_signal,btc_eth_volume_rank_spread,0.049827468900556095,0.049827468900556095
rogers_satchell_vol,realized_skewness,0.04982724367305623,0.04982724367305623
session_us,liquidity_vacuum,-0.04981937292967555,0.04981937292967555
macd_hist,ofi_acceleration,-0.04979249952904977,0.04979249952904977
sum_open_interest_value,breakout_strength,0.049752311495878734,0.049752311495878734
mta_funding,crowded_short_squeeze_risk,0.04968262875992572,0.04968262875992572
cvp_poc_dist,funding_roc_48,0.04966398883708431,0.04966398883708431
taker_acceleration,sig_volume_confirm,0.049554734713028355,0.049554734713028355
quote_volume_btc,price_cvd_divergence,-0.04949525439807156,0.04949525439807156
failed_breakout_down,sig_liquidity_trap,0.04948255625946967,0.04948255625946967
sum_toptrader_long_short_ratio,parkinson_vol,0.04946867761292824,0.04946867761292824
compression_release_up,upper_wick_z,-0.04946133517300656,0.04946133517300656
upper_wick_z,cross_scale_curvature,-0.04944514170019024,0.04944514170019024
whale_retail_ratio,eth_btc_ret_spread_48,0.049363545203088256,0.049363545203088256
sweep_prev_low_reclaim,sig_liquidity_trap,0.04934982158345634,0.04934982158345634
parkinson_vol,regime_persistence,-0.04929440249624856,0.04929440249624856
garman_klass_vol,price_cvd_divergence,-0.049288905904888575,0.049288905904888575
taker_buy_base,wick_ratio,-0.04917567710666891,0.04917567710666891
eth_btc_ret_spread_48,crowded_short_squeeze_risk,0.04915712779266614,0.04915712779266614
trades,wick_ratio,-0.049080938951793586,0.049080938951793586
short_squeeze_risk,sweep_prev_high_reclaim,0.04907236936859512,0.04907236936859512
quote_volume_btc,volume_profile_signal,0.04905666573855735,0.04905666573855735
short_squeeze_risk,failed_breakout_up,0.049039646516937575,0.049039646516937575
crowded_long_unwind_risk,liquidity_vacuum,0.04900737477714074,0.04900737477714074
vwap_reclaim_flag,jump_flag,0.04892350877784454,0.04892350877784454
taker_buy_quote,btc_ret_3,0.04889819751587216,0.04889819751587216
taker_buy_quote,btc_impulse_x_eth_beta,0.04887820799217117,0.04887820799217117
taker_buy_quote,range_contraction_breakout_dir,0.04883807506074814,0.04883807506074814
parkinson_vol,execution_quality,-0.04874759136982826,0.04874759136982826
compression_release_up,execution_quality,-0.04870031022272676,0.04870031022272676
cvp_volume_imbalance,btc_ret_z_48,0.048684799884044484,0.048684799884044484
taker_buy_base,crowded_long_unwind_risk,-0.04861966083780482,0.04861966083780482
funding_price_divergence,vwap_reclaim_flag,0.04860137453422595,0.04860137453422595
btc_eth_volume_rank_spread,atr_pct_rank_288,-0.048551490333825845,0.048551490333825845
btc_ret_12,atr_pct_rank_288,-0.048449268098975574,0.048449268098975574
taker_buy_base,btc_lead_eth_follow_gap_3,-0.04843214928412641,0.04843214928412641
btc_corr_60,btc_eth_volume_rank_spread,0.048378065451229295,0.048378065451229295
cvp_vah_val_width,svps,0.04836561874610324,0.04836561874610324
realized_vol_ratio,liquidity_vacuum,-0.048349820316832444,0.048349820316832444
compression_release_down,execution_quality,-0.048329236230259476,0.048329236230259476
volume_btc,breakout_strength,-0.048326617105061705,0.048326617105061705
quote_volume_btc,vwap_dist_96,-0.04819722221881298,0.04819722221881298
crowded_short_squeeze_risk,sweep_prev_low_reclaim,-0.04819686326236118,0.04819686326236118
quote_volume_btc,compression_release_down,-0.04815993401811089,0.04815993401811089
crowded_short_squeeze_risk,failed_breakout_down,-0.04812277995123843,0.04812277995123843
cvd_288,atr_pct_rank_288,-0.048106249488608345,0.048106249488608345
btc_corr_60,ou_halflife,-0.04809667426204531,0.04809667426204531
amihud_illiquidity_z,oi_up_price_down,0.04808449232322756,0.04808449232322756
short_squeeze_risk,sig_volume_confirm,0.04806810676836913,0.04806810676836913
range_contraction_breakout_dir,upper_wick_z,0.04806241879674655,0.04806241879674655
last_funding_rate,quote_volume_btc,0.048054766801214906,0.048054766801214906
taker_buy_quote,mtf_trend_1h,0.04804644939511431,0.04804644939511431
mtf_trend_4h,svps,0.048000460602161454,0.048000460602161454
volume,realized_skewness,0.048000298135728675,0.048000298135728675
volume_btc,compression_release_down,-0.04798846594512895,0.04798846594512895
mtf_trend_4h,lower_wick_z,-0.04797219203900845,0.04797219203900845
btc_ret_3,lower_wick_z,-0.047868848292448495,0.047868848292448495
btc_impulse_x_eth_beta,lower_wick_z,-0.04784213534438605,0.04784213534438605
ofi_acceleration,failed_breakout_down,-0.047816103008300324,0.047816103008300324
taker_buy_base,btc_ret_3,0.04779384885461657,0.04779384885461657
eth_btc_ret_spread_12,sig_liquidity_trap,-0.04777883422563055,0.04777883422563055
cvd_slope_12,upper_wick_z,0.0477632403274253,0.0477632403274253
taker_buy_base,btc_impulse_x_eth_beta,0.04775642512462584,0.04775642512462584
kalman_velocity,vwap_reject_flag,-0.047733497562497375,0.047733497562497375
realized_vol_ratio,lower_wick_z,-0.04763401201618825,0.04763401201618825
sig_liquidity_trap,regime_persistence,-0.0476311987641252,0.0476311987641252
ofi_acceleration,sweep_prev_low_reclaim,-0.04761333238465494,0.04761333238465494
mtf_trend_4h,upper_wick_z,0.04758262852558139,0.04758262852558139
bb_width_z,mtf_trend_4h,-0.047520880891293034,0.047520880891293034
quote_volume,ou_halflife,0.04750655138623917,0.04750655138623917
funding_roc_12,crowding_pressure,0.04748867428508032,0.04748867428508032
fibonacci_level,crowded_long_unwind_risk,0.047347091982913654,0.047347091982913654
whale_conviction,vwap_dist_96,-0.04734429708113632,0.04734429708113632
eth_btc_ratio_change,cvd_breakout_z,0.0472913232474268,0.0472913232474268
dual_momentum,vwap_dist_24,0.047255436776750606,0.047255436776750606
cvp_volume_imbalance,btc_eth_volume_rank_spread,-0.04717166565669537,0.04717166565669537
close_btc,cvp_regime,-0.04715436414780626,0.04715436414780626
count_long_short_ratio,cvp_cluster_position,-0.047067441251296735,0.047067441251296735
cvd_48,oi_up_price_up,0.0470643746743492,0.0470643746743492
cvd_48,atr_pct_rank_288,-0.046995529393915186,0.046995529393915186
trade_intensity,cvd_48,-0.04696970045720812,0.04696970045720812
taker_acceleration,eth_btc_ret_spread_12,0.04694351963509803,0.04694351963509803
hour_sin,anchored_vwap_session_dist,0.04689091677111337,0.04689091677111337
vwap_reject_flag,jump_flag,0.046809581941950076,0.046809581941950076
hour_sin,cvp_volume_imbalance,0.04676536581786654,0.04676536581786654
volume_btc,rsi,-0.04672090196168486,0.04672090196168486
parkinson_vol,price_cvd_divergence,-0.04662616461645784,0.04662616461645784
mean_reversion_z,btc_eth_volume_rank_spread,0.04653186586674865,0.04653186586674865
dual_momentum,kalman_velocity,0.04652239419763148,0.04652239419763148
low,cvp_vah_val_width,0.04645494391093529,0.04645494391093529
volume,btc_ret_12,-0.04642961084864097,0.04642961084864097
btc_eth_volume_rank_spread,vwap_dist_288,-0.04642053977332056,0.04642053977332056
net_taker_ratio,failed_breakout_up,0.046398035328876014,0.046398035328876014
high,ofti,-0.046350456887970404,0.046350456887970404
close_btc,bb_width,0.0463219600201235,0.0463219600201235
open,ofti,-0.04627846842894015,0.04627846842894015
close,ofti,-0.04626270882721987,0.04626270882721987
funding_abs,crowding_pressure,0.04626160000843592,0.04626160000843592
low,ofti,-0.04618745802834435,0.04618745802834435
close,cvp_vah_val_width,0.04617871731550294,0.04617871731550294
open,cvp_vah_val_width,0.04616981177970982,0.04616981177970982
volatility_z,cvp_poc_dist,-0.04615705138060253,0.04615705138060253
whale_conviction,distance_to_day_high_low_pct,-0.04614039239293062,0.04614039239293062
realized_vol_ratio,upper_wick_z,-0.046060434000275034,0.046060434000275034
taker_buy_base,range_contraction_breakout_dir,0.04602097132804449,0.04602097132804449
volume_btc,eth_btc_ret_spread_12,-0.046019194179713806,0.046019194179713806
hma_slope,vwap_reject_flag,-0.04600076577070119,0.04600076577070119
taker_acceleration,sig_liquidity_trap,0.045995800731248794,0.045995800731248794
realized_vol_ratio,sig_trend_health,-0.04598836232219581,0.04598836232219581
low,regime_persistence,0.04598498020784029,0.04598498020784029
kel,cvd_12,0.0459412615720936,0.0459412615720936
bb_width_z,breakout_strength,-0.04593906739632184,0.04593906739632184
net_taker_ratio,sweep_prev_high_reclaim,0.04593276864894822,0.04593276864894822
eth_btc_ratio_change,btc_breakout_eth_lag_dir,-0.04592812253508104,0.04592812253508104
trades,turtle_signal,-0.04590942590405702,0.04590942590405702
high,cvp_vah_val_width,0.04589216286042841,0.04589216286042841
eth_btc_ret_spread_12,vwap_reject_flag,-0.045883596755058216,0.045883596755058216
realized_vol_ratio,eth_btc_ret_spread_48,-0.04587421825391577,0.04587421825391577
sig_volume_confirm,regime_persistence,0.04585533281370571,0.04585533281370571
trades,realized_skewness,0.045854770078670865,0.045854770078670865
close,regime_persistence,0.045823103927212123,0.045823103927212123
cvp_regime,turtle_signal,0.04582213256204218,0.04582213256204218
mtf_trend_1h,oi_up_price_down,-0.04577004801164879,0.04577004801164879
btc_volume_impulse_z,sig_trend_health,-0.04575544343197289,0.04575544343197289
quote_volume_btc,vwap_dist_288,-0.045754495277190374,0.045754495277190374
fibonacci_level,svps,0.04572120138903561,0.04572120138903561
volume_btc,regime_persistence,-0.045664821849931515,0.045664821849931515
quote_volume_btc,cvp_volume_imbalance,-0.04560880491160378,0.04560880491160378
trade_intensity,cvp_vah_val_width,0.045495625234803355,0.045495625234803355
close,vwap_dist_96,0.04549328742635969,0.04549328742635969
high,regime_persistence,0.045478892274441435,0.045478892274441435
dual_momentum,eth_btc_ret_spread_12,0.04545550511705546,0.04545550511705546
vwap_dist_24,lower_wick_z,-0.04542012568108657,0.04542012568108657
big_trade_ratio,lower_wick_z,-0.045386688130507356,0.045386688130507356
vwap_reclaim_flag,sig_trend_health,0.045335529009224336,0.045335529009224336
open,regime_persistence,0.04532390839485029,0.04532390839485029
compression_release_down,vwap_dist_288,-0.04531638094183376,0.04531638094183376
high,realized_vol_ratio,0.045284478208322876,0.045284478208322876
fvg_dist,btc_volume_impulse_z,-0.04524982271225671,0.04524982271225671
low,vwap_dist_96,0.04524218792480079,0.04524218792480079
svps,regime_persistence,0.04524006236231374,0.04524006236231374
quote_volume_btc,eth_btc_ret_spread_12,-0.04523414501307459,0.04523414501307459
fibonacci_level,btc_eth_volume_rank_spread,-0.045231590159304245,0.045231590159304245
mean_reversion_z,crowded_long_unwind_risk,-0.04520975298614377,0.04520975298614377
cvd_breakout_z,crowded_short_squeeze_risk,0.045176987621149974,0.045176987621149974
volatility_z,fibonacci_level,-0.04514590980547531,0.04514590980547531
volume,turtle_signal,-0.045094605936864186,0.045094605936864186
hour_sin,cvp_poc_dist,0.04509179538717309,0.04509179538717309
volume_profile_signal,crowded_long_unwind_risk,-0.04507248961509236,0.04507248961509236
volatility_z,eth_btc_ret_spread_48,-0.045006646318582776,0.045006646318582776
cvp_poc_dist,bb_width_pct_rank_288,-0.04497012945198446,0.04497012945198446
sum_open_interest_value,price_cvd_divergence,0.044943084668544006,0.044943084668544006
compression_release_up,regime_persistence,0.044938369746406415,0.044938369746406415
btc_ret_12,vwap_reclaim_flag,0.04488181313400655,0.04488181313400655
kel,distance_to_day_high_low_pct,0.044868831883573296,0.044868831883573296
volatility_z,sweep_prev_low_reclaim,0.044865558462567,0.044865558462567
volatility_z,rsi,-0.0448400892640117,0.0448400892640117
volatility_z,failed_breakout_down,0.04483318073934141,0.04483318073934141
vwap_reject_flag,execution_quality,-0.044808999410435785,0.044808999410435785
whale_conviction,cross_scale_curvature,-0.04480163786920353,0.04480163786920353
taker_buy_quote,ou_halflife,0.04479171829521241,0.04479171829521241
volume_btc,cvd_288,-0.04478041926518018,0.04478041926518018
volatility_z,btc_eth_volume_rank_spread,-0.04475660121790862,0.04475660121790862
funding_roc_288,funding_abs,0.044738382658072805,0.044738382658072805
big_trade_ratio,cvp_volume_imbalance,0.04472065149583844,0.04472065149583844
mtf_trend_1h,btc_volume_impulse_z,-0.04471149105806876,0.04471149105806876
taker_buy_base,mtf_trend_1h,0.04470036376089505,0.04470036376089505
cvd_48,btc_volume_impulse_z,-0.04469455179323888,0.04469455179323888
high,vwap_dist_96,0.044657591893277615,0.044657591893277615
realized_vol_ratio,btc_eth_volume_rank_spread,-0.04460422817934217,0.04460422817934217
dual_momentum,funding_price_divergence,0.04457801779851799,0.04457801779851799
kalman_velocity,vwap_reclaim_flag,0.04455749710453357,0.04455749710453357
close_btc,short_squeeze_risk,-0.044514095459414545,0.044514095459414545
sum_open_interest_value,regime_persistence,0.04451156245803555,0.04451156245803555
whale_conviction,price_cvd_divergence,-0.04443151477476425,0.04443151477476425
crowded_long_unwind_risk,sweep_prev_high_reclaim,0.04439450785987706,0.04439450785987706
btc_ret_12,vwap_reject_flag,-0.04438328773040793,0.04438328773040793
cvd_breakout_z,btc_ret_1,0.04433398419779636,0.04433398419779636
session_us,eth_btc_ret_spread_48,-0.04432600196975149,0.04432600196975149
svps,distance_to_day_high_low_pct,0.04430897972460337,0.04430897972460337
session_europe,realized_skewness,0.04430262698283492,0.04430262698283492
crowded_long_unwind_risk,failed_breakout_up,0.0443002560987147,0.0443002560987147
breakout_strength,btc_eth_volume_rank_spread,-0.0442271041045887,0.0442271041045887
quote_volume,cvd_48,-0.0442250511852771,0.0442250511852771
trade_intensity,upper_wick_z,0.04418994548452795,0.04418994548452795
bb_width_z,sig_trend_health,-0.04417682566864379,0.04417682566864379
taker_buy_quote,btc_lead_eth_follow_gap_3,-0.04417380223246961,0.04417380223246961
quote_volume_btc,oi_up_price_up,0.044129816590176084,0.044129816590176084
hour_cos,garch_vol_z,-0.04410596131086954,0.04410596131086954
count_long_short_ratio,ou_funding_z,-0.04409348152480718,0.04409348152480718
funding_pressure,cvd_48,-0.044075944447442665,0.044075944447442665
count_long_short_ratio,funding_z_score,-0.04405673545154937,0.04405673545154937
btc_corr_60,compression_release_up,-0.043957341720995406,0.043957341720995406
taker_buy_base,cvd_slope_48,0.04394961337082859,0.04394961337082859
open,vwap_dist_96,0.04394305159967021,0.04394305159967021
eth_btc_ret_spread_12,vwap_reclaim_flag,0.043942638471005116,0.043942638471005116
eth_btc_ratio_change,lower_wick_z,-0.04393239595975864,0.04393239595975864
realized_vol_ratio,regime_trending,0.043860400073743935,0.043860400073743935
hma_slope,vwap_reclaim_flag,0.043855413176055784,0.043855413176055784
funding_roc_288,anchored_vwap_session_dist,0.04383564580070477,0.04383564580070477
turtle_signal,crowded_long_unwind_risk,0.04383298225165022,0.04383298225165022
bb_width_pct_rank_288,regime_persistence,-0.04381211565488449,0.04381211565488449
rogers_satchell_vol,vwap_dist_96,-0.04379034938475031,0.04379034938475031
volatility_z,sig_trend_health,-0.04376048058808333,0.04376048058808333
minute_sin,is_hour_open,-0.043752166307467234,0.043752166307467234
rsi,realized_vol_ratio,-0.04375085723928093,0.04375085723928093
session_us,breakout_strength,-0.04372287181099057,0.04372287181099057
quote_volume_btc,rsi,-0.0437052753631949,0.0437052753631949
whale_conviction,range_contraction_breakout_dir,-0.043692431421084726,0.043692431421084726
hour_cos,svps,0.04365930246433029,0.04365930246433029
funding_roc_48,anchored_vwap_session_dist,0.04365436933472466,0.04365436933472466
close,realized_vol_ratio,0.04363411436064175,0.04363411436064175
cvd_breakout_z,compression_release_down,-0.043631724909283416,0.043631724909283416
open,realized_vol_ratio,0.043603382228183614,0.043603382228183614
short_squeeze_risk,hurst_288,0.04356478790019075,0.04356478790019075
vwap_dist_96,lower_wick_z,-0.043540414938293893,0.043540414938293893
fvg_dist,lower_wick_z,-0.04350712829373514,0.04350712829373514
btc_corr_60,compression_release_down,-0.043418775365700844,0.043418775365700844
btc_eth_volume_rank_spread,anchored_vwap_session_dist,-0.043407048758529125,0.043407048758529125
mtf_trend_1h,crowded_long_unwind_risk,-0.04337148116943572,0.04337148116943572
sum_toptrader_long_short_ratio,garman_klass_vol,0.04336224119292128,0.04336224119292128
vwap_dist_24,upper_wick_z,0.04330480963317398,0.04330480963317398
smart_money_flow,regime_persistence,0.043273814183401746,0.043273814183401746
oi_change_rate,regime_persistence,0.043273814183401746,0.043273814183401746
short_squeeze_risk,vwap_dist_96,0.043264450339461184,0.043264450339461184
btc_ret_3,upper_wick_z,0.043222924706259824,0.043222924706259824
eth_btc_ret_spread_48,bb_width_pct_rank_288,-0.04321793363500687,0.04321793363500687
big_trade_ratio,anchored_vwap_session_dist,0.04321146361935238,0.04321146361935238
bb_width_z,eth_btc_ret_spread_48,-0.043188006822754386,0.043188006822754386
lower_wick_z,sig_volume_confirm,-0.043171533373117084,0.043171533373117084
volume_btc,oi_up_price_up,0.043089495128798165,0.043089495128798165
svps,price_cvd_divergence,0.04307391759777033,0.04307391759777033
vwap_reclaim_flag,execution_quality,-0.043001084906953035,0.043001084906953035
whale_conviction,cvd_slope_48,-0.042990800420677364,0.042990800420677364
btc_impulse_x_eth_beta,upper_wick_z,0.04295728069013545,0.04295728069013545
squeeze_power,distance_to_day_high_low_pct,0.04293486621710428,0.04293486621710428
kel,sweep_prev_high_reclaim,0.04289244309024152,0.04289244309024152
quote_volume_btc,funding_pressure,0.042888966001204114,0.042888966001204114
trades,btc_ret_12,-0.04281054630386348,0.04281054630386348
kel,failed_breakout_up,0.04280030422328763,0.04280030422328763
bb_width_pct_rank_288,sig_trend_health,-0.04278202423135355,0.04278202423135355
garman_klass_vol,vwap_dist_96,-0.042660775595883466,0.042660775595883466
hour_sin,ou_funding_z,0.04265973690220664,0.04265973690220664
hour_sin,long_squeeze_risk,0.04264924770051707,0.04264924770051707
btc_breakout_eth_lag_dir,vwap_reclaim_flag,0.04264442612832218,0.04264442612832218
hour_sin,funding_z_score,0.0426261497107106,0.0426261497107106
btc_eth_volume_rank_spread,regime_persistence,-0.0426208160702593,0.0426208160702593
volume,upper_wick_z,-0.042610498710213524,0.042610498710213524
volume_btc,fibonacci_level,-0.04258772066872131,0.04258772066872131
long_squeeze_risk,ofi_acceleration,0.04258118040731324,0.04258118040731324
trades,ou_halflife,0.042580723546151104,0.042580723546151104
eth_btc_ratio_change,cvd_48,0.042562576545425834,0.042562576545425834
breakout_strength,btc_ret_z_48,0.04253743271891081,0.04253743271891081
kel,crowded_long_unwind_risk,0.0425299648735313,0.0425299648735313
bb_width_z,cvp_volume_imbalance,-0.04246352147538426,0.04246352147538426
vwap_dist_96,upper_wick_z,0.042333190831956254,0.042333190831956254
kel,vwap_dist_96,0.042289379815385705,0.042289379815385705
sum_open_interest_value,turtle_signal,0.04227912414113587,0.04227912414113587
hour_sin,distance_to_day_high_low_pct,0.042262352123797184,0.042262352123797184
bb_width,realized_skewness,0.04222665382554527,0.04222665382554527
cvp_poc_dist,btc_eth_volume_rank_spread,-0.042143317219253594,0.042143317219253594
is_hour_open,execution_quality,0.04207791690375733,0.04207791690375733
quote_volume_btc,breakout_strength,-0.042066803966986775,0.042066803966986775
atr_pct_rank_288,vwap_dist_24,-0.04206523066441919,0.04206523066441919
cvd_48,btc_ret_1,0.04205699180067461,0.04205699180067461
taker_buy_base,cvd_12,0.04202478468110186,0.04202478468110186
cvp_cluster_position,long_squeeze_risk,0.04201506292441777,0.04201506292441777
bb_width_z,cvp_poc_dist,-0.04198433571369514,0.04198433571369514
whale_retail_ratio,ou_halflife,0.04194176995728595,0.04194176995728595
funding_roc_288,cvd_48,0.04190531874479165,0.04190531874479165
low,realized_vol_ratio,0.041894265185945946,0.041894265185945946
short_squeeze_risk,sweep_prev_low_reclaim,-0.041893312626700624,0.041893312626700624
short_squeeze_risk,failed_breakout_down,-0.04187302798545228,0.04187302798545228
cvd_288,compression_score,0.041680566025915584,0.041680566025915584
hurst_288,bb_width_pct_rank_288,0.04167124622824663,0.04167124622824663
jump_z,regime_persistence,0.04165607125324739,0.04165607125324739
ofi_acceleration,cvd_12,-0.04164283494246024,0.04164283494246024
fvg_dist,compression_score,0.04163355480181156,0.04163355480181156
ofi_acceleration,failed_breakout_up,0.04162413584579008,0.04162413584579008
kel,cross_scale_curvature,-0.041595725448215014,0.041595725448215014
net_taker_ratio,cvd_288,0.04153237261689492,0.04153237261689492
ofi_acceleration,sweep_prev_high_reclaim,0.04144753204016675,0.04144753204016675
price_cvd_divergence,btc_eth_volume_rank_spread,-0.04140747928064196,0.04140747928064196
realized_skewness,crowded_long_unwind_risk,0.041379241208414234,0.041379241208414234
kel,btc_ret_12,0.041376317256744406,0.041376317256744406
dual_momentum,cvd_12,0.041341601376277945,0.041341601376277945
kalman_velocity,btc_volume_impulse_z,-0.041338788548309725,0.041338788548309725
taker_buy_quote,cvd_slope_48,0.04128589222998201,0.04128589222998201
log_return,regime_persistence,0.04125229333389311,0.04125229333389311
taker_buy_base,realized_skewness,0.04123090905985761,0.04123090905985761
whale_conviction,cvd_breakout_z,-0.041211248291385755,0.041211248291385755
btc_eth_volume_rank_spread,vwap_dist_96,-0.04116731071794444,0.04116731071794444
bb_width,ou_halflife,0.041145245521711976,0.041145245521711976
trades,compression_release_down,-0.04113375572518654,0.04113375572518654
bb_width_z,anchored_vwap_session_dist,-0.04112748951365315,0.04112748951365315
funding_roc_48,distance_to_day_high_low_pct,0.041069994320629404,0.041069994320629404
cvp_vah_val_width,jump_flag,-0.0410317468280475,0.0410317468280475
mtf_trend_4h,rogers_satchell_vol,-0.04099924200894512,0.04099924200894512
cvp_regime,svps,0.04092410002971476,0.04092410002971476
session_europe,evt_excess_z,0.04092026358512928,0.04092026358512928
count_long_short_ratio,rsi,-0.040904813316711315,0.040904813316711315
macd_hist,btc_corr_60,0.040891324649940226,0.040891324649940226
vwap_dist_96,vwap_reject_flag,-0.04087143773101474,0.04087143773101474
session_europe,evt_tail_flag,0.040862719825560403,0.040862719825560403
cvd_breakout_z,btc_volume_impulse_z,-0.04086029563046456,0.04086029563046456
macd_hist,oi_up_price_down,0.04078635341080118,0.04078635341080118
bb_width,cvp_vah_val_width,-0.04078618534165085,0.04078618534165085
turtle_signal,btc_eth_volume_rank_spread,-0.0407574411840571,0.0407574411840571
hma_slope,long_squeeze_risk,0.04072682532964426,0.04072682532964426
count_long_short_ratio,realized_skewness,-0.04069386614495502,0.04069386614495502
cvd_288,garch_vol_z,-0.04067295043131576,0.04067295043131576
whale_retail_ratio,cvd_breakout_z,-0.040654493945173835,0.040654493945173835
volume,minute_sin,0.04064016923017917,0.04064016923017917
bb_width,long_squeeze_risk,0.040620588638316836,0.040620588638316836
ofi_acceleration,distance_to_day_high_low_pct,0.04057634733204725,0.04057634733204725
cvp_vah_val_width,mta_funding,-0.040560469855520885,0.040560469855520885
funding_roc_288,distance_to_day_high_low_pct,0.04048691361368094,0.04048691361368094
parkinson_vol,vwap_dist_96,-0.04045001482010747,0.04045001482010747
quote_volume,upper_wick_z,-0.04039805217771415,0.04039805217771415
funding_price_divergence,btc_volume_impulse_z,-0.040395595249666134,0.040395595249666134
cvp_regime,funding_roc_288,-0.0403756612226865,0.0403756612226865
cvd_12,lower_wick_z,-0.04036802994689432,0.04036802994689432
hour_cos,compression_score,0.04035065074159715,0.04035065074159715
mean_reversion_z,sig_liquidity_trap,0.04032219223806996,0.04032219223806996
funding_oi_divergence,regime_persistence,-0.04029934826071384,0.04029934826071384
regime_trending,compression_release_up,-0.040262012547326274,0.040262012547326274
btc_breakout_eth_lag_dir,vwap_reject_flag,-0.04022732808765166,0.04022732808765166
bb_width_z,distance_to_day_high_low_pct,-0.04015554624160571,0.04015554624160571
sum_open_interest_value,distance_to_day_high_low_pct,0.04015300493005178,0.04015300493005178
btc_volume_impulse_z,oi_up_price_up,0.040143309333137284,0.040143309333137284
mtf_trend_1h,atr_pct_rank_288,-0.04007096592689795,0.04007096592689795
turtle_signal,btc_impulse_x_eth_beta,0.040056201153420845,0.040056201153420845
turtle_signal,btc_ret_3,0.04002782373417723,0.04002782373417723
cvp_regime,ou_funding_z,-0.04001204011052244,0.04001204011052244
hurst_48,btc_eth_volume_rank_spread,-0.04001129530096168,0.04001129530096168
regime_trending,compression_release_down,-0.039982436490658385,0.039982436490658385
cvp_regime,funding_z_score,-0.03997381466507081,0.03997381466507081
session_us,vwap_dist_96,-0.03995138296655383,0.03995138296655383
cvp_cluster_position,atr_pct_rank_288,-0.03994065562839717,0.03994065562839717
fibonacci_level,sig_liquidity_trap,-0.0399343012946393,0.0399343012946393
cvp_regime,funding_pressure,-0.039918260326120975,0.039918260326120975
garman_klass_vol,hour_cos,-0.03986523298089246,0.03986523298089246
rogers_satchell_vol,hour_cos,-0.03985155801960167,0.03985155801960167
minute_cos,liquidity_vacuum,-0.03985043747000049,0.03985043747000049
cvd_48,cross_scale_curvature,-0.03985001726705566,0.03985001726705566
garman_klass_vol,mtf_trend_4h,-0.0398458454757555,0.0398458454757555
rogers_satchell_vol,anchored_vwap_session_dist,-0.03982739553383931,0.03982739553383931
realized_skewness,failed_breakout_down,-0.039812238022506094,0.039812238022506094
oi_up_price_up,upper_wick_z,0.03979383585522182,0.03979383585522182
trades,minute_sin,0.03975967632663906,0.03975967632663906
realized_skewness,sweep_prev_low_reclaim,-0.039750249260612956,0.039750249260612956
breakout_strength,lower_wick_z,-0.03967468783462953,0.03967468783462953
quote_volume_btc,ofti,-0.039638692733693616,0.039638692733693616
sum_open_interest_value,cvp_volume_imbalance,0.03963299801009595,0.03963299801009595
turtle_signal,cvd_slope_12,-0.03962240318733043,0.03962240318733043
big_trade_ratio,breakout_strength,0.03960321985573756,0.03960321985573756
realized_vol_ratio,hour_cos,-0.039581384837761295,0.039581384837761295
cvd_48,compression_release_down,-0.039550493483590986,0.039550493483590986
cvp_regime,evt_excess_z,0.03953485288271496,0.03953485288271496
garman_klass_vol,anchored_vwap_session_dist,-0.039528057403299205,0.039528057403299205
sum_toptrader_long_short_ratio,rogers_satchell_vol,0.03949288760227663,0.03949288760227663
close,cvp_poc_dist,0.03947690623270262,0.03947690623270262
quote_volume_btc,whale_retail_ratio,0.03947490315177593,0.03947490315177593
cvp_poc_dist,funding_roc_12,0.039431840293084615,0.039431840293084615
cvp_regime,funding_abs,0.03936704235504627,0.03936704235504627
breakout_strength,upper_wick_z,0.03927174268256139,0.03927174268256139
funding_z_score,anchored_vwap_session_dist,0.039271028288179355,0.039271028288179355
btc_corr_60,cvp_cluster_position,-0.039263171967759254,0.039263171967759254
funding_price_divergence,funding_pressure,0.03925847336750486,0.03925847336750486
low,cvp_poc_dist,0.03925639296546567,0.03925639296546567
quote_volume_btc,regime_persistence,-0.03924210693737111,0.03924210693737111
anchored_vwap_session_dist,ou_funding_z,0.03924032376588315,0.03924032376588315
close,mtf_trend_4h,0.03923576278557935,0.03923576278557935
trade_intensity,oi_up_price_up,-0.039232572063972654,0.039232572063972654
cvd_slope_48,lower_wick_z,-0.03918436187733474,0.03918436187733474
cvp_regime,evt_tail_flag,0.039168171518308086,0.039168171518308086
btc_corr_60,cvd_288,-0.03915172047981949,0.03915172047981949
btc_ret_12,garch_vol_z,-0.03913863693469262,0.03913863693469262
long_squeeze_risk,anchored_vwap_session_dist,0.0390777550929386,0.0390777550929386
compression_release_down,lower_wick_z,-0.039034647453940585,0.039034647453940585
fibonacci_level,cross_scale_curvature,-0.03900990184168914,0.03900990184168914
cvp_volume_imbalance,kel,0.038988670747555285,0.038988670747555285
smart_money_flow,sig_liquidity_trap,-0.03898545654055498,0.03898545654055498
oi_change_rate,sig_liquidity_trap,-0.03898545654055498,0.03898545654055498
compression_score,sweep_prev_high_reclaim,-0.038954794878773485,0.038954794878773485
compression_score,failed_breakout_up,-0.03894802664078764,0.03894802664078764
last_funding_rate,distance_to_day_high_low_pct,0.03893329720950915,0.03893329720950915
rogers_satchell_vol,eth_btc_ret_spread_48,-0.03890438334010576,0.03890438334010576
btc_ret_12,compression_score,0.03887973979145209,0.03887973979145209
high,cvp_poc_dist,0.03886446962416157,0.03886446962416157
breakout_strength,kel,0.038824131824853565,0.038824131824853565
kel,sweep_prev_low_reclaim,-0.038818254170567126,0.038818254170567126
cvd_12,upper_wick_z,0.03881481801591782,0.03881481801591782
kel,failed_breakout_down,-0.03880963299767923,0.03880963299767923
parkinson_vol,anchored_vwap_session_dist,-0.038795338615405905,0.038795338615405905
kel,sig_trend_health,0.03871915168903679,0.03871915168903679
long_squeeze_risk,cvd_breakout_z,-0.038717060520191034,0.038717060520191034
trades,squeeze_power,0.03871019297227891,0.03871019297227891
low,mtf_trend_4h,0.03868932676370546,0.03868932676370546
funding_price_divergence,atr_pct_rank_288,-0.03867027151867754,0.03867027151867754
volume_btc,anchored_vwap_session_dist,-0.0385999632997525,0.0385999632997525
funding_abs,cvd_48,-0.03855244094818506,0.03855244094818506
funding_z_score,distance_to_day_high_low_pct,0.038509709361556385,0.038509709361556385
trades,dual_momentum,0.03850483074806377,0.03850483074806377
hour_cos,vwap_dist_96,0.038499470692509745,0.038499470692509745
hour_sin,crowding_pressure,0.03848599658506033,0.03848599658506033
distance_to_day_high_low_pct,ou_funding_z,0.038476136528590506,0.038476136528590506
kel,sig_volume_confirm,0.0384693685372971,0.0384693685372971
whale_retail_ratio,cvp_cluster_position,0.03846499802764088,0.03846499802764088
bb_width,cvp_volume_imbalance,-0.03839454948999735,0.03839454948999735
count_long_short_ratio,ou_halflife,0.038387691753115835,0.038387691753115835
bb_width_z,cvd_breakout_z,-0.03836364506425237,0.03836364506425237
sum_open_interest_value,mta_funding,-0.03834485876535337,0.03834485876535337
btc_eth_volume_rank_spread,distance_to_day_high_low_pct,-0.03833928673752888,0.03833928673752888
long_squeeze_risk,kalman_velocity,0.038301938313812935,0.038301938313812935
short_squeeze_risk,sig_trend_health,0.03828680034187767,0.03828680034187767
open,cvp_poc_dist,0.03827817551755392,0.03827817551755392
trades,funding_abs,0.038164874798397176,0.038164874798397176
taker_buy_base,minute_sin,0.038160259412451776,0.038160259412451776
parkinson_vol,oi_up_price_down,0.038140344101635346,0.038140344101635346
high,mtf_trend_4h,0.038082967187170004,0.038082967187170004
cvd_48,garch_vol_z,-0.038054457737608856,0.038054457737608856
macd_hist,vwap_reject_flag,-0.0379364347421656,0.0379364347421656
cvd_48,compression_score,0.037927502817521344,0.037927502817521344
svps,crowding_pressure,0.03792385936811522,0.03792385936811522
net_taker_ratio,fibonacci_level,0.037896420652605595,0.037896420652605595
bb_width,price_cvd_divergence,-0.037839888852976185,0.037839888852976185
macd_hist,cvd_48,0.037812528990702685,0.037812528990702685
quote_volume,minute_sin,0.037782174743928976,0.037782174743928976
whale_conviction,hour_sin,-0.03776685197488233,0.03776685197488233
garman_klass_vol,eth_btc_ret_spread_48,-0.037762800581079246,0.037762800581079246
macd_hist,vwap_reclaim_flag,0.03775349825313279,0.03775349825313279
realized_skewness,failed_breakout_up,0.03773211466136426,0.03773211466136426
volume,dual_momentum,0.0377176755017547,0.0377176755017547
realized_skewness,sweep_prev_high_reclaim,0.03769073012854342,0.03769073012854342
btc_lead_eth_follow_gap_3,lower_wick_z,0.03767897037184289,0.03767897037184289
lower_wick_z,crowding_pressure,-0.03766567355763555,0.03766567355763555
volume_btc,ofti,-0.03765490030901283,0.03765490030901283
fvg_dist,garch_vol_z,-0.037608221005449166,0.037608221005449166
mtf_trend_4h,parkinson_vol,-0.0375708789425662,0.0375708789425662
hurst_288,regime_trending,0.03750393023110544,0.03750393023110544
hour_sin,eth_btc_ret_spread_48,0.037478765123800786,0.037478765123800786
volume,btc_ret_6,-0.037440104588868206,0.037440104588868206
big_trade_ratio,distance_to_day_high_low_pct,0.03734093539312569,0.03734093539312569
cvp_cluster_position,kel,0.03731625432639638,0.03731625432639638
sum_open_interest_value,cvd_12,-0.03728792139053653,0.03728792139053653
btc_ret_z_48,crowding_pressure,0.03722455795865133,0.03722455795865133
short_squeeze_risk,eth_btc_ret_spread_48,0.03721497378648555,0.03721497378648555
turtle_signal,btc_ret_z_48,-0.037178446907051306,0.037178446907051306
cvp_regime,long_squeeze_risk,-0.037047885036952694,0.037047885036952694
open,mtf_trend_4h,0.037024845665617825,0.037024845665617825
svps,eth_btc_ret_spread_48,0.03699846632498323,0.03699846632498323
cvd_slope_48,upper_wick_z,0.03695095874794657,0.03695095874794657
hour_sin,btc_eth_volume_rank_spread,-0.03694872520974963,0.03694872520974963
btc_eth_volume_rank_spread,upper_wick_z,0.036904507971447564,0.036904507971447564
upper_wick_z,crowding_pressure,0.036892209478562206,0.036892209478562206
quote_volume,count_long_short_ratio,-0.03682250839275724,0.03682250839275724
btc_ret_6,lower_wick_z,-0.03677106195229972,0.03677106195229972
volume,compression_release_down,-0.036762975223614346,0.036762975223614346
bb_width,fibonacci_level,-0.0367589380339634,0.0367589380339634
hour_sin,mean_reversion_z,-0.03675586562194301,0.03675586562194301
ofti,liquidity_vacuum,0.0367400278771484,0.0367400278771484
close_btc,funding_abs,0.03673772791094955,0.03673772791094955
bb_width_z,cvd_48,-0.036722323411279525,0.036722323411279525
garman_klass_vol,oi_up_price_down,0.036714631611524,0.036714631611524
ofi_acceleration,oi_up_price_down,-0.03669811775880673,0.03669811775880673
turtle_signal,svps,-0.03666083295198388,0.03666083295198388
turtle_signal,evt_excess_z,-0.03662575422407561,0.03662575422407561
count_long_short_ratio,macd_hist,0.03662187670822936,0.03662187670822936
taker_buy_base,dual_momentum,0.0366214480051552,0.0366214480051552
cvd_48,ou_halflife,-0.03660968061559486,0.03660968061559486
turtle_signal,evt_tail_flag,-0.03660771917044377,0.03660771917044377
volume_btc,sig_trend_health,-0.0366006488371177,0.0366006488371177
realized_vol_ratio,session_europe,0.036553551163763284,0.036553551163763284
cvp_volume_imbalance,upper_wick_z,0.03653343398177519,0.03653343398177519
cvd_288,range_contraction_breakout_dir,0.036502736038375,0.036502736038375
hour_sin,vwap_dist_288,0.036461932929805645,0.036461932929805645
quote_volume,ofti,-0.03643677588388955,0.03643677588388955
taker_buy_quote,ofti,-0.036432054609182925,0.036432054609182925
vwap_reject_flag,distance_to_day_high_low_pct,-0.03643180554708776,0.03643180554708776
quote_volume,btc_ret_12,-0.03630184000850118,0.03630184000850118
quote_volume_btc,anchored_vwap_session_dist,-0.036268088505256736,0.036268088505256736
volume_btc,fvg_dist,-0.03626116836912245,0.03626116836912245
cvd_288,crowded_short_squeeze_risk,-0.0361559719785037,0.0361559719785037
cvd_breakout_z,eth_btc_beta_residual_z,0.03615325759762682,0.03615325759762682
realized_vol_ratio,sweep_prev_low_reclaim,0.03613356093191644,0.03613356093191644
session_us,regime_persistence,-0.03610770035562803,0.03610770035562803
quote_volume_btc,fibonacci_level,-0.03607350590021927,0.03607350590021927
turtle_signal,btc_lead_eth_follow_gap_3,-0.03604896702693218,0.03604896702693218
fvg_dist,upper_wick_z,0.03599863683531126,0.03599863683531126
rsi,bb_width_z,-0.035994141900867735,0.035994141900867735
long_squeeze_risk,btc_ret_6,0.0359833310739557,0.0359833310739557
volume_btc,cvd_48,-0.035972187737140185,0.035972187737140185
eth_btc_ratio_change,upper_wick_z,0.03596747791746052,0.03596747791746052
eth_btc_ret_spread_12,atr_pct_rank_288,-0.03595335903187118,0.03595335903187118
kalman_velocity,upper_wick_z,0.03591127325646639,0.03591127325646639
realized_vol_ratio,failed_breakout_down,0.035870949813198306,0.035870949813198306
funding_price_divergence,lower_wick_z,-0.03584710045262285,0.03584710045262285
net_taker_ratio,cvp_poc_dist,0.03584231335946759,0.03584231335946759
crowded_short_squeeze_risk,lower_wick_z,-0.035837583637883225,0.035837583637883225
hour_sin,volume_profile_signal,-0.03583416665380125,0.03583416665380125
cvp_volume_imbalance,lower_wick_z,-0.0358273721820393,0.0358273721820393
taker_buy_quote,minute_sin,0.03571936037094415,0.03571936037094415
macd_hist,realized_skewness,-0.03570939634463387,0.03570939634463387
amihud_illiquidity_z,crowded_long_unwind_risk,0.03566397153984925,0.03566397153984925
volume_btc,distance_to_day_high_low_pct,-0.03564694947285251,0.03564694947285251
session_us,cvp_vah_val_width,-0.03558969828334009,0.03558969828334009
funding_price_divergence,upper_wick_z,0.03558774574161032,0.03558774574161032
funding_roc_288,funding_flip_signal,0.03558404178434529,0.03558404178434529
rogers_satchell_vol,oi_up_price_down,0.03554650954042882,0.03554650954042882
realized_skewness,funding_abs,-0.035543110616561735,0.035543110616561735
close_btc,fibonacci_level,0.03553851307860291,0.03553851307860291
parkinson_vol,eth_btc_ret_spread_48,-0.035524299873350304,0.035524299873350304
last_funding_rate,hour_sin,0.03552323138193078,0.03552323138193078
rogers_satchell_vol,sig_trend_health,-0.03552076115962071,0.03552076115962071
taker_acceleration,regime_persistence,-0.03548605324942488,0.03548605324942488
whale_conviction,btc_ret_3,-0.03545407392000087,0.03545407392000087
whale_conviction,btc_impulse_x_eth_beta,-0.03538600561437181,0.03538600561437181
bb_width,breakout_strength,-0.03535070104137482,0.03535070104137482
hour_sin,vwap_dist_96,0.035312290706544645,0.035312290706544645
rogers_satchell_vol,sweep_prev_low_reclaim,0.035299367394928956,0.035299367394928956
cvp_poc_dist,upper_wick_z,0.035293588500893334,0.035293588500893334
whale_conviction,cvp_volume_imbalance,-0.03528840769239605,0.03528840769239605
rogers_satchell_vol,failed_breakout_down,0.035264611594147524,0.035264611594147524
big_trade_ratio,regime_persistence,0.03525493407711672,0.03525493407711672
btc_ret_6,upper_wick_z,0.03524317434991687,0.03524317434991687
turtle_signal,sig_volume_confirm,0.035176957797919066,0.035176957797919066
squeeze_power,funding_flip_signal,0.035165743519909594,0.035165743519909594
taker_buy_quote,turtle_signal,-0.03515842548126045,0.03515842548126045
quote_volume_btc,sig_trend_health,-0.03512901380683715,0.03512901380683715
kalman_velocity,lower_wick_z,-0.035121241081614386,0.035121241081614386
quote_volume_btc,fvg_dist,-0.03507944592430729,0.03507944592430729
price_cvd_divergence,lower_wick_z,-0.035070136079141175,0.035070136079141175
net_taker_ratio,volume_profile_signal,-0.035064868895417885,0.035064868895417885
volatility_z,fvg_dist,-0.03502947833384288,0.03502947833384288
fibonacci_level,cvd_slope_48,0.03499894020024635,0.03499894020024635
garman_klass_vol,sig_trend_health,-0.03498151097740094,0.03498151097740094
svps,cvd_48,0.03497953049200617,0.03497953049200617
cvp_poc_dist,lower_wick_z,-0.034915731154993634,0.034915731154993634
oi_up_price_down,garch_vol_z,0.0349084155683417,0.0349084155683417
cvp_poc_dist,cvp_vah_val_width,-0.034893548457047195,0.034893548457047195
anchored_vwap_session_dist,upper_wick_z,0.034884542508551886,0.034884542508551886
taker_buy_quote,count_long_short_ratio,-0.03488092592471142,0.03488092592471142
session_us,turtle_signal,-0.034873104215887483,0.034873104215887483
whale_conviction,cvp_cluster_position,-0.034867520069300904,0.034867520069300904
compression_release_up,failed_breakout_down,-0.03486246095189352,0.03486246095189352
hurst_48,evt_excess_z,0.034849229261501184,0.034849229261501184
hma_slope,dual_momentum,0.03484443760332427,0.03484443760332427
squeeze_power,anchored_vwap_session_dist,0.034825426319565554,0.034825426319565554
price_cvd_divergence,upper_wick_z,0.034802967591220035,0.034802967591220035
volume,rsi,-0.03477761351440109,0.03477761351440109
wick_ratio,btc_volume_impulse_z,-0.03476468961458769,0.03476468961458769
garman_klass_vol,sweep_prev_low_reclaim,0.03472142067474173,0.03472142067474173
hurst_48,evt_tail_flag,0.03469290406509686,0.03469290406509686
compression_release_up,sweep_prev_low_reclaim,-0.03468375374406178,0.03468375374406178
garman_klass_vol,execution_quality,-0.03465655007963052,0.03465655007963052
short_squeeze_risk,crowded_long_unwind_risk,0.03462729790871387,0.03462729790871387
garman_klass_vol,failed_breakout_down,0.03462390756517713,0.03462390756517713
bb_width,oi_up_price_up,0.034581197626269294,0.034581197626269294
oi_up_price_down,failed_breakout_down,-0.0345464914627325,0.0345464914627325
trades,btc_ret_6,-0.03454368114795743,0.03454368114795743
cvd_breakout_z,atr_pct_rank_288,-0.034536980830624585,0.034536980830624585
fvg_dist,long_squeeze_risk,0.034487840962081816,0.034487840962081816
cvd_12,vwap_reject_flag,-0.03448621686412252,0.03448621686412252
chop_index,oi_up_price_up,-0.03445796022826591,0.03445796022826591
session_us,cvp_volume_imbalance,-0.03444454199598547,0.03444454199598547
quote_volume,realized_skewness,0.034439832397244026,0.034439832397244026
whale_conviction,breakout_strength,-0.034424771462907504,0.034424771462907504
btc_ret_z_48,anchored_vwap_session_dist,0.03440740825805593,0.03440740825805593
hurst_288,vwap_reclaim_flag,-0.03440423738334128,0.03440423738334128
parkinson_vol,hour_cos,-0.03438973357320347,0.03438973357320347
volume_profile_signal,sig_liquidity_trap,0.03438959800536513,0.03438959800536513
crowded_short_squeeze_risk,liquidity_vacuum,-0.03436318515198534,0.03436318515198534
oi_up_price_down,sweep_prev_low_reclaim,-0.03434828584584054,0.03434828584584054
hurst_288,vwap_reject_flag,-0.03433884928681841,0.03433884928681841
oi_up_price_down,upper_wick_z,-0.034331531911632664,0.034331531911632664
anchored_vwap_session_dist,lower_wick_z,-0.03429413579340559,0.03429413579340559
log_return,sig_volume_confirm,-0.03426151463961514,0.03426151463961514
btc_ret_1,eth_btc_ret_spread_48,0.03424278556915748,0.03424278556915748
kel,anchored_vwap_session_dist,0.034231188390813426,0.034231188390813426
big_trade_ratio,oi_up_price_down,-0.034230551970506666,0.034230551970506666
mtf_trend_4h,btc_eth_volume_rank_spread,-0.03422756479743737,0.03422756479743737
trades,funding_pressure,-0.03417210010983943,0.03417210010983943
sum_open_interest_value,count_long_short_ratio,-0.034161298835058494,0.034161298835058494
turtle_signal,execution_quality,0.034146902456456185,0.034146902456456185
rsi,bb_width_pct_rank_288,-0.034122694826196655,0.034122694826196655
oi_up_price_up,sig_volume_confirm,-0.03409388279940326,0.03409388279940326
taker_buy_base,price_cvd_divergence,-0.03408439158816772,0.03408439158816772
rsi,long_squeeze_risk,0.034083574022311616,0.034083574022311616
amihud_illiquidity_z,oi_up_price_up,-0.03407992593803684,0.03407992593803684
rogers_satchell_vol,distance_to_day_high_low_pct,-0.03407808422357301,0.03407808422357301
kalman_velocity,atr_pct_rank_288,-0.034055100316422206,0.034055100316422206
hour_sin,cvd_breakout_z,-0.034035492062870716,0.034035492062870716
hour_sin,realized_skewness,0.033969147215765993,0.033969147215765993
btc_corr_60,cvd_slope_48,0.03396302296382197,0.03396302296382197
last_funding_rate,funding_flip_signal,0.03395390346474935,0.03395390346474935
btc_ret_12,btc_volume_impulse_z,-0.033938762775409824,0.033938762775409824
parkinson_vol,sweep_prev_low_reclaim,0.03390282332220644,0.03390282332220644
dual_momentum,btc_ret_12,0.03376624007178939,0.03376624007178939
parkinson_vol,failed_breakout_down,0.03376161013090918,0.03376161013090918
cvp_poc_dist,kel,0.03373523125032065,0.03373523125032065
big_trade_ratio,cvp_regime,0.033716813987371023,0.033716813987371023
hurst_288,execution_quality,-0.033707163741143756,0.033707163741143756
close_btc,breakout_strength,0.03368664460515296,0.03368664460515296
garman_klass_vol,distance_to_day_high_low_pct,-0.03367860019779194,0.03367860019779194
close_btc,price_cvd_divergence,0.033657041551547716,0.033657041551547716
parkinson_vol,sig_trend_health,-0.0336556868144706,0.0336556868144706
hurst_48,jump_flag,0.03365074835468541,0.03365074835468541
funding_oi_divergence,sig_volume_confirm,0.03358599473614221,0.03358599473614221
funding_roc_48,cvd_288,0.033575109439207725,0.033575109439207725
count_long_short_ratio,hurst_288,0.03355409218376455,0.03355409218376455
hour_sin,cvd_48,-0.03353648001957164,0.03353648001957164
btc_eth_volume_rank_spread,crowding_pressure,-0.03344149594318822,0.03344149594318822
hurst_288,evt_excess_z,0.03342543055371761,0.03342543055371761
big_trade_ratio,crowded_short_squeeze_risk,0.03336267945392995,0.03336267945392995
whale_retail_ratio,crowded_short_squeeze_risk,-0.03334128225263343,0.03334128225263343
hurst_288,evt_tail_flag,0.033339218290890815,0.033339218290890815
turtle_signal,compression_release_up,0.03333347833459697,0.03333347833459697
close_btc,cvd_12,-0.03324828668764548,0.03324828668764548
cvd_288,bb_width_pct_rank_288,-0.03321441055558049,0.03321441055558049
kel,price_cvd_divergence,0.033202411325487596,0.033202411325487596
mtf_trend_4h,long_squeeze_risk,0.03319737663972996,0.03319737663972996
hurst_288,jump_flag,0.03319560679198961,0.03319560679198961
cvd_288,btc_impulse_x_eth_beta,0.03317939481805634,0.03317939481805634
session_us,price_cvd_divergence,-0.03316619994309369,0.03316619994309369
cvd_288,btc_ret_3,0.03315094495299051,0.03315094495299051
eth_btc_ret_spread_12,upper_wick_z,0.0330727020585156,0.0330727020585156
volume,mtf_trend_4h,-0.033071792614663184,0.033071792614663184
count_long_short_ratio,cvd_breakout_z,0.03303036185156333,0.03303036185156333
vwap_dist_288,sig_liquidity_trap,-0.03299745040961817,0.03299745040961817
bb_width,sig_trend_health,-0.03297859537788615,0.03297859537788615
long_squeeze_risk,cvd_slope_12,0.03297573471891519,0.03297573471891519
eth_btc_ret_spread_12,lower_wick_z,-0.032975429646861655,0.032975429646861655
funding_pressure,cvd_288,0.03295957686807747,0.03295957686807747
close_btc,regime_persistence,0.03295630530922927,0.03295630530922927
parkinson_vol,long_squeeze_risk,0.03291871580714304,0.03291871580714304
dual_momentum,mta_funding,-0.03289893295572869,0.03289893295572869
cvd_breakout_z,lower_wick_z,-0.03289651385344528,0.03289651385344528
long_squeeze_risk,vwap_dist_24,0.032893472871797655,0.032893472871797655
cvd_slope_48,vwap_reclaim_flag,0.032877965715366636,0.032877965715366636
realized_skewness,crowded_short_squeeze_risk,-0.03286114980578623,0.03286114980578623
bb_width,vwap_reject_flag,-0.03282163826259384,0.03282163826259384
rsi,btc_corr_60,-0.032819688815937255,0.032819688815937255
volatility_z,btc_ret_12,-0.032813109828290714,0.032813109828290714
sum_open_interest_value,hurst_288,0.03275580475229955,0.03275580475229955
funding_roc_288,cvd_breakout_z,-0.032749791394632716,0.032749791394632716
bb_width_z,cvp_regime,0.03273866020632904,0.03273866020632904
amihud_illiquidity_z,cvp_regime,-0.03271397108358958,0.03271397108358958
taker_acceleration,cvp_volume_imbalance,0.0327035551554068,0.0327035551554068
realized_vol_ratio,btc_ret_12,-0.0326935071251512,0.0326935071251512
low,jump_flag,-0.0326759097686555,0.0326759097686555
cvp_vah_val_width,funding_roc_288,0.03265031861472812,0.03265031861472812
macd_hist,mean_reversion_z,-0.032644937070721095,0.032644937070721095
btc_lead_eth_follow_gap_3,btc_volume_impulse_z,0.03255361730839689,0.03255361730839689
svps,funding_abs,-0.03253807945332334,0.03253807945332334
volume_btc,funding_price_divergence,-0.03252199804292152,0.03252199804292152
parkinson_vol,distance_to_day_high_low_pct,-0.03249454849531698,0.03249454849531698
volume,price_cvd_divergence,-0.03247330506220161,0.03247330506220161
turtle_signal,crowded_short_squeeze_risk,-0.032277710223699366,0.032277710223699366
cvd_slope_48,vwap_reject_flag,-0.03226078270134425,0.03226078270134425
hour_sin,fibonacci_level,0.03224301982790319,0.03224301982790319
volume_profile_signal,cross_scale_curvature,0.032233235511418504,0.032233235511418504
vwap_dist_288,evt_tail_flag,-0.03221284522715859,0.03221284522715859
vwap_dist_288,evt_excess_z,-0.03220849332594218,0.03220849332594218
volume_profile_signal,evt_tail_flag,0.032086440737105766,0.032086440737105766
realized_skewness,sig_volume_confirm,0.03208500924024926,0.03208500924024926
volume_profile_signal,evt_excess_z,0.032079313104745294,0.032079313104745294
fibonacci_level,eth_btc_beta_residual_z,0.03204728651759265,0.03204728651759265
bb_width,vwap_dist_96,-0.03197116103998166,0.03197116103998166
minute_sin,session_us,-0.03196898141201622,0.03196898141201622
bb_width,eth_btc_ret_spread_48,-0.031956013066503204,0.031956013066503204
close_btc,mean_reversion_z,-0.03195143044001275,0.03195143044001275
volume_btc,mtf_trend_1h,-0.031941328234230196,0.031941328234230196
funding_roc_48,funding_abs,0.03188979704029895,0.03188979704029895
cvp_vah_val_width,evt_excess_z,-0.031873088802626424,0.031873088802626424
big_trade_ratio,cvp_poc_dist,0.031801386667264196,0.031801386667264196
quote_volume,compression_release_down,-0.031770621030218264,0.031770621030218264
hma_slope,btc_volume_impulse_z,-0.031748369733504485,0.031748369733504485
crowded_short_squeeze_risk,failed_breakout_up,0.031739344780130754,0.031739344780130754
sig_liquidity_trap,crowding_pressure,-0.03169182850338307,0.03169182850338307
btc_ret_12,lower_wick_z,-0.0316810898514696,0.0316810898514696
whale_retail_ratio,rsi,0.031680184583390544,0.031680184583390544
crowded_short_squeeze_risk,sweep_prev_high_reclaim,0.031673321818018706,0.031673321818018706
sweep_prev_high_reclaim,garch_vol_z,0.03166685315701679,0.03166685315701679
svps,compression_release_down,-0.03165959730445682,0.03165959730445682
failed_breakout_up,garch_vol_z,0.03164587695046232,0.03164587695046232
cvp_vah_val_width,evt_tail_flag,-0.031592099674644464,0.031592099674644464
minute_sin,minute_cos,0.031587517365397305,0.031587517365397305
hour_sin,cvp_vah_val_width,0.03158150291438268,0.03158150291438268
session_europe,garch_vol_z,0.0315502941928014,0.0315502941928014
trades,upper_wick_z,-0.03152325603345581,0.03152325603345581
whale_conviction,anchored_vwap_session_dist,-0.0314356668229519,0.0314356668229519
realized_vol_ratio,cvd_48,-0.03142226803462047,0.03142226803462047
realized_vol_ratio,oi_up_price_down,0.03138150619908758,0.03138150619908758
whale_conviction,oi_up_price_down,-0.03137695842049009,0.03137695842049009
high,hurst_48,0.031361584043304004,0.031361584043304004
close,rsi,0.0313282717807061,0.0313282717807061
volatility_z,long_squeeze_risk,0.03132571053967617,0.03132571053967617
session_us,execution_quality,0.03127203776290936,0.03127203776290936
crowded_short_squeeze_risk,sig_liquidity_trap,0.03125072043715669,0.03125072043715669
realized_vol_ratio,cvp_cluster_position,-0.031208234263551224,0.031208234263551224
fibonacci_level,hurst_48,0.031134848898971286,0.031134848898971286
btc_eth_volume_rank_spread,oi_up_price_up,-0.031133805494319433,0.031133805494319433
quote_volume_btc,funding_price_divergence,-0.031132591083055723,0.031132591083055723
turtle_signal,cvd_slope_48,-0.031117603223874524,0.031117603223874524
eth_btc_ret_spread_48,lower_wick_z,-0.031113244933267496,0.031113244933267496
cvp_cluster_position,compression_score,0.031074755621897168,0.031074755621897168
volume_btc,btc_lead_eth_follow_gap_3,0.031051340843302633,0.031051340843302633
hurst_48,svps,0.031050024778389515,0.031050024778389515
hma_slope,lower_wick_z,-0.03104762315998858,0.03104762315998858
funding_abs,cvd_288,-0.031045981737548137,0.031045981737548137
open,hurst_48,0.031044025049888353,0.031044025049888353
quote_volume_btc,cvd_12,-0.031037834147866,0.031037834147866
close,hurst_48,0.031018464212361995,0.031018464212361995
btc_ret_z_48,vwap_dist_96,0.03100529230780469,0.03100529230780469
bb_width_z,vwap_dist_288,-0.031004761798815776,0.031004761798815776
oi_up_price_up,regime_persistence,0.030978901367724652,0.030978901367724652
hma_slope,upper_wick_z,0.030973042914462953,0.030973042914462953
whale_conviction,sweep_prev_low_reclaim,0.030916236001358392,0.030916236001358392
quote_volume_btc,wick_ratio,-0.0308681185997455,0.0308681185997455
volume_btc,cvp_poc_dist,-0.03084751101161377,0.03084751101161377
whale_retail_ratio,bb_width,-0.030845065478365425,0.030845065478365425
whale_conviction,failed_breakout_down,0.03084098111415629,0.03084098111415629
trade_intensity,lower_wick_z,0.030824424416771974,0.030824424416771974
sum_open_interest_value,anchored_vwap_session_dist,0.03081275648577731,0.03081275648577731
btc_corr_60,cvd_12,0.030805217872586933,0.030805217872586933
bb_width,anchored_vwap_session_dist,-0.030804637140530486,0.030804637140530486
mta_funding,crowded_long_unwind_risk,0.030798109503219626,0.030798109503219626
funding_roc_12,anchored_vwap_session_dist,0.03078337986139929,0.03078337986139929
net_taker_ratio,short_squeeze_risk,0.030770098597663362,0.030770098597663362
hour_cos,eth_btc_ret_spread_48,0.030765001217200827,0.030765001217200827
bb_width_pct_rank_288,vwap_reject_flag,-0.030731404128499864,0.030731404128499864
big_trade_ratio,hour_sin,-0.03072414368904194,0.03072414368904194
hour_sin,price_cvd_divergence,0.030723705750390906,0.030723705750390906
close_btc,volume_profile_signal,-0.030713459562254283,0.030713459562254283
btc_ret_12,upper_wick_z,0.030688310540852158,0.030688310540852158
low,hurst_48,0.030673235083998374,0.030673235083998374
big_trade_ratio,cvd_288,0.030667260987213743,0.030667260987213743
kel,eth_btc_ret_spread_48,0.03066614977618076,0.03066614977618076
realized_vol_ratio,cvd_288,-0.030653257150111784,0.030653257150111784
mean_reversion_z,cross_scale_curvature,0.030652965832972494,0.030652965832972494
volume_btc,kalman_velocity,-0.03063870240645619,0.03063870240645619
quote_volume_btc,distance_to_day_high_low_pct,-0.03059781718039997,0.03059781718039997
btc_ret_1,regime_persistence,0.030583904131797505,0.030583904131797505
cvd_288,failed_breakout_down,-0.030556433498393137,0.030556433498393137
btc_corr_60,session_europe,0.030554645135675653,0.030554645135675653
open,jump_flag,-0.030549461371424926,0.030549461371424926
cvd_288,sweep_prev_low_reclaim,-0.030537029930726208,0.030537029930726208
rogers_satchell_vol,funding_pressure,-0.030534554127123383,0.030534554127123383
net_taker_ratio,mean_reversion_z,-0.030507704730672925,0.030507704730672925
whale_conviction,eth_btc_ret_spread_48,-0.030493772163992534,0.030493772163992534
bb_width_z,regime_persistence,-0.030483158415323945,0.030483158415323945
eth_btc_ret_spread_48,upper_wick_z,0.03047026175708167,0.03047026175708167
taker_buy_base,vwap_reject_flag,-0.03047007873414486,0.03047007873414486
volume_btc,vwap_dist_24,-0.030454424265204068,0.030454424265204068
funding_abs,anchored_vwap_session_dist,-0.030406831318141828,0.030406831318141828
close,jump_flag,-0.030398835888971746,0.030398835888971746
low,rsi,0.030391927837556232,0.030391927837556232
volume,btc_impulse_x_eth_beta,-0.03038621371901554,0.03038621371901554
short_squeeze_risk,price_cvd_divergence,0.030377281141974317,0.030377281141974317
sum_open_interest_value,cvp_poc_dist,0.03037387604641916,0.03037387604641916
hour_sin,cvd_12,-0.030369267049065302,0.030369267049065302
cvd_48,cvd_slope_12,-0.030360116456630972,0.030360116456630972
high,wick_ratio,-0.030357631376673275,0.030357631376673275
quote_volume,btc_ret_6,-0.030354272450817305,0.030354272450817305
session_us,anchored_vwap_session_dist,-0.030350173092543387,0.030350173092543387
vwap_dist_96,evt_tail_flag,-0.03030930315725008,0.03030930315725008
hour_cos,cvp_regime,0.030304430004534835,0.030304430004534835
volume,vwap_dist_96,-0.03030053163518043,0.03030053163518043
volume,btc_ret_3,-0.03028851305234711,0.03028851305234711
btc_impulse_x_eth_beta,liquidity_vacuum,0.030226876815457538,0.030226876815457538
minute_sin,btc_volume_impulse_z,0.030226098003270564,0.030226098003270564
vwap_dist_96,evt_excess_z,-0.030219624030871382,0.030219624030871382
last_funding_rate,anchored_vwap_session_dist,0.03020968974131655,0.03020968974131655
btc_lead_eth_follow_gap_3,upper_wick_z,-0.03018639554507045,0.03018639554507045
fvg_dist,vwap_reject_flag,-0.03018276812106588,0.03018276812106588
taker_buy_quote,cvp_cluster_position,0.030179436443467534,0.030179436443467534
rsi,svps,0.030164317234148023,0.030164317234148023
btc_eth_volume_rank_spread,lower_wick_z,0.030155404573449077,0.030155404573449077
whale_conviction,cvd_48,-0.030150235561808316,0.030150235561808316
quote_volume_btc,btc_lead_eth_follow_gap_3,0.030127838417664653,0.030127838417664653
last_funding_rate,volume_btc,0.030109805912818467,0.030109805912818467
sum_open_interest_value,vwap_dist_96,0.03009169217526426,0.03009169217526426
sum_toptrader_long_short_ratio,ofti,-0.030090285981345485,0.030090285981345485
volume_profile_signal,cvd_slope_48,-0.030065103559218133,0.030065103559218133
short_squeeze_risk,regime_persistence,-0.030054797861380666,0.030054797861380666
turtle_signal,btc_breakout_eth_lag_dir,0.030016739024206044,0.030016739024206044
rsi,rogers_satchell_vol,-0.02997619547188409,0.02997619547188409
trade_intensity,oi_up_price_down,0.02997413757092201,0.02997413757092201
trades,rsi,-0.029949207466781657,0.029949207466781657
btc_breakout_eth_lag_dir,sig_volume_confirm,-0.02994301948780995,0.02994301948780995
high,rsi,0.029903269736479023,0.029903269736479023
kel,cvd_breakout_z,0.02989782273815051,0.02989782273815051
quote_volume,cvd_12,-0.02986690908603953,0.02986690908603953
short_squeeze_risk,garch_vol_z,0.02985228374197773,0.02985228374197773
hour_sin,hurst_48,0.029844249181513013,0.029844249181513013
btc_ret_3,liquidity_vacuum,0.02983470411730828,0.02983470411730828
taker_buy_base,vwap_reclaim_flag,0.02982633334833321,0.02982633334833321
bb_width,mtf_trend_4h,-0.029805176890104344,0.029805176890104344
cvp_poc_dist,short_squeeze_risk,0.029798872915383773,0.029798872915383773
trades,mtf_trend_4h,-0.029747296284251667,0.029747296284251667
anchored_vwap_session_dist,vwap_reject_flag,-0.02971883255700969,0.02971883255700969
volume_profile_signal,lower_wick_z,0.02971857553158552,0.02971857553158552
hurst_48,vwap_dist_288,0.029708719135224836,0.029708719135224836
funding_roc_12,vwap_dist_96,0.029706626572777416,0.029706626572777416
eth_btc_beta_residual_z,crowding_pressure,0.029706187024316728,0.029706187024316728
parkinson_vol,oi_up_price_up,0.029699617825366117,0.029699617825366117
quote_volume_btc,mtf_trend_1h,-0.029695628738839498,0.029695628738839498
whale_conviction,kel,-0.029675033690030408,0.029675033690030408
session_europe,jump_flag,0.029609718614331145,0.029609718614331145
cvp_vah_val_width,short_squeeze_risk,-0.029586103356087627,0.029586103356087627
close,wick_ratio,-0.029583298134771938,0.029583298134771938
open,wick_ratio,-0.029541675224054226,0.029541675224054226
taker_acceleration,breakout_strength,0.029530143473896313,0.029530143473896313
price_cvd_divergence,evt_tail_flag,-0.029503312021735655,0.029503312021735655
quote_volume,turtle_signal,-0.029501634160933324,0.029501634160933324
garman_klass_vol,long_squeeze_risk,0.029480430040397035,0.029480430040397035
close_btc,hurst_288,0.02945866717977322,0.02945866717977322
distance_to_day_high_low_pct,lower_wick_z,-0.029452641143255007,0.029452641143255007
price_cvd_divergence,evt_excess_z,-0.029452077514428028,0.029452077514428028
mtf_trend_4h,session_us,-0.029441861619608923,0.029441861619608923
taker_buy_quote,realized_skewness,0.02942892984543325,0.02942892984543325
cvd_48,bb_width_pct_rank_288,-0.029421881525739702,0.029421881525739702
taker_buy_quote,vwap_reject_flag,-0.029417326434544977,0.029417326434544977
count_long_short_ratio,sig_trend_health,-0.029393173879186475,0.029393173879186475
volume_profile_signal,upper_wick_z,-0.029392654392556773,0.029392654392556773
failed_breakout_up,failed_breakout_down,-0.029384589106215192,0.029384589106215192
sweep_prev_low_reclaim,failed_breakout_up,-0.029382339393935225,0.029382339393935225
sweep_prev_high_reclaim,failed_breakout_down,-0.029380119703375982,0.029380119703375982
sweep_prev_high_reclaim,sweep_prev_low_reclaim,-0.029377709828594605,0.029377709828594605
hour_cos,funding_roc_48,0.02937518942646945,0.02937518942646945
big_trade_ratio,price_cvd_divergence,0.029345947932134447,0.029345947932134447
bb_width,oi_up_price_down,0.029343099944939045,0.029343099944939045
count_long_short_ratio,fvg_dist,-0.02930909978827437,0.02930909978827437
upper_wick_z,regime_persistence,0.0292950128340806,0.0292950128340806
bb_width_z,mean_reversion_z,0.029263374873320223,0.029263374873320223
close_btc,parkinson_vol,0.029250048931264247,0.029250048931264247
jump_z,sig_volume_confirm,-0.02924593691018588,0.02924593691018588
cvd_288,btc_lead_eth_follow_gap_3,-0.029231463517064824,0.029231463517064824
minute_sin,session_europe,0.029213815974455975,0.029213815974455975
volume,mtf_trend_1h,-0.02919645349561876,0.02919645349561876
bb_width,vwap_reclaim_flag,-0.02918844383067344,0.02918844383067344
vwap_reclaim_flag,vwap_reject_flag,-0.02918404629888236,0.02918404629888236
count_long_short_ratio,crowded_short_squeeze_risk,0.029175352940476552,0.029175352940476552
garman_klass_vol,oi_up_price_up,0.029145237738448466,0.029145237738448466
session_us,distance_to_day_high_low_pct,-0.02910703944000096,0.02910703944000096
hurst_288,ou_halflife,-0.02907163777650159,0.02907163777650159
cvp_cluster_position,btc_volume_impulse_z,-0.029045169337274593,0.029045169337274593
realized_vol_ratio,fvg_dist,-0.029041375847459184,0.029041375847459184
mean_reversion_z,hurst_288,0.029006483110201573,0.029006483110201573
bb_width_z,fibonacci_level,-0.028991405928304587,0.028991405928304587
cvp_cluster_position,garch_vol_z,-0.02898702036225678,0.02898702036225678
rsi,garman_klass_vol,-0.02896067464161205,0.02896067464161205
range_contraction_breakout_dir,sweep_prev_low_reclaim,-0.02895918972468991,0.02895918972468991
realized_vol_ratio,funding_abs,-0.02894593509033494,0.02894593509033494
count_long_short_ratio,mta_funding,0.02890597216301533,0.02890597216301533
regime_trending,btc_eth_volume_rank_spread,-0.02889494408230603,0.02889494408230603
cvd_12,btc_volume_impulse_z,-0.02887987277947806,0.02887987277947806
session_europe,btc_eth_volume_rank_spread,0.028879383812016466,0.028879383812016466
bb_width_pct_rank_288,oi_up_price_up,0.02887006781219503,0.02887006781219503
garman_klass_vol,cvd_48,-0.02885406356413208,0.02885406356413208
rogers_satchell_vol,cvd_48,-0.02882338438190512,0.02882338438190512
low,wick_ratio,-0.028794949417823575,0.028794949417823575
btc_corr_60,chop_index,-0.02877654989519933,0.02877654989519933
turtle_signal,jump_flag,-0.028751132255352457,0.028751132255352457
cvd_breakout_z,upper_wick_z,0.02873163278820862,0.02873163278820862
whale_retail_ratio,ou_funding_z,0.028730918647615775,0.028730918647615775
realized_skewness,btc_impulse_x_eth_beta,0.02872084174912456,0.02872084174912456
realized_skewness,btc_ret_3,0.028716350546273348,0.028716350546273348
range_contraction_breakout_dir,failed_breakout_down,-0.028710599243093337,0.028710599243093337
rogers_satchell_vol,oi_up_price_up,0.028682591599317703,0.028682591599317703
whale_retail_ratio,funding_z_score,0.0286384592579049,0.0286384592579049
cvp_regime,compression_release_up,-0.028637598701700996,0.028637598701700996
mean_reversion_z,evt_tail_flag,0.02859736540973462,0.02859736540973462
quote_volume_btc,kalman_velocity,-0.028594503997756187,0.028594503997756187
mean_reversion_z,evt_excess_z,0.02856771577269846,0.02856771577269846
eth_btc_ret_spread_12,btc_breakout_eth_lag_dir,-0.028549796205466018,0.028549796205466018
cvd_breakout_z,compression_score,0.028540818578156633,0.028540818578156633
parkinson_vol,cvd_48,-0.02853326264764672,0.02853326264764672
volume,lower_wick_z,-0.028506241640276125,0.028506241640276125
quote_volume,lower_wick_z,-0.028477664724812935,0.028477664724812935
btc_lead_eth_follow_gap_3,btc_breakout_eth_lag_dir,0.028467960698243575,0.028467960698243575
distance_to_day_high_low_pct,upper_wick_z,0.028465337289097933,0.028465337289097933
volume,funding_price_divergence,-0.028458409383194203,0.028458409383194203
open,rsi,0.028433414662538268,0.028433414662538268
net_taker_ratio,liquidity_vacuum,0.028404727810423122,0.028404727810423122
crowded_short_squeeze_risk,sig_volume_confirm,-0.028386174847015506,0.028386174847015506
bb_width_z,volume_profile_signal,0.02836859951035286,0.02836859951035286
jump_z,liquidity_vacuum,0.028335723266152895,0.028335723266152895
high,jump_flag,-0.028330417605251648,0.028330417605251648
taker_buy_quote,cvd_48,-0.028276935308161763,0.028276935308161763
hma_slope,crowded_long_unwind_risk,0.028251799652038733,0.028251799652038733
chop_index,hurst_288,-0.028231774006983543,0.028231774006983543
log_return,liquidity_vacuum,0.028206581535502248,0.028206581535502248
cvd_288,failed_breakout_up,0.028202690905411474,0.028202690905411474
mtf_trend_4h,evt_tail_flag,-0.02818193778411186,0.02818193778411186
long_squeeze_risk,range_contraction_breakout_dir,0.028113717784371342,0.028113717784371342
whale_conviction,short_squeeze_risk,-0.028083997016252412,0.028083997016252412
mtf_trend_4h,evt_excess_z,-0.02806499385612419,0.02806499385612419
btc_ret_12,bb_width_pct_rank_288,-0.028026229497243923,0.028026229497243923
bb_width,cvd_48,-0.02801595363137607,0.02801595363137607
trades,btc_ret_3,-0.02800476355572876,0.02800476355572876
session_us,funding_abs,-0.02798695184780562,0.02798695184780562
trades,btc_impulse_x_eth_beta,-0.027983503489887818,0.027983503489887818
vwap_dist_96,vwap_reclaim_flag,0.027975494320220846,0.027975494320220846
whale_conviction,btc_breakout_eth_lag_dir,-0.027958290263872546,0.027958290263872546
cvd_288,sweep_prev_high_reclaim,0.02795388574333575,0.02795388574333575
close,vwap_dist_24,0.027920266111115484,0.027920266111115484
volume,count_long_short_ratio,-0.02789150480845505,0.02789150480845505
big_trade_ratio,realized_skewness,0.027862601742142876,0.027862601742142876
btc_ret_z_48,regime_persistence,-0.02786218888400502,0.02786218888400502
btc_ret_6,cross_scale_curvature,-0.02785048566538164,0.02785048566538164
squeeze_power,hour_sin,0.02783762347273508,0.02783762347273508
realized_skewness,range_contraction_breakout_dir,0.027813776939634455,0.027813776939634455
btc_volume_impulse_z,crowding_pressure,-0.02781182849484178,0.02781182849484178
smart_money_flow,turtle_signal,0.027784884141719403,0.027784884141719403
oi_change_rate,turtle_signal,0.027784884141719403,0.027784884141719403
whale_retail_ratio,macd_hist,-0.02777701926025372,0.02777701926025372
wick_ratio,rogers_satchell_vol,0.027769648424632476,0.027769648424632476
session_europe,cvd_breakout_z,-0.02772750487860987,0.02772750487860987
cvp_regime,compression_release_down,-0.027692313327512187,0.027692313327512187
session_us,cvp_poc_dist,-0.027691699031228163,0.027691699031228163
vwap_dist_24,garch_vol_z,-0.02768666458892491,0.02768666458892491
dual_momentum,range_contraction_breakout_dir,0.02768401479222119,0.02768401479222119
btc_ret_12,evt_excess_z,-0.027652308083964072,0.027652308083964072
btc_ret_12,evt_tail_flag,-0.02764781483174036,0.02764781483174036
cvp_poc_dist,btc_ret_z_48,0.02762914123899895,0.02762914123899895
eth_btc_ratio_change,regime_persistence,0.02762320035335166,0.02762320035335166
funding_roc_12,distance_to_day_high_low_pct,0.027621426538303587,0.027621426538303587
funding_price_divergence,garch_vol_z,-0.027581283985257228,0.027581283985257228
trade_intensity,funding_abs,0.02757795008989725,0.02757795008989725
ofi_acceleration,sig_volume_confirm,0.027570664302464062,0.027570664302464062
dual_momentum,funding_roc_288,0.027492396069062543,0.027492396069062543
ofti,oi_up_price_down,-0.027461457478230564,0.027461457478230564
short_squeeze_risk,realized_skewness,-0.027440717383825777,0.027440717383825777
squeeze_power,hurst_288,-0.027414549262984776,0.027414549262984776
ofi_acceleration,crowded_long_unwind_risk,-0.027401696130938246,0.027401696130938246
cvd_288,sig_volume_confirm,0.027385902847370365,0.027385902847370365
quote_volume_btc,vwap_dist_24,-0.02735984128251084,0.02735984128251084
turtle_signal,vwap_reject_flag,0.02735549450627421,0.02735549450627421
compression_score,vwap_reject_flag,0.027350768161390253,0.027350768161390253
trade_intensity,compression_release_up,0.027345978964580353,0.027345978964580353
close_btc,vwap_dist_288,0.02733111662278956,0.02733111662278956
cvd_12,vwap_reclaim_flag,0.02732693124024497,0.02732693124024497
garman_klass_vol,funding_pressure,-0.02729776544034891,0.02729776544034891
big_trade_ratio,ofti,-0.027279877260617362,0.027279877260617362
macd_hist,execution_quality,0.02727856453894675,0.02727856453894675
svps,compression_release_up,-0.027275051932696397,0.027275051932696397
count_long_short_ratio,quote_volume_btc,0.027244512769071305,0.027244512769071305
trades,fvg_dist,-0.027242783337986756,0.027242783337986756
rsi,crowded_long_unwind_risk,-0.02722659250332286,0.02722659250332286
rogers_satchell_vol,long_squeeze_risk,0.027223870570868326,0.027223870570868326
volume,fvg_dist,-0.027216354088482497,0.027216354088482497
cvd_48,lower_wick_z,-0.02719829741742367,0.02719829741742367
bb_width,regime_persistence,-0.027184275127040896,0.027184275127040896
funding_roc_12,cvd_48,0.0271840746721466,0.0271840746721466
mean_reversion_z,eth_btc_beta_residual_z,-0.027171571851864477,0.027171571851864477
bb_width_z,fvg_dist,-0.027163938103501532,0.027163938103501532
cvp_volume_imbalance,vwap_reject_flag,-0.02716223792906263,0.02716223792906263
count_long_short_ratio,cvd_12,-0.027117122904010436,0.027117122904010436
cvp_volume_imbalance,evt_tail_flag,-0.027095422120667557,0.027095422120667557
turtle_signal,sig_liquidity_trap,-0.027053616130610077,0.027053616130610077
funding_oi_divergence,liquidity_vacuum,-0.027046809900136883,0.027046809900136883
hurst_288,mta_funding,0.027025243414782737,0.027025243414782737
long_squeeze_risk,ofti,-0.02700751306589587,0.02700751306589587
cvp_volume_imbalance,evt_excess_z,-0.026997138236986355,0.026997138236986355
rsi,parkinson_vol,-0.0269930387773482,0.0269930387773482
macd_hist,long_squeeze_risk,0.02698800806721379,0.02698800806721379
btc_corr_60,mta_funding,0.02695568338819383,0.02695568338819383
bb_width_pct_rank_288,vwap_reclaim_flag,-0.02691861987033373,0.02691861987033373
fvg_dist,bb_width_pct_rank_288,-0.0269182436610924,0.0269182436610924
bb_width_z,btc_ret_12,-0.0269010424768625,0.0269010424768625
cvp_regime,btc_eth_volume_rank_spread,-0.026856953001810034,0.026856953001810034
low,vwap_dist_24,0.026845141860186612,0.026845141860186612
eth_btc_beta_residual_z,lower_wick_z,-0.026810691973070615,0.026810691973070615
bb_width_z,oi_up_price_up,0.026804556906801714,0.026804556906801714
taker_buy_quote,vwap_reclaim_flag,0.02675796956984281,0.02675796956984281
last_funding_rate,hurst_288,-0.026745438536523773,0.026745438536523773
funding_price_divergence,compression_score,0.026707217959492126,0.026707217959492126
sum_open_interest_value,mtf_trend_4h,0.02669992688186493,0.02669992688186493
vwap_reclaim_flag,distance_to_day_high_low_pct,0.02669451224038812,0.02669451224038812
cvp_cluster_position,upper_wick_z,-0.026694354753412357,0.026694354753412357
amihud_illiquidity_z,cvp_vah_val_width,0.026648771980149064,0.026648771980149064
trades,price_cvd_divergence,-0.026640540454169016,0.026640540454169016
sum_open_interest_value,realized_vol_ratio,0.02662534103458804,0.02662534103458804
cvd_48,btc_eth_volume_rank_spread,-0.02662305926883852,0.02662305926883852
big_trade_ratio,cvp_vah_val_width,-0.026587027927742063,0.026587027927742063
realized_vol_ratio,cvd_breakout_z,-0.02654884186467829,0.02654884186467829
quote_volume_btc,cvp_poc_dist,-0.02654688421970825,0.02654688421970825
svps,cvd_breakout_z,0.02651417281832447,0.02651417281832447
high,vwap_dist_24,0.026484778364841557,0.026484778364841557
whale_retail_ratio,jump_flag,-0.02646678321833025,0.02646678321833025
mtf_trend_4h,ofi_acceleration,0.02643411902490151,0.02643411902490151
volume_btc,wick_ratio,-0.026426759488057273,0.026426759488057273
eth_btc_ret_spread_12,btc_eth_volume_rank_spread,-0.026376381681288558,0.026376381681288558
whale_conviction,session_europe,-0.026374030574948422,0.026374030574948422
cvp_poc_dist,funding_pressure,-0.02636756143633499,0.02636756143633499
volume,kalman_velocity,-0.02633821681751332,0.02633821681751332
long_squeeze_risk,hurst_48,0.026328413422633444,0.026328413422633444
volume_profile_signal,hurst_48,-0.026314177148700584,0.026314177148700584
quote_volume_btc,minute_sin,0.026297268813212867,0.026297268813212867
mtf_trend_4h,hour_cos,0.02628918774800573,0.02628918774800573
trades,funding_price_divergence,-0.026275638547441842,0.026275638547441842
volume,vwap_dist_24,-0.02627260067669616,0.02627260067669616
cvd_breakout_z,garch_vol_z,-0.02626967009051619,0.02626967009051619
ofi_acceleration,regime_persistence,-0.026268746154969793,0.026268746154969793
cvd_48,crowded_short_squeeze_risk,0.02626198390499007,0.02626198390499007
volume_profile_signal,eth_btc_beta_residual_z,-0.026184910394906426,0.026184910394906426
close,crowding_pressure,0.026127948241704044,0.026127948241704044
rogers_satchell_vol,fvg_dist,-0.026110194191956787,0.026110194191956787
close_btc,cvp_volume_imbalance,0.026088114175416642,0.026088114175416642
close,cvp_cluster_position,0.02607646501769825,0.02607646501769825
lower_wick_z,regime_persistence,-0.026073489662251845,0.026073489662251845
low,crowding_pressure,0.026026948542464772,0.026026948542464772
hurst_48,mta_funding,-0.026014468899242412,0.026014468899242412
taker_acceleration,turtle_signal,-0.025991358659269582,0.025991358659269582
fvg_dist,vwap_reclaim_flag,0.025989927346385305,0.025989927346385305
trades,vwap_dist_96,-0.025980243603555657,0.025980243603555657
btc_lead_eth_follow_gap_3,sig_liquidity_trap,-0.025962981910073134,0.025962981910073134
volume_btc,hma_slope,-0.025962425503803156,0.025962425503803156
session_europe,cvd_48,-0.025929659521974555,0.025929659521974555
funding_abs,crowded_long_unwind_risk,0.02589215569933636,0.02589215569933636
high,crowding_pressure,0.025856680017897288,0.025856680017897288
cvp_poc_dist,hurst_48,0.025852642198882215,0.025852642198882215
volume_btc,minute_sin,0.025841169823498433,0.025841169823498433
close_btc,svps,0.0258323977666602,0.0258323977666602
vwap_dist_24,crowded_long_unwind_risk,-0.025830705637482354,0.025830705637482354
close_btc,distance_to_day_high_low_pct,0.025807705516052538,0.025807705516052538
vwap_dist_288,jump_flag,-0.02579881601876181,0.02579881601876181
chop_index,turtle_signal,0.025699866646357806,0.025699866646357806
range_contraction_breakout_dir,sweep_prev_high_reclaim,0.02569685150349912,0.02569685150349912
cvp_vah_val_width,funding_abs,-0.025684910382856013,0.025684910382856013
anchored_vwap_session_dist,evt_tail_flag,-0.025668761117136157,0.025668761117136157
volume,sig_trend_health,-0.02566137381107625,0.02566137381107625
regime_trending,evt_excess_z,0.025651571781673443,0.025651571781673443
open,realized_skewness,-0.025641929537697873,0.025641929537697873
big_trade_ratio,vwap_dist_96,0.0256330250593701,0.0256330250593701
svps,cvd_288,0.025632421288729394,0.025632421288729394
ofti,funding_pressure,-0.02558426557532988,0.02558426557532988
anchored_vwap_session_dist,evt_excess_z,-0.025567460294859613,0.025567460294859613
lower_wick_z,garch_vol_z,0.02556127447412293,0.02556127447412293
range_contraction_breakout_dir,failed_breakout_up,0.025556182176812936,0.025556182176812936
regime_trending,evt_tail_flag,0.02554627991304379,0.02554627991304379
btc_corr_60,sig_trend_health,-0.025528611235552914,0.025528611235552914
compression_score,vwap_reclaim_flag,0.02552535692440928,0.02552535692440928
taker_buy_base,count_long_short_ratio,-0.02552180992824184,0.02552180992824184
whale_conviction,cvp_poc_dist,-0.025501796256705657,0.025501796256705657
oi_change_rate,lower_wick_z,-0.025499781126037013,0.025499781126037013
smart_money_flow,lower_wick_z,-0.025499781126037013,0.025499781126037013
low,realized_skewness,-0.025485357135849585,0.025485357135849585
squeeze_power,cvp_cluster_position,0.025480273307944164,0.025480273307944164
garman_klass_vol,fvg_dist,-0.02547428890796972,0.02547428890796972
turtle_signal,cross_scale_curvature,0.02544591051547842,0.02544591051547842
fibonacci_level,funding_abs,0.025427226109867685,0.025427226109867685
whale_retail_ratio,cvp_vah_val_width,0.02538522225620657,0.02538522225620657
fibonacci_level,evt_tail_flag,-0.025354531017152036,0.025354531017152036
open,crowding_pressure,0.02534657028117608,0.02534657028117608
sum_toptrader_long_short_ratio,realized_vol_ratio,0.025306255336974448,0.025306255336974448
evt_tail_flag,regime_persistence,-0.02530625335975646,0.02530625335975646
evt_excess_z,regime_persistence,-0.02530400596460063,0.02530400596460063
rogers_satchell_vol,execution_quality,-0.025295434894454193,0.025295434894454193
close,realized_skewness,-0.025292927668443477,0.025292927668443477
fibonacci_level,evt_excess_z,-0.025286317253661858,0.025286317253661858
high,realized_skewness,-0.02523802450674501,0.02523802450674501
vwap_reject_flag,garch_vol_z,-0.02523748027751499,0.02523748027751499
long_squeeze_risk,sweep_prev_high_reclaim,0.025236322205443987,0.025236322205443987
rogers_satchell_vol,vwap_reject_flag,-0.025228792172535826,0.025228792172535826
upper_wick_z,garch_vol_z,0.025209341032668448,0.025209341032668448
long_squeeze_risk,failed_breakout_up,0.02520203194856717,0.02520203194856717
taker_buy_base,cvp_cluster_position,0.025201547419603204,0.025201547419603204
trade_intensity,crowded_short_squeeze_risk,-0.02518650066936779,0.02518650066936779
volatility_z,cvd_48,-0.025183650576608815,0.025183650576608815
funding_roc_288,funding_pressure,0.025179641136331723,0.025179641136331723
dual_momentum,realized_skewness,0.025138818608942837,0.025138818608942837
price_cvd_divergence,vwap_reject_flag,-0.025084187619381575,0.025084187619381575
hour_cos,vwap_dist_24,0.025076854977898112,0.025076854977898112
big_trade_ratio,crowded_long_unwind_risk,-0.02505560426160871,0.02505560426160871
funding_pressure,cvd_12,-0.025044959024503197,0.025044959024503197
bb_width,distance_to_day_high_low_pct,-0.02502543350739049,0.02502543350739049
trade_intensity,vwap_dist_24,0.024962316084092065,0.024962316084092065
crowded_long_unwind_risk,upper_wick_z,-0.024937093995667257,0.024937093995667257
open,vwap_dist_24,0.02492780293103342,0.02492780293103342
big_trade_ratio,hurst_288,0.02492165588694814,0.02492165588694814
ofti,btc_volume_impulse_z,-0.024917307874982395,0.024917307874982395
volume,funding_abs,0.02490614071284469,0.02490614071284469
crowded_short_squeeze_risk,upper_wick_z,0.02488466477441206,0.02488466477441206
btc_ret_6,atr_pct_rank_288,-0.02484396841068371,0.02484396841068371
low,cvp_cluster_position,0.024828446531442918,0.024828446531442918
last_funding_rate,cvp_cluster_position,0.024816515517357578,0.024816515517357578
volume,crowded_short_squeeze_risk,0.024808703103208207,0.024808703103208207
cvp_regime,funding_roc_48,-0.02480799287384491,0.02480799287384491
funding_z_score,cvd_48,0.024807239057694965,0.024807239057694965
mean_reversion_z,upper_wick_z,-0.02477288175662166,0.02477288175662166
cvd_48,ou_funding_z,0.024763236894838402,0.024763236894838402
hurst_48,funding_abs,0.024738261607871313,0.024738261607871313
sum_toptrader_long_short_ratio,wick_ratio,-0.024709279045323853,0.024709279045323853
breakout_strength,evt_tail_flag,-0.024705893510184353,0.024705893510184353
atr_pct_rank_288,oi_up_price_down,0.02468703091627116,0.02468703091627116
bb_width,ofti,-0.024647631148152948,0.024647631148152948
breakout_strength,evt_excess_z,-0.024599779592549838,0.024599779592549838
high,cvp_cluster_position,0.024577669554429374,0.024577669554429374
volume_profile_signal,jump_flag,0.024574833963293952,0.024574833963293952
realized_vol_ratio,mta_funding,-0.024574561726049993,0.024574561726049993
compression_score,vwap_dist_24,0.02456661150955789,0.02456661150955789
btc_corr_60,cvp_vah_val_width,0.024550556838254547,0.024550556838254547
realized_vol_ratio,long_squeeze_risk,0.024527014712162103,0.024527014712162103
hour_sin,funding_roc_48,0.02452314008901703,0.02452314008901703
realized_skewness,mta_funding,0.024515913729891946,0.024515913729891946
mtf_trend_1h,compression_score,0.024488535776261866,0.024488535776261866
rsi,hour_cos,0.02448026571192503,0.02448026571192503
trades,sig_trend_health,-0.024464883690729775,0.024464883690729775
quote_volume,btc_impulse_x_eth_beta,-0.024415307174510507,0.024415307174510507
close_btc,garman_klass_vol,0.02437996022625476,0.02437996022625476
oi_up_price_up,garch_vol_z,0.024366680517511896,0.024366680517511896
quote_volume,btc_ret_3,-0.02434863209299947,0.02434863209299947
quote_volume_btc,hma_slope,-0.02434727885288756,0.02434727885288756
volume,hma_slope,-0.024340439574245688,0.024340439574245688
cvp_vah_val_width,turtle_signal,-0.0243285896157466,0.0243285896157466
regime_trending,jump_flag,0.024312458196481958,0.024312458196481958
realized_vol_ratio,funding_pressure,0.02431217551896701,0.02431217551896701
taker_buy_base,vwap_dist_96,-0.024263389510496627,0.024263389510496627
is_hour_open,garch_vol_z,-0.02425862309195292,0.02425862309195292
close_btc,turtle_signal,0.024224009547711457,0.024224009547711457
volume_btc,btc_ret_12,-0.024197978742654076,0.024197978742654076
btc_ret_z_48,liquidity_vacuum,0.024150157307354987,0.024150157307354987
wick_ratio,garch_vol_z,0.02410931605480658,0.02410931605480658
compression_score,oi_up_price_up,-0.024101966046682723,0.024101966046682723
last_funding_rate,cvp_vah_val_width,0.02405655092256777,0.02405655092256777
taker_acceleration,liquidity_vacuum,0.02401207568056859,0.02401207568056859
cvp_regime,crowding_pressure,-0.024011282109028288,0.024011282109028288
realized_vol_ratio,vwap_dist_24,-0.023996563885866424,0.023996563885866424
volume_btc,short_squeeze_risk,0.02398882568171927,0.02398882568171927
open,net_taker_ratio,-0.023968082368373222,0.023968082368373222
taker_buy_quote,distance_to_day_high_low_pct,0.023952770904413882,0.023952770904413882
parkinson_vol,fvg_dist,-0.02395160023611191,0.02395160023611191
minute_cos,btc_volume_impulse_z,0.023938788610197374,0.023938788610197374
volatility_z,oi_up_price_down,0.023888489209669583,0.023888489209669583
mean_reversion_z,lower_wick_z,0.02387961696505869,0.02387961696505869
trades,mtf_trend_1h,-0.023869365559955905,0.023869365559955905
minute_cos,garch_vol_z,-0.023858941892412458,0.023858941892412458
hurst_288,anchored_vwap_session_dist,-0.023836541858778558,0.023836541858778558
taker_buy_base,funding_abs,0.02377514603399065,0.02377514603399065
net_taker_ratio,vwap_dist_288,0.023760085399540352,0.023760085399540352
taker_acceleration,cvd_48,-0.02372026880534842,0.02372026880534842
trade_intensity,price_cvd_divergence,0.023719749575239413,0.023719749575239413
evt_tail_flag,sig_trend_health,-0.023695224389616396,0.023695224389616396
bb_width_z,funding_abs,-0.023678159055965268,0.023678159055965268
btc_lead_eth_follow_gap_3,liquidity_vacuum,-0.023669750323142547,0.023669750323142547
btc_ret_6,btc_eth_volume_rank_spread,0.023621711001320687,0.023621711001320687
cvd_48,eth_btc_beta_residual_z,0.023605286893552162,0.023605286893552162
quote_volume,rsi,-0.023603423506103997,0.023603423506103997
evt_excess_z,sig_trend_health,-0.023577776386088947,0.023577776386088947
volatility_z,oi_up_price_up,0.023563401115786968,0.023563401115786968
sum_toptrader_long_short_ratio,cvd_breakout_z,-0.02355131436487476,0.02355131436487476
trades,cvd_48,-0.02354801768362797,0.02354801768362797
rogers_satchell_vol,cvp_poc_dist,-0.023513453374400292,0.023513453374400292
rogers_satchell_vol,dual_momentum,-0.023502407176434186,0.023502407176434186
mta_funding,cvd_48,0.023455110612634306,0.023455110612634306
mean_reversion_z,hurst_48,-0.023446564549865354,0.023446564549865354
hurst_48,oi_up_price_up,0.023392543772356614,0.023392543772356614
volume_btc,cvd_12,-0.0233900031703935,0.0233900031703935
volatility_z,funding_price_divergence,-0.023383396430650162,0.023383396430650162
high,sweep_prev_high_reclaim,0.02337524089375469,0.02337524089375469
open,cvp_cluster_position,0.023356484230124992,0.023356484230124992
regime_persistence,cross_scale_curvature,-0.023344230185327376,0.023344230185327376
cvp_vah_val_width,ou_funding_z,0.02332826043558431,0.02332826043558431
cvp_vah_val_width,funding_z_score,0.02331931786451843,0.02331931786451843
garman_klass_vol,dual_momentum,-0.023300573491097435,0.023300573491097435
garman_klass_vol,vwap_reject_flag,-0.023292043794860714,0.023292043794860714
taker_acceleration,oi_up_price_down,0.023285284802163093,0.023285284802163093
trade_intensity,btc_ret_12,0.023261875419202452,0.023261875419202452
dual_momentum,btc_ret_6,0.02324461520803539,0.02324461520803539
realized_skewness,cross_scale_curvature,0.023244202932474083,0.023244202932474083
count_long_short_ratio,cvd_slope_48,0.023224274775550682,0.023224274775550682
long_squeeze_risk,garch_vol_z,0.023219466541059056,0.023219466541059056
trade_intensity,hour_sin,0.023218150591862795,0.023218150591862795
regime_trending,mta_funding,-0.02318230582413559,0.02318230582413559
trades,mean_reversion_z,0.023174573143153614,0.023174573143153614
macd_hist,eth_btc_ret_spread_48,0.023160088808888552,0.023160088808888552
price_cvd_divergence,jump_flag,-0.023152887840856746,0.023152887840856746
minute_sin,btc_eth_volume_rank_spread,-0.023150982928793265,0.023150982928793265
btc_ret_6,liquidity_vacuum,0.023108530768402264,0.023108530768402264
rogers_satchell_vol,ofti,-0.02310116706416299,0.02310116706416299
high,failed_breakout_up,0.02302447893302113,0.02302447893302113
rogers_satchell_vol,upper_wick_z,0.022995214953693693,0.022995214953693693
eth_btc_ratio_change,liquidity_vacuum,0.022990130358824683,0.022990130358824683
rogers_satchell_vol,lower_wick_z,0.022969879011915686,0.022969879011915686
macd_hist,realized_vol_ratio,0.022964917227799867,0.022964917227799867
btc_ret_1,liquidity_vacuum,0.022958244143407937,0.022958244143407937
net_taker_ratio,kel,0.0229330500790258,0.0229330500790258
hour_sin,regime_trending,0.022930103872546043,0.022930103872546043
atr_pct_rank_288,range_contraction_breakout_dir,-0.022911237248896762,0.022911237248896762
macd_hist,lower_wick_z,-0.022896946410115915,0.022896946410115915
crowded_long_unwind_risk,sig_trend_health,-0.02286305293516977,0.02286305293516977
cvp_vah_val_width,funding_pressure,0.022830733086422295,0.022830733086422295
btc_ret_12,jump_flag,-0.022824193552378576,0.022824193552378576
btc_corr_60,svps,-0.022815735988368613,0.022815735988368613
dual_momentum,btc_lead_eth_follow_gap_3,-0.022783535971832754,0.022783535971832754
rsi,session_us,-0.02277939132545768,0.02277939132545768
big_trade_ratio,compression_release_up,-0.022761993955991513,0.022761993955991513
close,mtf_trend_1h,0.022760050544086873,0.022760050544086873
eth_btc_ratio_change,sig_volume_confirm,-0.022758573429694517,0.022758573429694517
quote_volume_btc,btc_ret_12,-0.02275817681567968,0.02275817681567968
low,sweep_prev_high_reclaim,0.02275661385557743,0.02275661385557743
hurst_288,funding_pressure,-0.02274417444564775,0.02274417444564775
whale_conviction,sweep_prev_high_reclaim,-0.02273799230809953,0.02273799230809953
garman_klass_vol,cvp_poc_dist,-0.0227351410166257,0.0227351410166257
close,sweep_prev_high_reclaim,0.02273041763814088,0.02273041763814088
volume_btc,funding_pressure,0.02270864603929028,0.02270864603929028
vwap_dist_96,jump_flag,-0.02269401027960417,0.02269401027960417
fibonacci_level,regime_trending,0.022693272097508745,0.022693272097508745
whale_conviction,failed_breakout_up,-0.022693066356574698,0.022693066356574698
last_funding_rate,hurst_48,0.022692487265693347,0.022692487265693347
btc_volume_impulse_z,range_contraction_breakout_dir,-0.02267845842131153,0.02267845842131153
session_europe,sweep_prev_low_reclaim,0.022668286049048917,0.022668286049048917
session_europe,failed_breakout_down,0.022666281068292753,0.022666281068292753
open,sweep_prev_high_reclaim,0.022665806314932885,0.022665806314932885
session_us,mean_reversion_z,0.022665244341128682,0.022665244341128682
funding_flip_signal,crowding_pressure,0.022647798301681933,0.022647798301681933
high,regime_trending,0.02262459881121882,0.02262459881121882
funding_roc_12,cvd_breakout_z,0.022608881532058235,0.022608881532058235
btc_ret_12,execution_quality,0.022604290209088728,0.022604290209088728
vwap_reject_flag,failed_breakout_up,-0.02259093815050264,0.02259093815050264
cvd_48,btc_ret_z_48,-0.022566735706699943,0.022566735706699943
vwap_reject_flag,sweep_prev_high_reclaim,-0.022527938750134303,0.022527938750134303
big_trade_ratio,mtf_trend_4h,0.022509539094592943,0.022509539094592943
volume,breakout_strength,-0.022482413546212877,0.022482413546212877
crowded_long_unwind_risk,regime_persistence,0.0224815973924015,0.0224815973924015
taker_acceleration,anchored_vwap_session_dist,0.02245189250081376,0.02245189250081376
taker_buy_quote,vwap_dist_24,0.02242588599887366,0.02242588599887366
squeeze_power,volatility_z,0.02242054805148182,0.02242054805148182
garman_klass_vol,ofti,-0.022411601763437525,0.022411601763437525
low,failed_breakout_up,0.02240782887804013,0.02240782887804013
atr_pct_rank_288,crowding_pressure,-0.022390995635282174,0.022390995635282174
open,regime_trending,0.022383034401681625,0.022383034401681625
close,failed_breakout_up,0.022374997777925176,0.022374997777925176
volatility_z,cvp_cluster_position,-0.022358909447708495,0.022358909447708495
eth_btc_ret_spread_12,garch_vol_z,-0.022358694736183557,0.022358694736183557
close,regime_trending,0.022346007396934455,0.022346007396934455
open,failed_breakout_up,0.02231025924486107,0.02231025924486107
big_trade_ratio,minute_sin,0.02230044369397536,0.02230044369397536
quote_volume,fvg_dist,-0.022287276559843788,0.022287276559843788
long_squeeze_risk,btc_ret_12,0.022272356110513543,0.022272356110513543
cvd_288,btc_volume_impulse_z,-0.022271357518601063,0.022271357518601063
oi_up_price_up,jump_flag,0.02226223074160549,0.02226223074160549
ofi_acceleration,liquidity_vacuum,0.022261793223680895,0.022261793223680895
vwap_reclaim_flag,failed_breakout_down,-0.02225794434345875,0.02225794434345875
fibonacci_level,hurst_288,-0.02222980036615602,0.02222980036615602
cvd_breakout_z,ou_funding_z,-0.022210186723531516,0.022210186723531516
funding_z_score,cvd_breakout_z,-0.02219005886027062,0.02219005886027062
vwap_reclaim_flag,sweep_prev_low_reclaim,-0.022155826307044792,0.022155826307044792
crowded_long_unwind_risk,ou_halflife,-0.02214998131767338,0.02214998131767338
btc_breakout_eth_lag_dir,oi_up_price_down,-0.022148999173483726,0.022148999173483726
kalman_velocity,crowded_long_unwind_risk,0.022148358920940314,0.022148358920940314
dual_momentum,svps,0.02211431609236098,0.02211431609236098
realized_vol_ratio,oi_up_price_up,0.022108265856614268,0.022108265856614268
cvd_288,evt_tail_flag,-0.022105891699128317,0.022105891699128317
cvd_288,evt_excess_z,-0.02209117203664015,0.02209117203664015
low,regime_trending,0.022087079600266575,0.022087079600266575
vwap_reclaim_flag,garch_vol_z,-0.022084469975484713,0.022084469975484713
oi_up_price_up,evt_excess_z,0.022064085976044274,0.022064085976044274
parkinson_vol,cvp_poc_dist,-0.022053542534460346,0.022053542534460346
btc_corr_60,ofti,0.022050134904631584,0.022050134904631584
garch_vol_z,crowding_pressure,-0.0220416310701843,0.0220416310701843
btc_eth_volume_rank_spread,btc_impulse_x_eth_beta,0.022035717180897283,0.022035717180897283
btc_ret_3,btc_eth_volume_rank_spread,0.022027925101950417,0.022027925101950417
trade_intensity,rsi,0.022010023325310962,0.022010023325310962
mtf_trend_1h,garch_vol_z,-0.02199828227177096,0.02199828227177096
parkinson_vol,funding_pressure,-0.02193647488389203,0.02193647488389203
hma_slope,atr_pct_rank_288,-0.02193553262694254,0.02193553262694254
count_long_short_ratio,big_trade_ratio,-0.021931922537460662,0.021931922537460662
taker_buy_base,regime_persistence,-0.02191886899016898,0.02191886899016898
mtf_trend_1h,sig_liquidity_trap,-0.021908170537020103,0.021908170537020103
volume,btc_lead_eth_follow_gap_3,0.02190324374177313,0.02190324374177313
close_btc,cvp_poc_dist,0.021897109318231106,0.021897109318231106
volume,eth_btc_ret_spread_12,-0.02187845532255985,0.02187845532255985
oi_up_price_up,evt_tail_flag,0.021831247506289744,0.021831247506289744
btc_corr_60,funding_roc_288,-0.021829591391640223,0.021829591391640223
trades,kalman_velocity,-0.02181053698667109,0.02181053698667109
macd_hist,compression_score,-0.02179381765898769,0.02179381765898769
squeeze_power,cvp_vah_val_width,0.021778883772964726,0.021778883772964726
kel,cvd_48,0.02177631414854336,0.02177631414854336
cvd_288,btc_breakout_eth_lag_dir,0.02177539988181554,0.02177539988181554
parkinson_vol,dual_momentum,-0.021746574906396983,0.021746574906396983
hour_cos,cvd_12,0.021735791161311156,0.021735791161311156
big_trade_ratio,turtle_signal,0.021731749093561823,0.021731749093561823
hurst_288,distance_to_day_high_low_pct,-0.02172971535835008,0.02172971535835008
oi_up_price_down,execution_quality,-0.0217116356756085,0.0217116356756085
hurst_288,failed_breakout_down,0.02170980289157255,0.02170980289157255
trades,vwap_dist_288,-0.021684741397249435,0.021684741397249435
hurst_288,sweep_prev_low_reclaim,0.02168148607360393,0.02168148607360393
cvp_cluster_position,bb_width_pct_rank_288,-0.02167471884661789,0.02167471884661789
hour_cos,eth_btc_ret_spread_12,0.021656939215138626,0.021656939215138626
hurst_288,crowding_pressure,-0.02165693420423914,0.02165693420423914
trade_intensity,mtf_trend_1h,0.021649568264469055,0.021649568264469055
volume,btc_breakout_eth_lag_dir,-0.021611515252548723,0.021611515252548723
sum_toptrader_long_short_ratio,eth_btc_ret_spread_48,-0.02159348949646503,0.02159348949646503
kel,btc_breakout_eth_lag_dir,0.0215909753215081,0.0215909753215081
volatility_z,cvd_breakout_z,-0.02159041577752414,0.02159041577752414
whale_retail_ratio,cvd_48,0.021571902233479087,0.021571902233479087
session_us,eth_btc_ret_spread_12,-0.021561941374860134,0.021561941374860134
long_squeeze_risk,regime_trending,0.021559720015361918,0.021559720015361918
last_funding_rate,ofti,-0.021551107546449656,0.021551107546449656
smart_money_flow,cvd_288,0.02153324460062833,0.02153324460062833
oi_change_rate,cvd_288,0.02153324460062833,0.02153324460062833
volume_profile_signal,kel,-0.02152512148648967,0.02152512148648967
realized_vol_ratio,cvp_regime,0.021445014112208727,0.021445014112208727
quote_volume,funding_price_divergence,-0.02144123832204157,0.02144123832204157
hurst_48,funding_pressure,0.021438517262612703,0.021438517262612703
btc_ret_6,btc_volume_impulse_z,-0.021433767565203973,0.021433767565203973
session_us,volume_profile_signal,0.02143055881911133,0.02143055881911133
breakout_strength,vwap_reject_flag,-0.021387311398631044,0.021387311398631044
cvp_cluster_position,short_squeeze_risk,0.021369797207687596,0.021369797207687596
quote_volume_btc,cvd_breakout_z,-0.021354277429884307,0.021354277429884307
rsi,bb_width,-0.02132762790331478,0.02132762790331478
sum_toptrader_long_short_ratio,hurst_288,0.021326952804118046,0.021326952804118046
cvd_12,ou_halflife,-0.021319508288143666,0.021319508288143666
volume_profile_signal,liquidity_vacuum,0.021312776151739342,0.021312776151739342
close_btc,rogers_satchell_vol,0.02130945889784672,0.02130945889784672
btc_breakout_eth_lag_dir,atr_pct_rank_288,-0.02129699614394952,0.02129699614394952
eth_btc_ret_spread_12,compression_score,0.021241079249430955,0.021241079249430955
session_europe,crowded_long_unwind_risk,0.021228125578102972,0.021228125578102972
mean_reversion_z,jump_flag,0.02122730319689572,0.02122730319689572
volatility_z,funding_roc_288,0.021194129562128686,0.021194129562128686
big_trade_ratio,eth_btc_ret_spread_48,0.02118534202534607,0.02118534202534607
sum_open_interest_value,rsi,0.02115632425107121,0.02115632425107121
volume_btc,realized_skewness,0.021143626259568404,0.021143626259568404
low,mtf_trend_1h,0.021132686390913938,0.021132686390913938
high,net_taker_ratio,-0.021125502137545268,0.021125502137545268
realized_skewness,btc_ret_z_48,-0.021115441211571603,0.021115441211571603
rogers_satchell_vol,vwap_reclaim_flag,-0.021104504985077162,0.021104504985077162
long_squeeze_risk,sig_volume_confirm,0.021099672717856517,0.021099672717856517
quote_volume,btc_lead_eth_follow_gap_3,0.02109174701467028,0.02109174701467028
parkinson_vol,ofti,-0.021089835954798217,0.021089835954798217
net_taker_ratio,eth_btc_ret_spread_48,0.021085563807255892,0.021085563807255892
session_europe,svps,-0.021082760093157803,0.021082760093157803
low,net_taker_ratio,-0.021068659605918298,0.021068659605918298
dual_momentum,failed_breakout_down,-0.02104459910150424,0.02104459910150424
cvd_48,upper_wick_z,0.021028984130134105,0.021028984130134105
trades,ofti,-0.021025588393042933,0.021025588393042933
quote_volume,mtf_trend_1h,-0.021022846586813713,0.021022846586813713
realized_skewness,btc_eth_volume_rank_spread,-0.02102221376886861,0.02102221376886861
oi_change_rate,ofti,-0.021017423066974326,0.021017423066974326
smart_money_flow,ofti,-0.021017423066974326,0.021017423066974326
funding_abs,cvd_breakout_z,-0.021012885832704015,0.021012885832704015
dual_momentum,sweep_prev_low_reclaim,-0.021011222801434404,0.021011222801434404
fvg_dist,crowded_long_unwind_risk,-0.0209819988214206,0.0209819988214206
squeeze_power,hurst_48,0.020945776717792207,0.020945776717792207
macd_hist,upper_wick_z,0.020931116806343582,0.020931116806343582
compression_score,oi_up_price_down,-0.02092208249231298,0.02092208249231298
cvd_breakout_z,bb_width_pct_rank_288,-0.020913067244959564,0.020913067244959564
macd_hist,ofti,0.02091287348093201,0.02091287348093201
whale_retail_ratio,sig_trend_health,0.02089139213742218,0.02089139213742218
hurst_48,sweep_prev_high_reclaim,-0.020861412529540414,0.020861412529540414
rsi,oi_up_price_down,-0.020859495548963648,0.020859495548963648
btc_corr_60,fvg_dist,-0.020847926188969895,0.020847926188969895
cvp_cluster_position,lower_wick_z,0.02084196073024338,0.02084196073024338
hurst_48,failed_breakout_up,-0.020831555161658834,0.020831555161658834
oi_up_price_down,sig_trend_health,-0.020829425813349917,0.020829425813349917
trades,btc_breakout_eth_lag_dir,-0.020803426476034382,0.020803426476034382
volatility_z,vwap_dist_24,-0.020794916730278723,0.020794916730278723
volume,btc_ret_1,-0.020793294409562343,0.020793294409562343
funding_roc_48,vwap_dist_96,0.020789262073699213,0.020789262073699213
hour_sin,hurst_288,0.020785600345327233,0.020785600345327233
high,mtf_trend_1h,0.020770369202377573,0.020770369202377573
fibonacci_level,upper_wick_z,0.02076827562219886,0.02076827562219886
whale_retail_ratio,fvg_dist,0.020766751079933456,0.020766751079933456
quote_volume,eth_btc_ret_spread_12,-0.020765050486743104,0.020765050486743104
svps,ou_funding_z,0.020749464770033327,0.020749464770033327
trades,hma_slope,-0.020739604389694966,0.020739604389694966
funding_z_score,svps,0.02073929973387701,0.02073929973387701
session_us,cvp_regime,0.02072524842149007,0.02072524842149007
session_us,ofti,-0.02071641055400639,0.02071641055400639
parkinson_vol,vwap_reject_flag,-0.02069708600329112,0.02069708600329112
session_europe,long_squeeze_risk,0.020685007769583586,0.020685007769583586
trade_intensity,btc_ret_6,0.020683506469681777,0.020683506469681777
net_taker_ratio,sig_volume_confirm,-0.020680106941922273,0.020680106941922273
big_trade_ratio,macd_hist,-0.020677865892079903,0.020677865892079903
regime_trending,vwap_dist_288,0.020666357333132025,0.020666357333132025
macd_hist,bb_width_pct_rank_288,0.020651596495598553,0.020651596495598553
regime_trending,svps,0.020610791280229218,0.020610791280229218
long_squeeze_risk,atr_pct_rank_288,0.020595817405894945,0.020595817405894945
quote_volume,crowded_short_squeeze_risk,0.020586037184578604,0.020586037184578604
long_squeeze_risk,cross_scale_curvature,-0.02058159522806258,0.02058159522806258
count_long_short_ratio,whale_conviction,-0.020576602239670217,0.020576602239670217
btc_eth_volume_rank_spread,compression_release_down,-0.020559506965886886,0.020559506965886886
crowded_long_unwind_risk,failed_breakout_down,-0.020555464073902983,0.020555464073902983
ofi_acceleration,cvd_48,-0.020549472307144885,0.020549472307144885
quote_volume,net_taker_ratio,-0.02054686993890325,0.02054686993890325
vwap_dist_288,upper_wick_z,0.02054391876213236,0.02054391876213236
close_btc,realized_vol_ratio,0.02054156262993789,0.02054156262993789
hurst_288,ou_funding_z,-0.020533019019384202,0.020533019019384202
funding_z_score,hurst_288,-0.020532235205105377,0.020532235205105377
realized_skewness,cvd_slope_48,-0.02052913364324123,0.02052913364324123
btc_ret_12,btc_eth_volume_rank_spread,0.020526847507860636,0.020526847507860636
cvp_volume_imbalance,hurst_288,-0.02051112326940552,0.02051112326940552
volume,cvp_volume_imbalance,-0.020505761037756004,0.020505761037756004
high,hurst_288,0.02048514965333852,0.02048514965333852
taker_buy_base,ofti,-0.02047519188126939,0.02047519188126939
whale_conviction,hour_cos,0.020470387709552663,0.020470387709552663
sum_open_interest_value,whale_conviction,-0.020463927882389474,0.020463927882389474
crowded_long_unwind_risk,sweep_prev_low_reclaim,-0.020458839253758028,0.020458839253758028
squeeze_power,realized_skewness,0.02043271245285055,0.02043271245285055
mean_reversion_z,kel,-0.02040623376263716,0.02040623376263716
realized_skewness,btc_lead_eth_follow_gap_3,-0.020390654218819214,0.020390654218819214
btc_volume_impulse_z,upper_wick_z,-0.020378871294868924,0.020378871294868924
close,sig_trend_health,0.0203652431068467,0.0203652431068467
btc_breakout_eth_lag_dir,crowded_long_unwind_risk,-0.020363670246853684,0.020363670246853684
mtf_trend_4h,funding_roc_12,0.020359129273908524,0.020359129273908524
high,funding_roc_288,0.020312688835343214,0.020312688835343214
count_long_short_ratio,garch_vol_z,0.02030714347383576,0.02030714347383576
funding_z_score,vwap_dist_24,-0.02028185458483679,0.02028185458483679
vwap_dist_24,ou_funding_z,-0.020277557067736502,0.020277557067736502
mean_reversion_z,cvd_slope_48,-0.020264535166999713,0.020264535166999713
open,funding_roc_288,0.020260215264600402,0.020260215264600402
close,funding_roc_288,0.020254898307910302,0.020254898307910302
cvd_slope_12,sig_trend_health,-0.020252919051619214,0.020252919051619214
cvp_volume_imbalance,ofi_acceleration,0.020250995743890304,0.020250995743890304
quote_volume,mtf_trend_4h,-0.020247259902864474,0.020247259902864474
low,funding_roc_288,0.020235647118028017,0.020235647118028017
close_btc,dual_momentum,0.02020525188834026,0.02020525188834026
rsi,btc_eth_volume_rank_spread,-0.020197923971508693,0.020197923971508693
eth_btc_beta_residual_z,upper_wick_z,0.020186638250650833,0.020186638250650833
cvp_cluster_position,funding_roc_288,0.020178860923857154,0.020178860923857154
session_us,fibonacci_level,-0.02017045498829539,0.02017045498829539
squeeze_power,ofti,-0.02016621098866779,0.02016621098866779
open,hurst_288,0.02015271504818411,0.02015271504818411
mtf_trend_4h,jump_flag,-0.02013452140892951,0.02013452140892951
macd_hist,funding_roc_12,-0.02013033035594172,0.02013033035594172
volume,ofti,-0.020116525723357218,0.020116525723357218
close,hurst_288,0.020107064024652063,0.020107064024652063
sum_open_interest_value,realized_skewness,-0.020097527282091663,0.020097527282091663
regime_trending,funding_pressure,0.020084367508724013,0.020084367508724013
funding_abs,cvd_12,-0.020080639972338426,0.020080639972338426
macd_hist,funding_roc_48,-0.02007880511990147,0.02007880511990147
wick_ratio,funding_pressure,-0.020063557767105146,0.020063557767105146
squeeze_power,realized_vol_ratio,0.020054501087258803,0.020054501087258803
volume,vwap_dist_288,-0.020053727822767042,0.020053727822767042
close_btc,whale_conviction,-0.02000509044111594,0.02000509044111594
fibonacci_level,kel,0.019949289306173505,0.019949289306173505
svps,sig_trend_health,0.019944015881331767,0.019944015881331767
hurst_48,regime_persistence,0.019942918613605965,0.019942918613605965
volume_btc,range_contraction_breakout_dir,-0.019921932955653518,0.019921932955653518
funding_abs,distance_to_day_high_low_pct,-0.019876183868374097,0.019876183868374097
fibonacci_level,btc_ret_z_48,0.019869108596172944,0.019869108596172944
hma_slope,ofti,0.019866077349210084,0.019866077349210084
mta_funding,garch_vol_z,-0.019850689397067713,0.019850689397067713
quote_volume_btc,minute_cos,0.019842118582101404,0.019842118582101404
squeeze_power,session_europe,0.019841465591683573,0.019841465591683573
mean_reversion_z,liquidity_vacuum,0.0198360780035965,0.0198360780035965
close_btc,realized_skewness,-0.019822875815481672,0.019822875815481672
volume,jump_z,-0.019818509863505345,0.019818509863505345
volume,log_return,-0.019803181653109125,0.019803181653109125
realized_vol_ratio,funding_price_divergence,-0.019802494616348792,0.019802494616348792
mtf_trend_4h,hour_sin,0.019801391358784854,0.019801391358784854
trades,cvp_volume_imbalance,-0.019790908247284706,0.019790908247284706
volume_btc,minute_cos,0.019768817721438417,0.019768817721438417
cross_scale_curvature,liquidity_vacuum,-0.019762244462231987,0.019762244462231987
low,hurst_288,0.01975921353182682,0.01975921353182682
fibonacci_level,lower_wick_z,-0.01975898229860879,0.01975898229860879
jump_flag,regime_persistence,-0.01972162302750704,0.01972162302750704
funding_roc_48,cvd_48,0.01972099291383403,0.01972099291383403
bb_width,btc_ret_12,-0.01972096938826868,0.01972096938826868
cvd_breakout_z,btc_eth_volume_rank_spread,-0.019711738029273812,0.019711738029273812
quote_volume,kalman_velocity,-0.019705247480071457,0.019705247480071457
quote_volume,hma_slope,-0.01969203240455411,0.01969203240455411
last_funding_rate,regime_trending,0.01966850369193353,0.01966850369193353
bb_width,fvg_dist,-0.01964558747082011,0.01964558747082011
btc_corr_60,execution_quality,-0.019626797508480596,0.019626797508480596
volume_btc,cvp_cluster_position,-0.019626433478486464,0.019626433478486464
wick_ratio,oi_up_price_down,-0.019624247696828995,0.019624247696828995
session_us,lower_wick_z,0.01961332364059429,0.01961332364059429
rsi,evt_tail_flag,-0.019603811935894448,0.019603811935894448
log_return,amihud_illiquidity_z,0.019601178713785215,0.019601178713785215
sum_open_interest_value,vwap_dist_24,0.01959842298915284,0.01959842298915284
kalman_velocity,execution_quality,0.01959186914039201,0.01959186914039201
trades,lower_wick_z,-0.019589356154666733,0.019589356154666733
btc_ret_6,compression_score,0.01957054748712436,0.01957054748712436
trade_intensity,kalman_velocity,0.01955737983283667,0.01955737983283667
funding_abs,bb_width_pct_rank_288,-0.01955680667900921,0.01955680667900921
cvd_slope_48,sig_liquidity_trap,-0.019555578688809354,0.019555578688809354
btc_ret_1,sig_volume_confirm,-0.019550942709940563,0.019550942709940563
oi_change_rate,svps,0.019532182311015747,0.019532182311015747
smart_money_flow,svps,0.019532182311015747,0.019532182311015747
close,btc_ret_12,0.019531078207536405,0.019531078207536405
cvp_regime,crowded_short_squeeze_risk,0.019525458145344333,0.019525458145344333
cvp_volume_imbalance,cvd_slope_12,0.019513122639498698,0.019513122639498698
low,sig_trend_health,0.019496782312658792,0.019496782312658792
funding_pressure,funding_flip_signal,-0.01949321837081009,0.01949321837081009
svps,oi_up_price_up,0.019490571519154048,0.019490571519154048
rsi,evt_excess_z,-0.019463240766732563,0.019463240766732563
garman_klass_vol,vwap_reclaim_flag,-0.01943700743251047,0.01943700743251047
taker_buy_base,vwap_dist_288,-0.019431495909679988,0.019431495909679988
hour_cos,funding_roc_12,0.01943112193824662,0.01943112193824662
cvp_poc_dist,vwap_reject_flag,-0.01941691470705161,0.01941691470705161
svps,funding_pressure,-0.01941117784292121,0.01941117784292121
volume,funding_oi_divergence,0.019360534643553324,0.019360534643553324
volatility_z,mtf_trend_1h,-0.01935931752681146,0.01935931752681146
funding_abs,vwap_dist_288,0.019346381343786734,0.019346381343786734
kalman_velocity,evt_tail_flag,-0.019341705440370262,0.019341705440370262
session_us,crowding_pressure,-0.01931034176625853,0.01931034176625853
eth_btc_ret_spread_48,evt_tail_flag,-0.019305938076950906,0.019305938076950906
amihud_illiquidity_z,jump_z,0.019302856314991214,0.019302856314991214
eth_btc_ret_spread_48,evt_excess_z,-0.01926864807312323,0.01926864807312323
kalman_velocity,evt_excess_z,-0.019249214888510672,0.019249214888510672
trade_intensity,mta_funding,-0.01924884697307634,0.01924884697307634
cvp_regime,vwap_reclaim_flag,-0.019248486879860475,0.019248486879860475
taker_buy_quote,cvd_12,0.019235470324172402,0.019235470324172402
volatility_z,eth_btc_ret_spread_12,-0.019225134285625636,0.019225134285625636
turtle_signal,ofi_acceleration,-0.0192157771059921,0.0192157771059921
volume,mean_reversion_z,0.019207394184002278,0.019207394184002278
ofi_acceleration,kalman_velocity,-0.019192514790721083,0.019192514790721083
sum_toptrader_long_short_ratio,anchored_vwap_session_dist,-0.019186926642131404,0.019186926642131404
chop_index,crowded_short_squeeze_risk,-0.01918159950605275,0.01918159950605275
btc_ret_z_48,btc_eth_volume_rank_spread,0.019167673476222537,0.019167673476222537
squeeze_power,bb_width,0.019162294400199106,0.019162294400199106
dual_momentum,failed_breakout_up,0.019160246871801963,0.019160246871801963
mtf_trend_4h,hurst_288,-0.019131574094689567,0.019131574094689567
trade_intensity,realized_skewness,-0.01912301000853702,0.01912301000853702
cvp_vah_val_width,compression_release_up,0.01912120599071635,0.01912120599071635
dual_momentum,sweep_prev_high_reclaim,0.019115050262777628,0.019115050262777628
high,sig_trend_health,0.019109572217789986,0.019109572217789986
cvp_volume_imbalance,jump_flag,-0.019109479314201323,0.019109479314201323
funding_flip_signal,crowded_long_unwind_risk,0.019108030784225568,0.019108030784225568
quote_volume,sig_trend_health,-0.019103331473873466,0.019103331473873466
low,btc_ret_12,0.019086457332618417,0.019086457332618417
bb_width_z,eth_btc_ret_spread_12,-0.01905157159525751,0.01905157159525751
vwap_dist_24,execution_quality,0.019049734192645957,0.019049734192645957
hurst_288,price_cvd_divergence,-0.01903453511978103,0.01903453511978103
kalman_velocity,compression_score,0.019010776433339087,0.019010776433339087
close,net_taker_ratio,-0.019007649733544227,0.019007649733544227
volume_btc,cvd_breakout_z,-0.018991677844525615,0.018991677844525615
btc_ret_6,evt_tail_flag,-0.018973780905870607,0.018973780905870607
atr_pct_rank_288,oi_up_price_up,0.018949856495205628,0.018949856495205628
cvp_regime,liquidity_vacuum,-0.018944593890037793,0.018944593890037793
btc_ret_1,btc_eth_volume_rank_spread,0.018938145623825363,0.018938145623825363
cvd_slope_12,oi_up_price_down,0.01893510867169801,0.01893510867169801
session_europe,anchored_vwap_session_dist,0.018932607681023096,0.018932607681023096
hour_cos,breakout_strength,0.018907547409269403,0.018907547409269403
btc_ret_6,evt_excess_z,-0.018907520454024017,0.018907520454024017
amihud_illiquidity_z,minute_cos,-0.01890624231296232,0.01890624231296232
garman_klass_vol,upper_wick_z,0.018896160026095045,0.018896160026095045
funding_roc_12,funding_abs,0.01883756918026033,0.01883756918026033
distance_to_day_high_low_pct,evt_tail_flag,-0.018825727011380466,0.018825727011380466
taker_buy_base,btc_ret_12,-0.01880454701019308,0.01880454701019308
mta_funding,bb_width_pct_rank_288,-0.018779531666840384,0.018779531666840384
volatility_z,cvd_288,-0.01877791477561464,0.01877791477561464
cvd_slope_12,cvd_breakout_z,-0.018775818077701144,0.018775818077701144
realized_vol_ratio,cvp_vah_val_width,-0.018773877665244937,0.018773877665244937
btc_breakout_eth_lag_dir,btc_eth_volume_rank_spread,0.018767378071564145,0.018767378071564145
bb_width_z,cvp_cluster_position,-0.018757365823769186,0.018757365823769186
hour_cos,execution_quality,-0.01872225381391747,0.01872225381391747
btc_ret_6,sig_liquidity_trap,-0.018712840663569694,0.018712840663569694
chop_index,ofti,0.018700496927624433,0.018700496927624433
distance_to_day_high_low_pct,evt_excess_z,-0.018691220343065536,0.018691220343065536
log_return,dual_momentum,0.01868120576452823,0.01868120576452823
sum_open_interest_value,net_taker_ratio,-0.01867341542650495,0.01867341542650495
hour_cos,failed_breakout_down,-0.018673340727826192,0.018673340727826192
volume_profile_signal,regime_trending,-0.01867214694208059,0.01867214694208059
dual_momentum,jump_z,0.01866039690935887,0.01866039690935887
open,sig_trend_health,0.018653686372705636,0.018653686372705636
trades,btc_ret_1,-0.01864007777048426,0.01864007777048426
trades,vwap_dist_24,-0.018630903909607054,0.018630903909607054
hour_cos,sweep_prev_low_reclaim,-0.018625046514587868,0.018625046514587868
short_squeeze_risk,funding_oi_divergence,0.01862066931728018,0.01862066931728018
cvp_volume_imbalance,hurst_48,0.018604405449686865,0.018604405449686865
realized_vol_ratio,cvd_slope_12,0.018594652345058266,0.018594652345058266
session_us,vwap_dist_288,-0.01859187203939022,0.01859187203939022
open,mtf_trend_1h,0.0185804023285072,0.0185804023285072
short_squeeze_risk,btc_breakout_eth_lag_dir,0.018578300383707412,0.018578300383707412
close,kalman_velocity,0.01856783421194147,0.01856783421194147
high,btc_ret_12,0.018559308819364656,0.018559308819364656
cvd_288,jump_z,0.018557138202696437,0.018557138202696437
btc_eth_volume_rank_spread,sig_trend_health,-0.018547983591448273,0.018547983591448273
amihud_illiquidity_z,funding_oi_divergence,-0.018542119583160606,0.018542119583160606
cvp_regime,vwap_reject_flag,-0.01853266298076193,0.01853266298076193
squeeze_power,cvd_48,-0.01852319330159545,0.01852319330159545
cvd_48,evt_tail_flag,-0.018521265650022652,0.018521265650022652
cvd_48,evt_excess_z,-0.018515932403915074,0.018515932403915074
chop_index,hour_cos,-0.01851354121122888,0.01851354121122888
cvd_288,compression_release_up,0.018493421016898277,0.018493421016898277
funding_price_divergence,bb_width_pct_rank_288,-0.018482411424003208,0.018482411424003208
trades,crowded_short_squeeze_risk,0.018471283149418774,0.018471283149418774
hour_cos,cvp_poc_dist,0.01846832566712248,0.01846832566712248
hurst_288,cvd_48,-0.018457980453322583,0.018457980453322583
hurst_288,vwap_dist_288,-0.01845035249821996,0.01845035249821996
log_return,turtle_signal,0.01844429680309244,0.01844429680309244
btc_impulse_x_eth_beta,sig_liquidity_trap,0.0184401549490631,0.0184401549490631
sum_toptrader_long_short_ratio,cvp_vah_val_width,0.018438132261041112,0.018438132261041112
whale_conviction,oi_up_price_up,-0.018435848875587208,0.018435848875587208
vwap_dist_288,lower_wick_z,-0.018420951523978317,0.018420951523978317
cvp_volume_imbalance,short_squeeze_risk,-0.018417654136781907,0.018417654136781907
long_squeeze_risk,btc_volume_impulse_z,0.018410801989499077,0.018410801989499077
log_return,cvd_288,0.018409251758323714,0.018409251758323714
net_taker_ratio,big_trade_ratio,-0.018405803157897,0.018405803157897
oi_change_rate,hour_sin,0.018398720155895495,0.018398720155895495
smart_money_flow,hour_sin,0.018398720155895495,0.018398720155895495
volume,range_contraction_breakout_dir,-0.018396850526184984,0.018396850526184984
bb_width,mta_funding,-0.018384498265060716,0.018384498265060716
whale_conviction,regime_persistence,-0.018376959440222718,0.018376959440222718
btc_ret_3,sig_liquidity_trap,0.018369785420758407,0.018369785420758407
dual_momentum,funding_oi_divergence,-0.018367134941366638,0.018367134941366638
turtle_signal,funding_oi_divergence,-0.018362744522872544,0.018362744522872544
trades,last_funding_rate,-0.018346251387914517,0.018346251387914517
quote_volume_btc,upper_wick_z,-0.018338298757176227,0.018338298757176227
trade_intensity,vwap_dist_96,0.01832454498345255,0.01832454498345255
volatility_z,dual_momentum,0.018312822829537275,0.018312822829537275
whale_retail_ratio,cvd_slope_48,-0.018309385044333642,0.018309385044333642
trade_intensity,crowded_long_unwind_risk,0.01830477145298883,0.01830477145298883
volume_btc,upper_wick_z,-0.018292861725574306,0.018292861725574306
eth_btc_ret_spread_48,vwap_reject_flag,-0.018289979459340886,0.018289979459340886
taker_buy_base,sig_liquidity_trap,0.01828264250448232,0.01828264250448232
compression_release_down,regime_persistence,-0.01826554498383751,0.01826554498383751
breakout_strength,cvd_slope_12,0.01826517581734945,0.01826517581734945
funding_abs,compression_score,0.018260526806689187,0.018260526806689187
volume_btc,crowding_pressure,-0.018220153031076283,0.018220153031076283
anchored_vwap_session_dist,vwap_reclaim_flag,0.018214816573762147,0.018214816573762147
quote_volume_btc,crowding_pressure,-0.01818743434494994,0.01818743434494994
range_contraction_breakout_dir,liquidity_vacuum,0.018187306450802854,0.018187306450802854
volatility_z,vwap_reject_flag,-0.01817093359157307,0.01817093359157307
bb_width_z,funding_price_divergence,-0.018157306155578243,0.018157306155578243
hurst_288,vwap_dist_96,-0.018151437602940895,0.018151437602940895
hour_cos,evt_tail_flag,-0.018148827724006635,0.018148827724006635
wick_ratio,atr_pct_rank_288,-0.01814771692523671,0.01814771692523671
hurst_48,ofti,-0.018146716067073063,0.018146716067073063
anchored_vwap_session_dist,jump_flag,-0.018145383451176843,0.018145383451176843
session_europe,cvd_12,-0.01813761046843568,0.01813761046843568
whale_conviction,trade_intensity,-0.01813542584531656,0.01813542584531656
btc_volume_impulse_z,crowded_short_squeeze_risk,0.018134706763393956,0.018134706763393956
mta_funding,compression_score,0.01813166648379416,0.01813166648379416
btc_ret_12,liquidity_vacuum,0.01812501797465118,0.01812501797465118
macd_hist,parkinson_vol,0.018111037286765434,0.018111037286765434
trades,btc_lead_eth_follow_gap_3,0.018099672350615867,0.018099672350615867
mtf_trend_1h,hour_cos,0.018098919554184086,0.018098919554184086
hour_cos,evt_excess_z,-0.0180846451981472,0.0180846451981472
long_squeeze_risk,btc_breakout_eth_lag_dir,0.01807152102135692,0.01807152102135692
trades,breakout_strength,-0.018051732874132996,0.018051732874132996
low,kalman_velocity,0.018048765247888326,0.018048765247888326
close,fvg_dist,0.018048067615632376,0.018048067615632376
cvp_cluster_position,funding_roc_48,0.01803903673628219,0.01803903673628219
whale_retail_ratio,realized_vol_ratio,0.017984377550988667,0.017984377550988667
taker_buy_base,squeeze_power,-0.017969822565916126,0.017969822565916126
trade_intensity,hma_slope,0.017964698720516533,0.017964698720516533
taker_buy_quote,rsi,0.017962075501760422,0.017962075501760422
garman_klass_vol,lower_wick_z,0.017953062522058274,0.017953062522058274
high,svps,0.01795232141916461,0.01795232141916461
fvg_dist,session_us,-0.017945577052215483,0.017945577052215483
big_trade_ratio,btc_ret_z_48,-0.017925912506166767,0.017925912506166767
hour_cos,btc_eth_volume_rank_spread,-0.017911011033884355,0.017911011033884355
session_europe,dual_momentum,0.017910538268305302,0.017910538268305302
quote_volume_btc,cvp_cluster_position,-0.01790386083260877,0.01790386083260877
breakout_strength,hurst_48,0.017896110318586497,0.017896110318586497
turtle_signal,jump_z,0.01788977891657881,0.01788977891657881
trade_intensity,btc_impulse_x_eth_beta,0.017885129582109766,0.017885129582109766
fibonacci_level,jump_flag,-0.01788079196323288,0.01788079196323288
cvd_288,funding_oi_divergence,-0.017876524392359722,0.017876524392359722
hurst_288,cvd_breakout_z,-0.017855969411951667,0.017855969411951667
taker_buy_quote,btc_ret_6,0.017851811079865984,0.017851811079865984
trades,eth_btc_ret_spread_48,-0.01784430706971066,0.01784430706971066
session_us,sweep_prev_low_reclaim,0.017843004894333037,0.017843004894333037
session_us,failed_breakout_down,0.01784104709053581,0.01784104709053581
regime_trending,oi_up_price_up,0.017840817031521326,0.017840817031521326
ofi_acceleration,cvd_breakout_z,-0.017833479922020348,0.017833479922020348
eth_btc_ret_spread_12,execution_quality,0.01783241589869385,0.01783241589869385
sum_open_interest_value,sweep_prev_high_reclaim,0.017830681616917338,0.017830681616917338
close,range_contraction_breakout_dir,0.017828228571508762,0.017828228571508762
bb_width_z,vwap_dist_24,-0.01778667218250336,0.01778667218250336
regime_trending,sweep_prev_high_reclaim,-0.017775289172966488,0.017775289172966488
net_taker_ratio,price_cvd_divergence,0.017771548486232417,0.017771548486232417
open,btc_ret_12,0.017756240444537982,0.017756240444537982
whale_conviction,sig_liquidity_trap,0.0177537294235583,0.0177537294235583
sum_open_interest_value,wick_ratio,-0.01775088153054263,0.01775088153054263
amihud_illiquidity_z,ofti,0.01774296786393363,0.01774296786393363
count_long_short_ratio,atr_pct_rank_288,0.01773885974034154,0.01773885974034154
regime_trending,failed_breakout_up,-0.017732953461530268,0.017732953461530268
hurst_48,anchored_vwap_session_dist,0.017729163577171175,0.017729163577171175
sum_toptrader_long_short_ratio,vwap_dist_96,-0.01771911400678099,0.01771911400678099
trades,eth_btc_ret_spread_12,-0.017708511424205205,0.017708511424205205
btc_breakout_eth_lag_dir,lower_wick_z,-0.01770847584242218,0.01770847584242218
close_btc,vwap_dist_96,0.017702210485358444,0.017702210485358444
realized_skewness,btc_breakout_eth_lag_dir,0.017691191977799062,0.017691191977799062
trade_intensity,btc_ret_3,0.017676947231227317,0.017676947231227317
breakout_strength,hurst_288,-0.017663245781956986,0.017663245781956986
rsi,ou_funding_z,-0.017661455154982846,0.017661455154982846
hurst_48,oi_up_price_down,-0.017659932471686367,0.017659932471686367
rsi,funding_z_score,-0.017656429881083374,0.017656429881083374
high,kalman_velocity,0.01765505172324103,0.01765505172324103
funding_roc_48,cvd_slope_48,-0.01764282817435435,0.01764282817435435
wick_ratio,garman_klass_vol,0.017642104117375376,0.017642104117375376
sum_open_interest_value,failed_breakout_up,0.017636756951499154,0.017636756951499154
hour_cos,price_cvd_divergence,0.017621341443931213,0.017621341443931213
volatility_z,funding_z_score,0.017612996529199017,0.017612996529199017
breakout_strength,ofi_acceleration,0.017608818203494865,0.017608818203494865
hurst_48,realized_skewness,0.01759723653168537,0.01759723653168537
quote_volume_btc,range_contraction_breakout_dir,-0.017594356440335458,0.017594356440335458
smart_money_flow,upper_wick_z,0.0175896540318786,0.0175896540318786
oi_change_rate,upper_wick_z,0.0175896540318786,0.0175896540318786
volatility_z,ou_funding_z,0.0175870044792058,0.0175870044792058
squeeze_power,cvd_12,-0.017578088927529798,0.017578088927529798
trades,volume_profile_signal,0.01756532518321334,0.01756532518321334
cvd_288,btc_eth_volume_rank_spread,-0.017560325449093202,0.017560325449093202
regime_trending,funding_abs,0.01755281921567053,0.01755281921567053
volume_profile_signal,hurst_288,0.017550320822200847,0.017550320822200847
cvp_vah_val_width,mean_reversion_z,-0.01754969682383878,0.01754969682383878
dual_momentum,btc_impulse_x_eth_beta,0.017547278154775473,0.017547278154775473
quote_volume,mta_funding,-0.017545625995244393,0.017545625995244393
whale_conviction,sig_volume_confirm,-0.01753838284634205,0.01753838284634205
volume,long_squeeze_risk,-0.01753791655605732,0.01753791655605732
compression_release_down,failed_breakout_up,-0.01753556616888016,0.01753556616888016
volume,eth_btc_ratio_change,-0.017514856117675278,0.017514856117675278
macd_hist,garman_klass_vol,0.017513331975952895,0.017513331975952895
cvd_12,execution_quality,0.017504545315728842,0.017504545315728842
cvp_poc_dist,ou_funding_z,0.017497822016290757,0.017497822016290757
taker_buy_quote,fibonacci_level,0.017489135423458504,0.017489135423458504
cvp_poc_dist,funding_z_score,0.01748011795449469,0.01748011795449469
long_squeeze_risk,vwap_dist_96,0.017461449391771088,0.017461449391771088
session_europe,failed_breakout_up,0.017459534774365397,0.017459534774365397
dual_momentum,btc_ret_3,0.01745371786897209,0.01745371786897209
quote_volume,btc_ret_1,-0.017440229193497307,0.017440229193497307
open,svps,0.017433418676268728,0.017433418676268728
session_europe,sweep_prev_high_reclaim,0.017432377874952828,0.017432377874952828
whale_retail_ratio,atr_pct_rank_288,-0.017422759624120127,0.017422759624120127
hour_cos,realized_skewness,-0.01742128597849114,0.01742128597849114
sum_toptrader_long_short_ratio,hurst_48,0.017417898047643217,0.017417898047643217
close,svps,0.017399532126542508,0.017399532126542508
cvp_poc_dist,evt_tail_flag,-0.017395147537536258,0.017395147537536258
close_btc,mtf_trend_4h,0.017349454877657197,0.017349454877657197
volume,macd_hist,-0.0172824301409398,0.0172824301409398
volume,eth_btc_ret_spread_48,-0.017281204431113483,0.017281204431113483
quote_volume,eth_btc_ratio_change,-0.017277929064458183,0.017277929064458183
cvp_poc_dist,evt_excess_z,-0.017272681495466263,0.017272681495466263
low,fvg_dist,0.017270081634887614,0.017270081634887614
btc_corr_60,cross_scale_curvature,-0.01726581725898263,0.01726581725898263
sum_open_interest_value,svps,0.017262114868275058,0.017262114868275058
breakout_strength,jump_flag,-0.01725396105861331,0.01725396105861331
whale_conviction,btc_ret_z_48,0.017218998758132747,0.017218998758132747
fvg_dist,oi_up_price_down,-0.017209362948057676,0.017209362948057676
sum_open_interest_value,ofti,-0.017204997594098877,0.017204997594098877
kalman_velocity,garch_vol_z,-0.017178294898052986,0.017178294898052986
compression_release_down,sweep_prev_high_reclaim,-0.01717554517752247,0.01717554517752247
trades,jump_z,-0.01715563862685452,0.01715563862685452
taker_buy_base,mean_reversion_z,0.0171547881296668,0.0171547881296668
parkinson_vol,vwap_reclaim_flag,-0.01712674938714326,0.01712674938714326
ofti,sweep_prev_low_reclaim,-0.017110449350351026,0.017110449350351026
last_funding_rate,realized_skewness,0.017102696601313784,0.017102696601313784
taker_buy_base,eth_btc_ret_spread_48,-0.017098608889503902,0.017098608889503902
macd_hist,crowded_long_unwind_risk,0.017095867199017695,0.017095867199017695
trade_intensity,eth_btc_ret_spread_12,0.017087730392917395,0.017087730392917395
ofti,failed_breakout_down,-0.017071214632612543,0.017071214632612543
whale_retail_ratio,wick_ratio,-0.017063250774668557,0.017063250774668557
macd_hist,rogers_satchell_vol,0.017053758319312873,0.017053758319312873
eth_btc_ratio_change,btc_volume_impulse_z,-0.01704895167035142,0.01704895167035142
bb_width_z,short_squeeze_risk,0.01704416555170814,0.01704416555170814
btc_breakout_eth_lag_dir,compression_score,0.01703739697277224,0.01703739697277224
trades,long_squeeze_risk,0.01703498525850377,0.01703498525850377
mean_reversion_z,regime_trending,-0.017019588855891846,0.017019588855891846
macd_hist,garch_vol_z,0.016975265831135105,0.016975265831135105
quote_volume,jump_z,-0.01696178140158408,0.01696178140158408
taker_acceleration,cvd_breakout_z,-0.016942556151951924,0.016942556151951924
count_long_short_ratio,jump_flag,0.01694123087159701,0.01694123087159701
trades,log_return,-0.016925342075846367,0.016925342075846367
volume_btc,eth_btc_ratio_change,-0.016919693162507864,0.016919693162507864
taker_buy_quote,mta_funding,-0.016901708365416074,0.016901708365416074
count_long_short_ratio,compression_score,-0.01689294029912796,0.01689294029912796
low,svps,0.016889197968897,0.016889197968897
mta_funding,atr_pct_rank_288,-0.016881646460195618,0.016881646460195618
vwap_dist_24,oi_up_price_down,-0.01687922033928755,0.01687922033928755
close_btc,rsi,0.01687486946862036,0.01687486946862036
high,fvg_dist,0.016860111471798778,0.016860111471798778
open,oi_up_price_down,0.016853968952711403,0.016853968952711403
cvp_poc_dist,regime_trending,0.01684521846773816,0.01684521846773816
squeeze_power,wick_ratio,-0.016834826885138574,0.016834826885138574
trade_intensity,breakout_strength,0.016832402213592747,0.016832402213592747
squeeze_power,regime_trending,0.01682419023786984,0.01682419023786984
cvp_vah_val_width,execution_quality,-0.016819649151165916,0.016819649151165916
macd_hist,price_cvd_divergence,0.016818417925130988,0.016818417925130988
trade_intensity,macd_hist,0.01681304119379069,0.01681304119379069
sum_toptrader_long_short_ratio,funding_roc_288,0.016780598386699045,0.016780598386699045
chop_index,oi_up_price_down,0.016773139454603583,0.016773139454603583
realized_vol_ratio,btc_breakout_eth_lag_dir,-0.016769061005455083,0.016769061005455083
trade_intensity,range_contraction_breakout_dir,0.016767160400211385,0.016767160400211385
trades,cvd_12,-0.016765043967750103,0.016765043967750103
trade_intensity,mtf_trend_4h,0.01676320845584793,0.01676320845584793
count_long_short_ratio,mtf_trend_1h,-0.016757937228354405,0.016757937228354405
rogers_satchell_vol,btc_ret_12,-0.01675406311251121,0.01675406311251121
quote_volume,log_return,-0.016742823876485978,0.016742823876485978
cvp_poc_dist,funding_roc_288,0.016733895228905303,0.016733895228905303
funding_roc_12,price_cvd_divergence,0.016731596175696296,0.016731596175696296
quote_volume_btc,ou_halflife,0.016731288414079257,0.016731288414079257
btc_lead_eth_follow_gap_3,atr_pct_rank_288,0.016727029615755624,0.016727029615755624
short_squeeze_risk,compression_score,-0.016722796712004585,0.016722796712004585
hurst_48,sweep_prev_low_reclaim,-0.016712575494806647,0.016712575494806647
btc_breakout_eth_lag_dir,upper_wick_z,0.016711872259948433,0.016711872259948433
dual_momentum,compression_release_up,0.016703631349742384,0.016703631349742384
open,kalman_velocity,0.016694833076067204,0.016694833076067204
btc_breakout_eth_lag_dir,garch_vol_z,-0.01668892180257889,0.01668892180257889
rogers_satchell_vol,cvp_cluster_position,-0.016688125509675755,0.016688125509675755
hurst_48,failed_breakout_down,-0.01668587097106691,0.01668587097106691
trade_intensity,btc_lead_eth_follow_gap_3,-0.016685542779386008,0.016685542779386008
mta_funding,eth_btc_ret_spread_48,0.01666544936573332,0.01666544936573332
hurst_48,crowded_long_unwind_risk,-0.016664511385424692,0.016664511385424692
sum_toptrader_long_short_ratio,jump_flag,-0.016639879244224567,0.016639879244224567
cvp_vah_val_width,compression_release_down,0.016638129093723,0.016638129093723
bb_width,cvp_poc_dist,-0.01662714674896673,0.01662714674896673
short_squeeze_risk,atr_pct_rank_288,0.016612303867257816,0.016612303867257816
eth_btc_beta_residual_z,vwap_dist_288,0.016608849407111735,0.016608849407111735
quote_volume,eth_btc_ret_spread_48,-0.016603643365298692,0.016603643365298692
trades,funding_oi_divergence,0.016589115170708806,0.016589115170708806
volatility_z,btc_breakout_eth_lag_dir,-0.016587305481978877,0.016587305481978877
cvp_vah_val_width,vwap_dist_288,0.016575745742540685,0.016575745742540685
volume,squeeze_power,-0.01657506771068856,0.01657506771068856
quote_volume_btc,realized_skewness,0.01656397188302226,0.01656397188302226
quote_volume,vwap_dist_24,-0.01656072082213324,0.01656072082213324
last_funding_rate,session_europe,0.016545856409385214,0.016545856409385214
long_squeeze_risk,price_cvd_divergence,0.016540229054737263,0.016540229054737263
compression_score,crowding_pressure,0.016537551433968754,0.016537551433968754
fvg_dist,evt_tail_flag,-0.016525460061014383,0.016525460061014383
funding_price_divergence,execution_quality,0.016523548491518283,0.016523548491518283
cvd_breakout_z,btc_ret_z_48,-0.016510627195349396,0.016510627195349396
count_long_short_ratio,evt_excess_z,0.016487056409525906,0.016487056409525906
ofi_acceleration,eth_btc_ret_spread_12,-0.016469720115385948,0.016469720115385948
kel,funding_oi_divergence,-0.016456223791301686,0.016456223791301686
quote_volume,macd_hist,-0.016438453582610434,0.016438453582610434
sum_toptrader_long_short_ratio,cvp_poc_dist,-0.01643220509173483,0.01643220509173483
kel,regime_persistence,0.016430723240673073,0.016430723240673073
bb_width_z,vwap_reject_flag,-0.016427743636447202,0.016427743636447202
count_long_short_ratio,hour_cos,0.016424690100918644,0.016424690100918644
count_long_short_ratio,evt_tail_flag,0.01642206759304403,0.01642206759304403
amihud_illiquidity_z,eth_btc_ratio_change,0.016419809494203564,0.016419809494203564
close_btc,wick_ratio,-0.01640254943755444,0.01640254943755444
fvg_dist,evt_excess_z,-0.016399569561038607,0.016399569561038607
funding_pressure,distance_to_day_high_low_pct,0.01638062212784084,0.01638062212784084
mtf_trend_1h,liquidity_vacuum,0.016378709591375024,0.016378709591375024
funding_flip_signal,crowded_short_squeeze_risk,-0.016377494355843417,0.016377494355843417
vwap_dist_288,liquidity_vacuum,-0.016362213015975582,0.016362213015975582
hour_sin,cvd_slope_48,-0.01635526404697557,0.01635526404697557
regime_trending,realized_skewness,0.016338063203245354,0.016338063203245354
price_cvd_divergence,vwap_reclaim_flag,0.016337296219363997,0.016337296219363997
taker_buy_quote,eth_btc_ret_spread_48,-0.016326122211445873,0.016326122211445873
quote_volume,funding_oi_divergence,0.016321808550098075,0.016321808550098075
low,range_contraction_breakout_dir,0.016306646245551303,0.016306646245551303
wick_ratio,sig_volume_confirm,0.01630171346589708,0.01630171346589708
short_squeeze_risk,upper_wick_z,0.01629745450415019,0.01629745450415019
close,funding_price_divergence,0.01626550930198821,0.01626550930198821
regime_persistence,liquidity_vacuum,-0.01625360735285898,0.01625360735285898
long_squeeze_risk,realized_skewness,0.01624737476387421,0.01624737476387421
macd_hist,svps,-0.016231064366330546,0.016231064366330546
quote_volume_btc,eth_btc_ratio_change,-0.016228945348161702,0.016228945348161702
last_funding_rate,wick_ratio,-0.01622613665647803,0.01622613665647803
volume_btc,btc_ret_6,-0.0162251823248467,0.0162251823248467
close,compression_release_up,0.016218814983635466,0.016218814983635466
garman_klass_vol,btc_ret_12,-0.016215730083632793,0.016215730083632793
quote_volume,btc_breakout_eth_lag_dir,-0.016214113960678022,0.016214113960678022
garman_klass_vol,cvp_cluster_position,-0.016213004125606653,0.016213004125606653
session_europe,distance_to_day_high_low_pct,0.016212507272366027,0.016212507272366027
volume,minute_cos,0.01620162250274962,0.01620162250274962
hour_cos,crowded_long_unwind_risk,-0.016199396693891074,0.016199396693891074
cvd_288,cvd_breakout_z,0.016192399290016268,0.016192399290016268
funding_roc_12,cvd_288,0.016187400000176044,0.016187400000176044
btc_ret_1,sweep_prev_low_reclaim,-0.01616581913955776,0.01616581913955776
short_squeeze_risk,jump_flag,0.016154549887823333,0.016154549887823333
realized_vol_ratio,dual_momentum,0.01615356680986221,0.01615356680986221
last_funding_rate,volatility_z,0.0161496889605573,0.0161496889605573
mta_funding,crowding_pressure,-0.016149471012675755,0.016149471012675755
high,range_contraction_breakout_dir,0.016144735590474395,0.016144735590474395
funding_z_score,price_cvd_divergence,-0.01613657381583416,0.01613657381583416
hour_sin,crowded_long_unwind_risk,0.016131471316434585,0.016131471316434585
price_cvd_divergence,ou_funding_z,-0.016130145415410288,0.016130145415410288
taker_buy_quote,sig_liquidity_trap,0.01612367613380158,0.01612367613380158
session_europe,oi_up_price_down,0.016110046936092498,0.016110046936092498
volume,cvp_cluster_position,-0.016106493992614972,0.016106493992614972
taker_acceleration,realized_vol_ratio,0.016089295854195402,0.016089295854195402
btc_ret_1,failed_breakout_down,-0.01606795551907533,0.01606795551907533
volume,anchored_vwap_session_dist,-0.016052529285046142,0.016052529285046142
long_squeeze_risk,compression_score,-0.016049894344056532,0.016049894344056532
whale_conviction,session_us,0.01604767870789985,0.01604767870789985
eth_btc_beta_residual_z,liquidity_vacuum,0.016020500399303514,0.016020500399303514
count_long_short_ratio,funding_roc_48,-0.016009051105699987,0.016009051105699987
chop_index,hour_sin,-0.015972714328832644,0.015972714328832644
net_taker_ratio,btc_eth_volume_rank_spread,0.01590686123483608,0.01590686123483608
vwap_reject_flag,crowding_pressure,-0.01590588872224167,0.01590588872224167
fvg_dist,hour_cos,0.01590516652256572,0.01590516652256572
volatility_z,vwap_reclaim_flag,-0.01584639449465141,0.01584639449465141
parkinson_vol,cvp_cluster_position,-0.015838058905541772,0.015838058905541772
whale_conviction,net_taker_ratio,0.01580934881598062,0.01580934881598062
session_europe,cvp_regime,-0.01580907889644622,0.01580907889644622
cvd_288,btc_ret_1,0.015795690782676296,0.015795690782676296
taker_acceleration,garch_vol_z,0.01579004246352692,0.01579004246352692
count_long_short_ratio,bb_width_pct_rank_288,0.015787004575647887,0.015787004575647887
is_hour_open,compression_release_down,0.015774607090429604,0.015774607090429604
quote_volume,vwap_dist_96,-0.015766484935789478,0.015766484935789478
funding_roc_12,eth_btc_ret_spread_48,0.01576507016847696,0.01576507016847696
ofti,btc_ret_6,0.015765051718389975,0.015765051718389975
ofti,sweep_prev_high_reclaim,-0.015764628841517664,0.015764628841517664
session_europe,hurst_288,0.015759495288384245,0.015759495288384245
trade_intensity,minute_sin,-0.015755199762791827,0.015755199762791827
minute_cos,atr_pct_rank_288,-0.015742189930906564,0.015742189930906564
btc_corr_60,crowded_short_squeeze_risk,0.015740549703954006,0.015740549703954006
taker_acceleration,fibonacci_level,0.015739756681098897,0.015739756681098897
bb_width_z,hurst_288,0.015735372465813493,0.015735372465813493
vwap_dist_24,evt_tail_flag,-0.015723523463298413,0.015723523463298413
whale_retail_ratio,garch_vol_z,-0.015721316911499937,0.015721316911499937
ofti,failed_breakout_up,-0.01571554427420204,0.01571554427420204
whale_conviction,ofti,0.015710811166589046,0.015710811166589046
trades,cvp_cluster_position,-0.015706107010507345,0.015706107010507345
trade_intensity,funding_roc_48,0.015694611998202795,0.015694611998202795
low,funding_price_divergence,0.015667584421189745,0.015667584421189745
open,fvg_dist,0.015656440902889746,0.015656440902889746
hour_cos,hurst_288,-0.015652347709129728,0.015652347709129728
big_trade_ratio,crowding_pressure,0.015647760571152046,0.015647760571152046
fibonacci_level,liquidity_vacuum,-0.015635578580396145,0.015635578580396145
smart_money_flow,dual_momentum,0.015625654333449177,0.015625654333449177
oi_change_rate,dual_momentum,0.015625654333449177,0.015625654333449177
hour_cos,turtle_signal,0.015622467472926496,0.015622467472926496
hour_cos,jump_flag,-0.015594685405358195,0.015594685405358195
vwap_dist_24,evt_excess_z,-0.015573854910524702,0.015573854910524702
sum_toptrader_long_short_ratio,crowded_long_unwind_risk,-0.015573022157172992,0.015573022157172992
amihud_illiquidity_z,hurst_288,-0.015566180257439338,0.015566180257439338
volume_profile_signal,funding_abs,-0.01556392908873563,0.01556392908873563
chop_index,crowded_long_unwind_risk,0.015563360645772883,0.015563360645772883
cvp_cluster_position,svps,0.01556250942086329,0.01556250942086329
long_squeeze_risk,eth_btc_beta_residual_z,-0.015556221336425764,0.015556221336425764
funding_pressure,price_cvd_divergence,0.01551392913891193,0.01551392913891193
volatility_z,sweep_prev_high_reclaim,0.015494668872374245,0.015494668872374245
volatility_z,failed_breakout_up,0.01549145630088894,0.01549145630088894
ou_funding_z,sig_trend_health,-0.01549003806441522,0.01549003806441522
session_europe,vwap_dist_288,0.015488110198686435,0.015488110198686435
funding_z_score,sig_trend_health,-0.015487498584327446,0.015487498584327446
session_europe,volume_profile_signal,-0.015474751428447562,0.015474751428447562
taker_buy_base,breakout_strength,-0.015461628781912092,0.015461628781912092
quote_volume_btc,btc_ret_6,-0.015460297214109476,0.015460297214109476
whale_retail_ratio,hurst_48,0.015458079979360616,0.015458079979360616
wick_ratio,crowded_long_unwind_risk,-0.015456852285352608,0.015456852285352608
cvp_poc_dist,vwap_reclaim_flag,0.015446313574953656,0.015446313574953656
squeeze_power,eth_btc_beta_residual_z,-0.015437229771478085,0.015437229771478085
sum_toptrader_long_short_ratio,hour_cos,0.015426232885182838,0.015426232885182838
taker_buy_base,vwap_dist_24,0.015419045996226483,0.015419045996226483
close,oi_up_price_up,0.015414815902494107,0.015414815902494107
volume,btc_ret_z_48,-0.015413578322322622,0.015413578322322622
parkinson_vol,btc_ret_12,-0.01541045943231591,0.01541045943231591
cvp_vah_val_width,ou_halflife,0.015405789612403256,0.015405789612403256
bb_width_z,mta_funding,-0.01539511378764871,0.01539511378764871
macd_hist,regime_persistence,0.015391602038780325,0.015391602038780325
btc_eth_volume_rank_spread,oi_up_price_down,0.015389445318592179,0.015389445318592179
quote_volume_btc,funding_roc_288,0.015386139500514937,0.015386139500514937
cvp_cluster_position,ou_funding_z,0.015382737566533309,0.015382737566533309
hma_slope,evt_tail_flag,-0.015374032344857607,0.015374032344857607
cvp_cluster_position,funding_z_score,0.015367371242514166,0.015367371242514166
trade_intensity,cvd_12,-0.015359213537506827,0.015359213537506827
volatility_z,kalman_velocity,-0.015354394787337354,0.015354394787337354
hurst_288,eth_btc_ret_spread_48,-0.015352381944944192,0.015352381944944192
last_funding_rate,eth_btc_ret_spread_48,-0.015326099933177635,0.015326099933177635
high,funding_price_divergence,0.015317680287125681,0.015317680287125681
btc_ret_6,jump_flag,-0.015315061511455251,0.015315061511455251
quote_volume,eth_btc_beta_residual_z,-0.01531405651559687,0.01531405651559687
trades,net_taker_ratio,-0.015304183337928235,0.015304183337928235
turtle_signal,eth_btc_beta_residual_z,-0.01530139748999003,0.01530139748999003
trades,anchored_vwap_session_dist,-0.015300059634330808,0.015300059634330808
big_trade_ratio,long_squeeze_risk,0.015297656239648951,0.015297656239648951
last_funding_rate,cvd_12,-0.01529574358753675,0.01529574358753675
hma_slope,evt_excess_z,-0.015285656429828553,0.015285656429828553
long_squeeze_risk,eth_btc_ret_spread_12,0.015280550046601173,0.015280550046601173
session_europe,atr_pct_rank_288,0.015277480128790254,0.015277480128790254
taker_buy_base,long_squeeze_risk,-0.015271453690166716,0.015271453690166716
btc_ret_12,ou_funding_z,-0.015256757137470472,0.015256757137470472
funding_z_score,btc_ret_12,-0.015244829460586981,0.015244829460586981
parkinson_vol,cvd_slope_48,0.015223375397840019,0.015223375397840019
close,crowded_long_unwind_risk,-0.01522328951112858,0.01522328951112858
hurst_288,ofti,-0.015220152574395967,0.015220152574395967
sum_toptrader_long_short_ratio,vwap_dist_288,-0.015218210729429617,0.015218210729429617
realized_skewness,liquidity_vacuum,-0.01521298968452829,0.01521298968452829
trades,eth_btc_ratio_change,-0.015209165697713106,0.015209165697713106
kalman_velocity,ofti,0.015207846413556318,0.015207846413556318
trades,range_contraction_breakout_dir,-0.015198784842701114,0.015198784842701114
funding_roc_288,eth_btc_beta_residual_z,-0.015194056872232548,0.015194056872232548
sum_toptrader_long_short_ratio,cvp_volume_imbalance,-0.015192777278503579,0.015192777278503579
last_funding_rate,eth_btc_beta_residual_z,-0.015189192200020787,0.015189192200020787
cvp_volume_imbalance,crowded_long_unwind_risk,0.015184697498328271,0.015184697498328271
regime_trending,regime_persistence,0.015184613847690409,0.015184613847690409
net_taker_ratio,btc_corr_60,0.015184156918624363,0.015184156918624363
taker_acceleration,cvp_poc_dist,0.015181676599503445,0.015181676599503445
jump_flag,sig_trend_health,-0.015170578067933241,0.015170578067933241
regime_trending,failed_breakout_down,-0.01516209446490957,0.01516209446490957
volume,volume_profile_signal,0.015160587423509536,0.015160587423509536
regime_trending,sweep_prev_low_reclaim,-0.015159646715889314,0.015159646715889314
whale_retail_ratio,funding_roc_48,0.015154207542943774,0.015154207542943774
cvd_slope_12,sig_liquidity_trap,0.015151169740437715,0.015151169740437715
turtle_signal,upper_wick_z,0.015140044261081146,0.015140044261081146
range_contraction_breakout_dir,garch_vol_z,-0.015135147093125535,0.015135147093125535
rsi,execution_quality,0.015131897440531731,0.015131897440531731
taker_buy_base,sig_trend_health,-0.015114670132222412,0.015114670132222412
bb_width,dual_momentum,-0.015108591823340956,0.015108591823340956
cvp_regime,execution_quality,-0.015087433744198912,0.015087433744198912
macd_hist,bb_width_z,0.015079413685526113,0.015079413685526113
wick_ratio,session_us,0.01503568495515687,0.01503568495515687
close_btc,anchored_vwap_session_dist,0.015020362411166797,0.015020362411166797
high,oi_up_price_down,0.015018490570895927,0.015018490570895927
volume,distance_to_day_high_low_pct,-0.015015665932169558,0.015015665932169558
short_squeeze_risk,execution_quality,-0.015013959032768878,0.015013959032768878
atr_pct_rank_288,vwap_reject_flag,-0.014995696695754136,0.014995696695754136
sum_open_interest_value,jump_flag,-0.01498477781993627,0.01498477781993627
whale_conviction,big_trade_ratio,0.014978152460835528,0.014978152460835528
volatility_z,funding_pressure,0.014958876062848037,0.014958876062848037
quote_volume_btc,crowded_short_squeeze_risk,0.014958441278541674,0.014958441278541674
volume,eth_btc_beta_residual_z,-0.014940232124474867,0.014940232124474867
low,oi_up_price_down,0.014939018546189939,0.014939018546189939
btc_corr_60,vwap_reclaim_flag,0.014937989425850201,0.014937989425850201
hma_slope,execution_quality,0.01492826457323969,0.01492826457323969
cvd_slope_12,eth_btc_ret_spread_48,-0.014899602412181663,0.014899602412181663
garman_klass_vol,cvd_slope_48,0.014898528199076886,0.014898528199076886
cvp_volume_imbalance,vwap_reclaim_flag,0.014889104966288888,0.014889104966288888
close_btc,vwap_dist_24,0.014874249782450312,0.014874249782450312
mta_funding,vwap_dist_288,0.014873229689272714,0.014873229689272714
count_long_short_ratio,cross_scale_curvature,-0.014872677661853493,0.014872677661853493
cvp_regime,cvd_288,0.01485761145180302,0.01485761145180302
cvd_slope_12,liquidity_vacuum,0.014857388709898493,0.014857388709898493
vwap_dist_288,cross_scale_curvature,-0.014852713159975488,0.014852713159975488
chop_index,sig_trend_health,0.014835850711645882,0.014835850711645882
eth_btc_beta_residual_z,btc_volume_impulse_z,-0.01481910234729814,0.01481910234729814
close_btc,jump_flag,-0.014814477999298937,0.014814477999298937
cvp_volume_imbalance,liquidity_vacuum,-0.01481162953639462,0.01481162953639462
big_trade_ratio,btc_ret_6,-0.01480739982347052,0.01480739982347052
funding_roc_48,cross_scale_curvature,0.014797911002982089,0.014797911002982089
macd_hist,btc_volume_impulse_z,-0.01479015676503189,0.01479015676503189
volume_btc,squeeze_power,0.01475194722639439,0.01475194722639439
cvd_slope_12,garch_vol_z,0.014736607643803783,0.014736607643803783
short_squeeze_risk,bb_width_pct_rank_288,0.014702554332551227,0.014702554332551227
macd_hist,bb_width,0.014681610148498685,0.014681610148498685
compression_score,range_contraction_breakout_dir,0.014678256445909218,0.014678256445909218
mta_funding,btc_volume_impulse_z,-0.014676478832234725,0.014676478832234725
hour_cos,funding_abs,0.014667975932554653,0.014667975932554653
hour_cos,bb_width_pct_rank_288,-0.014662201607583027,0.014662201607583027
vwap_dist_288,crowded_short_squeeze_risk,-0.014660734021494334,0.014660734021494334
sum_toptrader_long_short_ratio,mtf_trend_4h,-0.014658920367334082,0.014658920367334082
mtf_trend_1h,execution_quality,0.014655537772606801,0.014655537772606801
quote_volume_btc,short_squeeze_risk,0.01465388795746613,0.01465388795746613
is_hour_open,evt_tail_flag,0.014649592486526865,0.014649592486526865
sweep_prev_low_reclaim,cross_scale_curvature,0.014646204204394768,0.014646204204394768
open,whale_conviction,-0.014640262246896744,0.014640262246896744
big_trade_ratio,btc_ret_1,-0.014638915277216226,0.014638915277216226
low,whale_conviction,-0.014623223109401699,0.014623223109401699
trade_intensity,funding_price_divergence,0.014621700539356542,0.014621700539356542
last_funding_rate,cvd_48,-0.014617491732835037,0.014617491732835037
is_hour_open,evt_excess_z,0.014616727231139392,0.014616727231139392
cvp_regime,ou_halflife,-0.014606742860097036,0.014606742860097036
cvp_vah_val_width,btc_eth_volume_rank_spread,0.01459306590976421,0.01459306590976421
quote_volume,btc_ret_z_48,-0.014590002656530106,0.014590002656530106
sweep_prev_low_reclaim,jump_z,-0.014587396948821513,0.014587396948821513
bb_width,funding_price_divergence,-0.014582546576091343,0.014582546576091343
session_europe,ou_halflife,-0.014580606023801049,0.014580606023801049
close,whale_conviction,-0.014566314110198377,0.014566314110198377
volume_btc,crowded_short_squeeze_risk,0.014556003146440578,0.014556003146440578
realized_vol_ratio,mtf_trend_1h,-0.014550077684033486,0.014550077684033486
cvd_breakout_z,evt_excess_z,-0.014542814969094283,0.014542814969094283
high,whale_conviction,-0.014536502815945795,0.014536502815945795
amihud_illiquidity_z,realized_skewness,-0.014531489021285371,0.014531489021285371
failed_breakout_down,cross_scale_curvature,0.014531249945186044,0.014531249945186044
volume,regime_persistence,-0.01452987541227907,0.01452987541227907
ofti,cvd_slope_48,0.014526299420285424,0.014526299420285424
cvd_slope_12,price_cvd_divergence,-0.01452172348650002,0.01452172348650002
bb_width_z,crowding_pressure,-0.01451475921321878,0.01451475921321878
cvd_breakout_z,evt_tail_flag,-0.014507646283472451,0.014507646283472451
atr_pct_rank_288,vwap_reclaim_flag,-0.014489352597140027,0.014489352597140027
big_trade_ratio,minute_cos,0.014482066183517675,0.014482066183517675
big_trade_ratio,btc_impulse_x_eth_beta,-0.014479008713358396,0.014479008713358396
taker_buy_quote,funding_roc_288,0.014472250718639616,0.014472250718639616
vwap_reclaim_flag,failed_breakout_up,-0.014467041246753787,0.014467041246753787
failed_breakout_down,jump_z,-0.014466457105669779,0.014466457105669779
eth_btc_ret_spread_12,bb_width_pct_rank_288,-0.014431671011365612,0.014431671011365612
btc_ret_12,crowded_long_unwind_risk,-0.014425152572654172,0.014425152572654172
taker_buy_base,minute_cos,0.014416971101713319,0.014416971101713319
close_btc,sweep_prev_high_reclaim,0.01439058821601558,0.01439058821601558
wick_ratio,long_squeeze_risk,-0.014390043856807784,0.014390043856807784
vwap_reclaim_flag,sweep_prev_high_reclaim,-0.014389225319382228,0.014389225319382228
mtf_trend_1h,ou_funding_z,-0.014386392864167388,0.014386392864167388
mtf_trend_1h,funding_z_score,-0.014385529427022486,0.014385529427022486
taker_acceleration,sig_trend_health,-0.014383719735114358,0.014383719735114358
volume_btc,funding_roc_288,0.014380098312203693,0.014380098312203693
big_trade_ratio,btc_ret_3,-0.01434187203266682,0.01434187203266682
rogers_satchell_vol,funding_price_divergence,-0.014339750254583132,0.014339750254583132
open,funding_price_divergence,0.01433425864409645,0.01433425864409645
chop_index,cvd_slope_12,-0.014325068214075155,0.014325068214075155
big_trade_ratio,dual_momentum,0.014325067010887803,0.014325067010887803
funding_price_divergence,evt_tail_flag,-0.014322258149615148,0.014322258149615148
anchored_vwap_session_dist,liquidity_vacuum,-0.014314981558338706,0.014314981558338706
quote_volume,funding_roc_288,0.014295138511981591,0.014295138511981591
volume_profile_signal,funding_flip_signal,-0.014290969215272446,0.014290969215272446
rogers_satchell_vol,cvd_slope_48,0.014277774314115893,0.014277774314115893
cvp_poc_dist,mta_funding,0.014275265802647414,0.014275265802647414
funding_price_divergence,evt_excess_z,-0.014272760655157602,0.014272760655157602
count_long_short_ratio,eth_btc_beta_residual_z,0.01427033002324528,0.01427033002324528
distance_to_day_high_low_pct,oi_up_price_down,-0.01427009300905572,0.01427009300905572
volume,net_taker_ratio,-0.014262442688372123,0.014262442688372123
hurst_48,crowded_short_squeeze_risk,0.014259975609772352,0.014259975609772352
short_squeeze_risk,btc_volume_impulse_z,0.014253740351610098,0.014253740351610098
close_btc,failed_breakout_up,0.014243037289006921,0.014243037289006921
close_btc,funding_roc_48,0.014242729086838395,0.014242729086838395
big_trade_ratio,btc_lead_eth_follow_gap_3,0.014241684566661625,0.014241684566661625
sum_toptrader_long_short_ratio,net_taker_ratio,-0.014235906341790117,0.014235906341790117
funding_abs,eth_btc_ret_spread_48,-0.014225033461970328,0.014225033461970328
funding_pressure,jump_flag,-0.014224071150658579,0.014224071150658579
whale_conviction,crowded_long_unwind_risk,-0.014220936007214548,0.014220936007214548
mta_funding,cvd_12,0.014216983497834932,0.014216983497834932
dual_momentum,crowded_short_squeeze_risk,-0.014185243197255238,0.014185243197255238
short_squeeze_risk,lower_wick_z,-0.014169043763053854,0.014169043763053854
cvd_slope_48,oi_up_price_down,0.014168169465016074,0.014168169465016074
volatility_z,macd_hist,0.014160954360091134,0.014160954360091134
open,range_contraction_breakout_dir,0.014156657409065633,0.014156657409065633
cvd_breakout_z,vwap_reject_flag,-0.014147502626267685,0.014147502626267685
bb_width,eth_btc_ret_spread_12,-0.014142229114230655,0.014142229114230655
session_us,sig_trend_health,-0.014138580011320671,0.014138580011320671
kel,vwap_dist_288,0.01413728083598631,0.01413728083598631
session_us,regime_trending,0.014133294894908268,0.014133294894908268
fvg_dist,hurst_288,-0.01411857598137311,0.01411857598137311
hour_cos,kalman_velocity,0.014108871887708874,0.014108871887708874
cvp_poc_dist,cvp_regime,0.01410812882477442,0.01410812882477442
mtf_trend_1h,session_us,-0.01407886577698986,0.01407886577698986
wick_ratio,hour_cos,-0.014075651404717313,0.014075651404717313
rogers_satchell_vol,eth_btc_ret_spread_12,-0.014071474431790947,0.014071474431790947
log_return,sweep_prev_low_reclaim,-0.014067498184418567,0.014067498184418567
high,crowded_long_unwind_risk,-0.014066554952966319,0.014066554952966319
eth_btc_ret_spread_48,btc_breakout_eth_lag_dir,-0.014059857015091177,0.014059857015091177
btc_impulse_x_eth_beta,atr_pct_rank_288,-0.014055109959132246,0.014055109959132246
btc_eth_volume_rank_spread,funding_oi_divergence,-0.014049537308198651,0.014049537308198651
low,crowded_long_unwind_risk,-0.014047616253797548,0.014047616253797548
sum_open_interest_value,mtf_trend_1h,0.014038116381486701,0.014038116381486701
trade_intensity,log_return,0.014030717419604254,0.014030717419604254
btc_ret_z_48,garch_vol_z,0.014013444689242404,0.014013444689242404
big_trade_ratio,log_return,-0.014013196621770582,0.014013196621770582
taker_acceleration,vwap_dist_96,0.014010702618349882,0.014010702618349882
big_trade_ratio,funding_abs,-0.013979969827563969,0.013979969827563969
btc_ret_3,atr_pct_rank_288,-0.01396274114975089,0.01396274114975089
quote_volume,fibonacci_level,0.013960726844211666,0.013960726844211666
volatility_z,minute_cos,-0.013954036650800208,0.013954036650800208
session_europe,ofti,-0.013943148074809727,0.013943148074809727
cvp_vah_val_width,long_squeeze_risk,0.013941895720266717,0.013941895720266717
log_return,failed_breakout_down,-0.01394044259527064,0.01394044259527064
quote_volume,minute_cos,0.01393917870655759,0.01393917870655759
bb_width_z,vwap_reclaim_flag,-0.013919177212843107,0.013919177212843107
hour_cos,lower_wick_z,-0.013918143592724025,0.013918143592724025
log_return,btc_eth_volume_rank_spread,0.013904934997189351,0.013904934997189351
amihud_illiquidity_z,crowded_short_squeeze_risk,-0.013901293556109712,0.013901293556109712
mean_reversion_z,funding_flip_signal,-0.013883896026269747,0.013883896026269747
btc_corr_60,failed_breakout_up,-0.01387821621740074,0.01387821621740074
volume,whale_retail_ratio,0.013871527348722816,0.013871527348722816
btc_corr_60,sweep_prev_high_reclaim,-0.013868028245173416,0.013868028245173416
net_taker_ratio,amihud_illiquidity_z,0.013856526992663272,0.013856526992663272
high,oi_up_price_up,0.01385500629407282,0.01385500629407282
realized_vol_ratio,crowding_pressure,-0.013853751900652706,0.013853751900652706
session_us,hurst_48,0.013820850200797204,0.013820850200797204
whale_retail_ratio,mtf_trend_1h,0.013814589873081198,0.013814589873081198
big_trade_ratio,jump_z,-0.013814368010327805,0.013814368010327805
cvp_poc_dist,long_squeeze_risk,0.013811371197583936,0.013811371197583936
hurst_288,regime_persistence,-0.013808128263858497,0.013808128263858497
amihud_illiquidity_z,range_contraction_breakout_dir,0.013805969153343613,0.013805969153343613
btc_corr_60,cvp_regime,-0.013788293773596284,0.013788293773596284
taker_acceleration,btc_eth_volume_rank_spread,0.01378451679013074,0.01378451679013074
taker_buy_quote,btc_corr_60,0.01376697132940645,0.01376697132940645
regime_trending,ofti,-0.013755997716292117,0.013755997716292117
amihud_illiquidity_z,btc_lead_eth_follow_gap_3,-0.013739719295600326,0.013739719295600326
turtle_signal,btc_ret_1,0.013737714698804667,0.013737714698804667
wick_ratio,oi_up_price_up,-0.013709344512835842,0.013709344512835842
garman_klass_vol,funding_price_divergence,-0.013698864038960186,0.013698864038960186
btc_ret_6,execution_quality,0.013695447954321436,0.013695447954321436
taker_buy_base,btc_ret_6,0.013686785803463544,0.013686785803463544
ofti,oi_up_price_up,-0.013664776856301516,0.013664776856301516
cvd_288,eth_btc_beta_residual_z,-0.013662876885436903,0.013662876885436903
last_funding_rate,rogers_satchell_vol,-0.013636690007049732,0.013636690007049732
cvp_cluster_position,cvp_regime,0.013613314220987178,0.013613314220987178
btc_ret_6,garch_vol_z,-0.013602872189232498,0.013602872189232498
close_btc,mta_funding,-0.013598890468735018,0.013598890468735018
low,oi_up_price_up,0.013587295287246911,0.013587295287246911
funding_z_score,eth_btc_beta_residual_z,-0.01358431395704361,0.01358431395704361
eth_btc_beta_residual_z,ou_funding_z,-0.013576694394261905,0.013576694394261905
trades,minute_cos,0.013573326736473969,0.013573326736473969
volatility_z,wick_ratio,-0.013570780330704699,0.013570780330704699
hurst_288,compression_release_up,-0.01356703496229071,0.01356703496229071
trade_intensity,funding_oi_divergence,-0.01356686284350098,0.01356686284350098
hurst_48,cvd_48,-0.013564558963069014,0.013564558963069014
session_us,vwap_dist_24,-0.013507991573389016,0.013507991573389016
low,compression_release_up,0.013487542403703796,0.013487542403703796
realized_vol_ratio,eth_btc_ret_spread_12,-0.013478378276256836,0.013478378276256836
whale_retail_ratio,big_trade_ratio,0.013465368546481112,0.013465368546481112
volume_btc,eth_btc_beta_residual_z,-0.01346333635172669,0.01346333635172669
funding_abs,atr_pct_rank_288,-0.013461491209191481,0.013461491209191481
sweep_prev_high_reclaim,cross_scale_curvature,-0.013450529082061447,0.013450529082061447
failed_breakout_up,cross_scale_curvature,-0.01344738892212463,0.01344738892212463
funding_abs,execution_quality,0.01342744306398187,0.01342744306398187
whale_conviction,fibonacci_level,-0.013412220665978363,0.013412220665978363
wick_ratio,is_hour_open,-0.013410640124078888,0.013410640124078888
trade_intensity,jump_z,0.013408617830662566,0.013408617830662566
sum_toptrader_long_short_ratio,whale_conviction,-0.01340292756140546,0.01340292756140546
short_squeeze_risk,svps,0.013400896073272882,0.013400896073272882
garman_klass_vol,eth_btc_ret_spread_12,-0.013379353068988036,0.013379353068988036
cvp_vah_val_width,crowding_pressure,0.013370972962937532,0.013370972962937532
eth_btc_ratio_change,dual_momentum,0.0133644877135244,0.0133644877135244
cvd_12,evt_tail_flag,-0.013355634586370038,0.013355634586370038
volatility_z,mta_funding,-0.013353622398128696,0.013353622398128696
bb_width_z,mtf_trend_1h,-0.013318542189120194,0.013318542189120194
realized_skewness,upper_wick_z,0.013313373764297778,0.013313373764297778
trade_intensity,turtle_signal,0.013310281062362204,0.013310281062362204
cvd_12,evt_excess_z,-0.013305552127867656,0.013305552127867656
trade_intensity,btc_ret_1,0.013297300733501206,0.013297300733501206
sum_open_interest_value,funding_roc_288,0.013295985613744234,0.013295985613744234
amihud_illiquidity_z,eth_btc_beta_residual_z,0.013292558770067858,0.013292558770067858
realized_skewness,cvd_slope_12,-0.01328831013687101,0.01328831013687101
sum_open_interest_value,sig_trend_health,0.013268385789078302,0.013268385789078302
long_squeeze_risk,sig_trend_health,0.013264056647618892,0.013264056647618892
wick_ratio,short_squeeze_risk,0.013258267014820269,0.013258267014820269
whale_retail_ratio,compression_release_up,0.01325241582859412,0.01325241582859412
high,compression_release_up,0.013251791509808413,0.013251791509808413
count_long_short_ratio,eth_btc_ret_spread_12,-0.013246642546048815,0.013246642546048815
hurst_288,sweep_prev_high_reclaim,0.013218547593272194,0.013218547593272194
vwap_dist_288,funding_flip_signal,0.013214803293818245,0.013214803293818245
sum_open_interest_value,kalman_velocity,0.01321320724855135,0.01321320724855135
whale_conviction,cvd_288,0.013206553431510993,0.013206553431510993
funding_roc_288,atr_pct_rank_288,0.013203894546768792,0.013203894546768792
hurst_288,failed_breakout_up,0.013178817805804167,0.013178817805804167
trades,btc_ret_z_48,-0.013177570033147295,0.013177570033147295
sum_toptrader_long_short_ratio,turtle_signal,-0.013174468735458132,0.013174468735458132
close,oi_up_price_down,0.013172092188710561,0.013172092188710561
funding_roc_288,svps,0.013171330076958197,0.013171330076958197
hurst_48,distance_to_day_high_low_pct,0.013171069808872515,0.013171069808872515
kel,svps,0.013166172577373328,0.013166172577373328
sum_open_interest_value,oi_up_price_down,0.013126880010918843,0.013126880010918843
realized_vol_ratio,cvd_slope_48,0.01311828806945431,0.01311828806945431
trades,macd_hist,-0.013115952959430134,0.013115952959430134
mta_funding,liquidity_vacuum,0.013110373761123267,0.013110373761123267
whale_retail_ratio,eth_btc_beta_residual_z,-0.013105670739722346,0.013105670739722346
kalman_velocity,jump_flag,-0.013104946654896744,0.013104946654896744
whale_retail_ratio,evt_excess_z,-0.013104620058096105,0.013104620058096105
squeeze_power,eth_btc_ret_spread_48,-0.013095768797756386,0.013095768797756386
btc_eth_volume_rank_spread,crowded_short_squeeze_risk,-0.013089479594988266,0.013089479594988266
rsi,jump_flag,-0.013083171691936535,0.013083171691936535
short_squeeze_risk,cvd_48,0.013073437064451562,0.013073437064451562
funding_z_score,kalman_velocity,-0.01307305905684259,0.01307305905684259
realized_vol_ratio,btc_ret_z_48,0.013071816643472456,0.013071816643472456
kalman_velocity,ou_funding_z,-0.013061656163247271,0.013061656163247271
big_trade_ratio,funding_oi_divergence,0.013054990063545798,0.013054990063545798
last_funding_rate,realized_vol_ratio,0.013043016892574994,0.013043016892574994
count_long_short_ratio,cvp_vah_val_width,-0.013039470533742334,0.013039470533742334
taker_buy_base,volume_profile_signal,0.013023759821556073,0.013023759821556073
btc_eth_volume_rank_spread,jump_z,0.013009430061712625,0.013009430061712625
funding_z_score,range_contraction_breakout_dir,-0.012998545228042939,0.012998545228042939
range_contraction_breakout_dir,ou_funding_z,-0.012995105315488765,0.012995105315488765
whale_retail_ratio,evt_tail_flag,-0.012994059374111303,0.012994059374111303
trades,eth_btc_beta_residual_z,-0.012983253039111636,0.012983253039111636
whale_conviction,cvd_slope_12,0.012973479158533226,0.012973479158533226
btc_corr_60,funding_roc_48,-0.012972037295964264,0.012972037295964264
btc_corr_60,eth_btc_ret_spread_12,-0.012951866758596112,0.012951866758596112
hurst_288,liquidity_vacuum,-0.01289401235137188,0.01289401235137188
long_squeeze_risk,cvd_slope_48,0.012891192078336321,0.012891192078336321
cvd_48,crowded_long_unwind_risk,0.012877124972194348,0.012877124972194348
ofti,cvd_288,0.012873029261437456,0.012873029261437456
open,crowded_long_unwind_risk,-0.012869358437677718,0.012869358437677718
funding_oi_divergence,sweep_prev_low_reclaim,0.012846263459142254,0.012846263459142254
whale_retail_ratio,compression_score,0.012821272696260851,0.012821272696260851
volatility_z,btc_ret_6,-0.012819077027186236,0.012819077027186236
count_long_short_ratio,session_europe,-0.01280210704619944,0.01280210704619944
taker_buy_quote,btc_breakout_eth_lag_dir,0.012785243162303464,0.012785243162303464
parkinson_vol,sweep_prev_high_reclaim,0.012780866141381093,0.012780866141381093
breakout_strength,funding_flip_signal,0.012776379822223715,0.012776379822223715
regime_trending,oi_up_price_down,-0.012762598902863326,0.012762598902863326
bb_width,cvp_cluster_position,-0.012756070342105156,0.012756070342105156
cvd_12,oi_up_price_down,0.012750639079157872,0.012750639079157872
eth_btc_ret_spread_48,jump_flag,-0.01274709110346436,0.01274709110346436
eth_btc_ret_spread_12,evt_tail_flag,-0.012738822184686376,0.012738822184686376
bb_width_z,crowded_short_squeeze_risk,0.012720836333557573,0.012720836333557573
funding_oi_divergence,failed_breakout_down,0.012703669761494925,0.012703669761494925
parkinson_vol,failed_breakout_up,0.012702898086624649,0.012702898086624649
chop_index,session_europe,0.01268985061638364,0.01268985061638364
breakout_strength,liquidity_vacuum,-0.01268890159309879,0.01268890159309879
session_europe,vwap_dist_24,-0.012676135994686139,0.012676135994686139
cvp_volume_imbalance,regime_trending,0.012646347095193555,0.012646347095193555
amihud_illiquidity_z,short_squeeze_risk,-0.012637574501168938,0.012637574501168938
eth_btc_ret_spread_12,evt_excess_z,-0.012633353037526147,0.012633353037526147
mtf_trend_4h,crowded_long_unwind_risk,-0.012616821976092466,0.012616821976092466
bb_width_pct_rank_288,oi_up_price_down,0.012608182226476201,0.012608182226476201
hma_slope,compression_score,0.012600390295683907,0.012600390295683907
btc_volume_impulse_z,btc_impulse_x_eth_beta,-0.012596486360638036,0.012596486360638036
volume,ou_halflife,0.012593976214609018,0.012593976214609018
big_trade_ratio,eth_btc_ratio_change,-0.012567430216909068,0.012567430216909068
big_trade_ratio,vwap_reject_flag,0.0125652006919522,0.0125652006919522
trade_intensity,distance_to_day_high_low_pct,0.012560175210798444,0.012560175210798444
close,btc_ret_6,0.01255040420623522,0.01255040420623522
bb_width_pct_rank_288,crowded_short_squeeze_risk,0.012546442488199527,0.012546442488199527
cvd_slope_48,liquidity_vacuum,0.012546425358448837,0.012546425358448837
regime_trending,crowded_long_unwind_risk,-0.012545571087360907,0.012545571087360907
btc_corr_60,ou_funding_z,-0.01254505694074379,0.01254505694074379
turtle_signal,oi_up_price_up,0.012542484114629148,0.012542484114629148
fibonacci_level,funding_flip_signal,0.012540313677635789,0.012540313677635789
parkinson_vol,funding_price_divergence,-0.012536682640927973,0.012536682640927973
atr_pct_rank_288,sweep_prev_high_reclaim,0.012526590997254075,0.012526590997254075
distance_to_day_high_low_pct,jump_flag,-0.012521962043774272,0.012521962043774272
atr_pct_rank_288,failed_breakout_up,0.012521436208819575,0.012521436208819575
btc_corr_60,funding_z_score,-0.012517837952359735,0.012517837952359735
taker_buy_quote,crowding_pressure,0.012497066557720786,0.012497066557720786
taker_buy_quote,minute_cos,0.012496914509559143,0.012496914509559143
quote_volume_btc,eth_btc_beta_residual_z,-0.012490506680059186,0.012490506680059186
squeeze_power,hour_cos,-0.012490322069714267,0.012490322069714267
session_us,cvd_slope_48,0.012466400024359513,0.012466400024359513
volatility_z,crowded_long_unwind_risk,0.012458433515472093,0.012458433515472093
distance_to_day_high_low_pct,liquidity_vacuum,-0.012441372285893714,0.012441372285893714
btc_ret_3,btc_volume_impulse_z,-0.012434790890283768,0.012434790890283768
funding_roc_288,cvd_12,0.01243049406013391,0.01243049406013391
short_squeeze_risk,sig_liquidity_trap,-0.01242866235822362,0.01242866235822362
cvd_288,cvd_slope_12,-0.012426486973645222,0.012426486973645222
hour_cos,upper_wick_z,-0.012421778824236056,0.012421778824236056
cvd_slope_12,anchored_vwap_session_dist,0.012388175532430105,0.012388175532430105
price_cvd_divergence,crowded_long_unwind_risk,-0.012375686458150936,0.012375686458150936
amihud_illiquidity_z,cross_scale_curvature,-0.012357819421757895,0.012357819421757895
fvg_dist,btc_eth_volume_rank_spread,-0.012356661752003114,0.012356661752003114
whale_conviction,chop_index,-0.012355710479793745,0.012355710479793745
realized_vol_ratio,funding_roc_288,0.012350111742532068,0.012350111742532068
dual_momentum,compression_release_down,-0.012345354294751539,0.012345354294751539
volume_btc,macd_hist,-0.012323037132310723,0.012323037132310723
trade_intensity,btc_ret_z_48,0.012317118131160175,0.012317118131160175
big_trade_ratio,btc_ret_12,-0.01230432618793339,0.01230432618793339
ofti,cvd_12,0.012300573086022502,0.012300573086022502
rsi,hurst_288,-0.01228732388259722,0.01228732388259722
trades,regime_persistence,-0.01227238030565732,0.01227238030565732
rogers_satchell_vol,failed_breakout_up,0.012269220009628757,0.012269220009628757
macd_hist,hour_sin,-0.012261567060349483,0.012261567060349483
quote_volume,range_contraction_breakout_dir,-0.012260472304644606,0.012260472304644606
sig_volume_confirm,sig_liquidity_trap,-0.012251317299122063,0.012251317299122063
cvp_vah_val_width,volume_profile_signal,-0.012250325897363284,0.012250325897363284
whale_conviction,crowded_short_squeeze_risk,-0.012245106421368857,0.012245106421368857
whale_conviction,upper_wick_z,0.01224335066944082,0.01224335066944082
cvp_cluster_position,funding_roc_12,0.012242507824508107,0.012242507824508107
rogers_satchell_vol,sweep_prev_high_reclaim,0.01223771443694645,0.01223771443694645
session_europe,funding_pressure,0.012234905947441595,0.012234905947441595
cvp_volume_imbalance,mta_funding,0.012232426233381003,0.012232426233381003
close,hma_slope,0.012230977637622648,0.012230977637622648
garman_klass_vol,sweep_prev_high_reclaim,0.012224930559556115,0.012224930559556115
garman_klass_vol,failed_breakout_up,0.012193818162349084,0.012193818162349084
close_btc,net_taker_ratio,-0.012192926559187453,0.012192926559187453
net_taker_ratio,hour_sin,-0.012192528144356564,0.012192528144356564
big_trade_ratio,cross_scale_curvature,0.012187280668312369,0.012187280668312369
taker_buy_quote,price_cvd_divergence,-0.012185070577378608,0.012185070577378608
cvp_volume_imbalance,funding_pressure,0.012183663067502801,0.012183663067502801
realized_skewness,funding_flip_signal,0.01217492314390321,0.01217492314390321
funding_roc_48,vwap_dist_24,-0.012147930330170961,0.012147930330170961
whale_conviction,btc_volume_impulse_z,0.012114013969572578,0.012114013969572578
hour_cos,oi_up_price_down,-0.012105975397424395,0.012105975397424395
net_taker_ratio,garch_vol_z,0.01210084403599626,0.01210084403599626
sum_open_interest_value,cvp_cluster_position,0.012099359579463708,0.012099359579463708
eth_btc_ratio_change,cvd_288,0.012090263376490981,0.012090263376490981
quote_volume_btc,mta_funding,-0.012087052001496526,0.012087052001496526
parkinson_vol,eth_btc_ret_spread_12,-0.01208577257615159,0.01208577257615159
bb_width_z,range_contraction_breakout_dir,-0.0120853827810527,0.0120853827810527
trade_intensity,fvg_dist,0.012072666639669802,0.012072666639669802
session_us,funding_roc_48,-0.012067378848381154,0.012067378848381154
whale_retail_ratio,bb_width_pct_rank_288,-0.012046920019260892,0.012046920019260892
breakout_strength,regime_trending,0.012041265738275183,0.012041265738275183
log_return,btc_volume_impulse_z,-0.01203573664931669,0.01203573664931669
cvd_slope_12,bb_width_pct_rank_288,0.012025932550723185,0.012025932550723185
btc_volume_impulse_z,jump_z,-0.012001088427190958,0.012001088427190958
cvp_cluster_position,funding_pressure,0.011996128778238137,0.011996128778238137
mtf_trend_1h,evt_tail_flag,-0.011991268191542396,0.011991268191542396
funding_z_score,ou_halflife,-0.011981475426953376,0.011981475426953376
svps,crowded_long_unwind_risk,0.011980884684837032,0.011980884684837032
fvg_dist,funding_pressure,0.011977549786931403,0.011977549786931403
squeeze_power,big_trade_ratio,0.0119620205865044,0.0119620205865044
ou_funding_z,cross_scale_curvature,0.011959522583832698,0.011959522583832698
sweep_prev_low_reclaim,evt_excess_z,0.011957896849333231,0.011957896849333231
funding_pressure,btc_breakout_eth_lag_dir,0.011952862449428659,0.011952862449428659
funding_z_score,cross_scale_curvature,0.011948920977824441,0.011948920977824441
sweep_prev_low_reclaim,evt_tail_flag,0.011944486066572661,0.011944486066572661
net_taker_ratio,regime_persistence,-0.011943455929307543,0.011943455929307543
whale_retail_ratio,btc_volume_impulse_z,-0.011938613036573212,0.011938613036573212
macd_hist,liquidity_vacuum,0.01193745855970428,0.01193745855970428
macd_hist,funding_z_score,-0.011933024383176914,0.011933024383176914
high,volume_btc,0.011924233822290457,0.011924233822290457
macd_hist,ou_funding_z,-0.011923281712453052,0.011923281712453052
cvp_volume_imbalance,funding_flip_signal,0.011921302008410952,0.011921302008410952
realized_skewness,ou_halflife,-0.011899895460692185,0.011899895460692185
ou_funding_z,ou_halflife,-0.011884613490869654,0.011884613490869654
ofti,cvd_slope_12,0.011878150033370529,0.011878150033370529
sum_toptrader_long_short_ratio,session_europe,-0.011867619032607407,0.011867619032607407
volatility_z,cvd_slope_12,0.011859021139744174,0.011859021139744174
bb_width_z,cvd_slope_12,0.011858767140870438,0.011858767140870438
btc_lead_eth_follow_gap_3,crowded_long_unwind_risk,0.011857548198884939,0.011857548198884939
cvd_breakout_z,jump_flag,-0.011847790915066587,0.011847790915066587
mtf_trend_1h,evt_excess_z,-0.011842635136113755,0.011842635136113755
fibonacci_level,vwap_reject_flag,-0.011836773315239751,0.011836773315239751
trades,funding_roc_288,0.011833542517663895,0.011833542517663895
big_trade_ratio,eth_btc_beta_residual_z,-0.011821564649701547,0.011821564649701547
taker_buy_base,sig_volume_confirm,-0.011817729952538845,0.011817729952538845
whale_conviction,log_return,0.011813187373662609,0.011813187373662609
taker_acceleration,bb_width_z,0.01180457584903861,0.01180457584903861
quote_volume,cvd_breakout_z,-0.011803239590637667,0.011803239590637667
fvg_dist,svps,0.011790611741517954,0.011790611741517954
dual_momentum,ou_halflife,0.011784878459686211,0.011784878459686211
session_europe,vwap_reject_flag,0.011784046048339821,0.011784046048339821
parkinson_vol,btc_eth_volume_rank_spread,-0.011783929232065352,0.011783929232065352
hour_cos,sig_trend_health,0.011779192377969523,0.011779192377969523
volume,sum_toptrader_long_short_ratio,0.011772721715491895,0.011772721715491895
ofi_acceleration,btc_eth_volume_rank_spread,0.011769085301727333,0.011769085301727333
cvd_288,cvd_slope_48,-0.011767503822670083,0.011767503822670083
close_btc,mtf_trend_1h,0.011766382068422392,0.011766382068422392
mean_reversion_z,vwap_reject_flag,0.01174763440749103,0.01174763440749103
taker_buy_base,cvp_volume_imbalance,-0.011736072301438583,0.011736072301438583
last_funding_rate,jump_flag,-0.01172556325448571,0.01172556325448571
vwap_dist_24,liquidity_vacuum,0.011725521949497851,0.011725521949497851
turtle_signal,lower_wick_z,-0.011722906252221423,0.011722906252221423
realized_vol_ratio,realized_skewness,-0.011717662314261613,0.011717662314261613
btc_corr_60,cvd_breakout_z,0.011716636882693744,0.011716636882693744
low,btc_ret_6,0.011701800318725896,0.011701800318725896
last_funding_rate,garman_klass_vol,-0.011698614069935583,0.011698614069935583
btc_ret_6,crowded_long_unwind_risk,-0.011690753106773564,0.011690753106773564
open,oi_up_price_up,0.011675427563591554,0.011675427563591554
low,hma_slope,0.011674074620010147,0.011674074620010147
whale_retail_ratio,cross_scale_curvature,0.011669550157028155,0.011669550157028155
is_hour_open,oi_up_price_up,-0.01164252523342098,0.01164252523342098
amihud_illiquidity_z,btc_impulse_x_eth_beta,0.011631572040076496,0.011631572040076496
volume_btc,whale_conviction,0.011627827513302854,0.011627827513302854
funding_flip_signal,regime_persistence,0.011624555655616141,0.011624555655616141
cvp_regime,hurst_48,0.011614453173345392,0.011614453173345392
hour_cos,ofti,0.011610914437673323,0.011610914437673323
cvp_cluster_position,btc_eth_volume_rank_spread,-0.01159672756352429,0.01159672756352429
kel,sig_liquidity_trap,-0.011594991675781851,0.011594991675781851
taker_buy_base,mtf_trend_4h,-0.011574479007906433,0.011574479007906433
hour_sin,lower_wick_z,-0.011565466184031589,0.011565466184031589
squeeze_power,atr_pct_rank_288,0.011555609345325495,0.011555609345325495
volatility_z,cvd_slope_48,0.011554179145176072,0.011554179145176072
mtf_trend_4h,funding_roc_48,0.011540044620863723,0.011540044620863723
whale_conviction,mean_reversion_z,0.011522747287156214,0.011522747287156214
hurst_288,cvd_288,-0.011514300341080287,0.011514300341080287
last_funding_rate,eth_btc_ret_spread_12,-0.011511537689179074,0.011511537689179074
btc_volume_impulse_z,crowded_long_unwind_risk,-0.011507418620345052,0.011507418620345052
ofti,price_cvd_divergence,-0.011492078730657081,0.011492078730657081
funding_roc_288,vwap_dist_24,-0.011487973259071065,0.011487973259071065
is_hour_open,jump_flag,0.011477160279789815,0.011477160279789815
parkinson_vol,funding_roc_288,0.011472456509978584,0.011472456509978584
close_btc,range_contraction_breakout_dir,0.011470119267529633,0.011470119267529633
parkinson_vol,mta_funding,-0.011467396611430642,0.011467396611430642
amihud_illiquidity_z,mean_reversion_z,0.011436459897338304,0.011436459897338304
btc_volume_impulse_z,vwap_reject_flag,0.01142993939153246,0.01142993939153246
funding_z_score,cvd_slope_48,-0.01141691876880602,0.01141691876880602
dual_momentum,btc_ret_1,0.011414657110511308,0.011414657110511308
open,crowded_short_squeeze_risk,-0.011414463388894269,0.011414463388894269
minute_sin,liquidity_vacuum,-0.011410957926384819,0.011410957926384819
cvd_slope_48,ou_funding_z,-0.011405389516996767,0.011405389516996767
quote_volume_btc,macd_hist,-0.01139960103657793,0.01139960103657793
amihud_illiquidity_z,btc_ret_3,0.011393248006643658,0.011393248006643658
ofi_acceleration,anchored_vwap_session_dist,0.01138761675677587,0.01138761675677587
volume,cvd_breakout_z,-0.011387104461796327,0.011387104461796327
whale_conviction,funding_roc_288,0.011383417568815344,0.011383417568815344
taker_acceleration,big_trade_ratio,-0.011368464600811583,0.011368464600811583
high,hma_slope,0.011347487550952069,0.011347487550952069
cvp_vah_val_width,crowded_short_squeeze_risk,-0.011347140002464715,0.011347140002464715
realized_skewness,vwap_reclaim_flag,-0.011331913575599458,0.011331913575599458
last_funding_rate,upper_wick_z,-0.011323102803055325,0.011323102803055325
compression_score,sig_liquidity_trap,-0.011311994232473263,0.011311994232473263
chop_index,vwap_reject_flag,0.011308929313981315,0.011308929313981315
whale_conviction,jump_z,0.011295018542983759,0.011295018542983759
high,btc_ret_6,0.011292771329607387,0.011292771329607387
trade_intensity,eth_btc_ratio_change,0.011291622415401261,0.011291622415401261
chop_index,btc_ret_12,0.0112806942694926,0.0112806942694926
btc_volume_impulse_z,funding_oi_divergence,0.011272030671051802,0.011272030671051802
sum_open_interest_value,eth_btc_ret_spread_48,0.011271378022251933,0.011271378022251933
whale_conviction,btc_ret_1,0.011268745336466924,0.011268745336466924
hma_slope,liquidity_vacuum,0.01126562002825794,0.01126562002825794
rogers_satchell_vol,cvd_slope_12,0.011260105300601671,0.011260105300601671
mta_funding,eth_btc_ret_spread_12,0.01125662934319013,0.01125662934319013
sum_toptrader_long_short_ratio,sweep_prev_high_reclaim,0.01124777487354756,0.01124777487354756
mta_funding,distance_to_day_high_low_pct,-0.011241895569874226,0.011241895569874226
volume_profile_signal,mta_funding,-0.011229178524411498,0.011229178524411498
trade_intensity,cvd_breakout_z,0.011221460039623873,0.011221460039623873
rogers_satchell_vol,btc_breakout_eth_lag_dir,-0.011207619561173846,0.011207619561173846
failed_breakout_down,evt_excess_z,0.011207203888124715,0.011207203888124715
taker_buy_base,cvd_48,0.011203961640346816,0.011203961640346816
failed_breakout_down,evt_tail_flag,0.011194458370514923,0.011194458370514923
net_taker_ratio,realized_vol_ratio,0.011179194646999327,0.011179194646999327
funding_abs,jump_flag,-0.011177423058979652,0.011177423058979652
whale_retail_ratio,ofti,-0.011175714370380315,0.011175714370380315
cvp_volume_imbalance,oi_up_price_down,-0.011157344616132457,0.011157344616132457
taker_acceleration,ofti,-0.01115540094542375,0.01115540094542375
taker_acceleration,volume_profile_signal,-0.011154737560460195,0.011154737560460195
volume,fibonacci_level,-0.01114549651294824,0.01114549651294824
whale_conviction,btc_lead_eth_follow_gap_3,0.011145495582107916,0.011145495582107916
hurst_48,cvd_288,-0.011142596799832625,0.011142596799832625
wick_ratio,cvd_288,0.01112992358444688,0.01112992358444688
mtf_trend_1h,svps,0.011126895227541924,0.011126895227541924
squeeze_power,jump_flag,-0.011126690771330307,0.011126690771330307
ofti,crowded_long_unwind_risk,-0.011121994521489854,0.011121994521489854
funding_roc_48,sig_trend_health,-0.011115867758854182,0.011115867758854182
whale_conviction,funding_oi_divergence,-0.01110956448496721,0.01110956448496721
volume,cross_scale_curvature,0.011095511066771518,0.011095511066771518
session_us,is_hour_open,0.011076643566397737,0.011076643566397737
hour_cos,btc_lead_eth_follow_gap_3,-0.011072807292549273,0.011072807292549273
wick_ratio,session_europe,0.011059684692142894,0.011059684692142894
btc_ret_6,ou_funding_z,-0.011059028739313574,0.011059028739313574
big_trade_ratio,cvd_slope_48,-0.01104562694770958,0.01104562694770958
is_hour_open,vwap_reject_flag,0.011040890070117078,0.011040890070117078
dual_momentum,oi_up_price_up,0.01103993753398633,0.01103993753398633
hour_sin,crowded_short_squeeze_risk,-0.011039298844685196,0.011039298844685196
funding_z_score,btc_ret_6,-0.01103545835805747,0.01103545835805747
sum_toptrader_long_short_ratio,failed_breakout_up,0.011020268340920349,0.011020268340920349
cvp_vah_val_width,funding_roc_48,0.011014819871099629,0.011014819871099629
oi_up_price_down,lower_wick_z,0.01101021290703259,0.01101021290703259
garman_klass_vol,btc_breakout_eth_lag_dir,-0.010986701443193721,0.010986701443193721
last_funding_rate,lower_wick_z,0.010985206926883295,0.010985206926883295
trade_intensity,sig_trend_health,0.010980220465426396,0.010980220465426396
cvd_12,atr_pct_rank_288,-0.01096125306073963,0.01096125306073963
cvd_48,vwap_reject_flag,-0.010944744222277121,0.010944744222277121
garman_klass_vol,cvd_slope_12,0.010944008309514322,0.010944008309514322
volume,mta_funding,0.010931771458527523,0.010931771458527523
trade_intensity,dual_momentum,-0.01092867324959799,0.01092867324959799
volatility_z,realized_skewness,0.010927309602621654,0.010927309602621654
taker_buy_base,ou_halflife,0.0108940046756106,0.0108940046756106
sum_toptrader_long_short_ratio,sig_volume_confirm,-0.010892753200208792,0.010892753200208792
btc_volume_impulse_z,lower_wick_z,-0.010888729598497794,0.010888729598497794
realized_vol_ratio,ofti,0.010883122322253228,0.010883122322253228
sweep_prev_low_reclaim,execution_quality,-0.010882741492037124,0.010882741492037124
mtf_trend_1h,bb_width_pct_rank_288,-0.01087924907547024,0.01087924907547024
whale_retail_ratio,sweep_prev_high_reclaim,0.01087178248979976,0.01087178248979976
crowded_long_unwind_risk,execution_quality,-0.010865043153136293,0.010865043153136293
vwap_reclaim_flag,regime_persistence,-0.010859668237955512,0.010859668237955512
funding_pressure,upper_wick_z,-0.010855121797751012,0.010855121797751012
amihud_illiquidity_z,hour_sin,0.010853973219632987,0.010853973219632987
ofti,btc_ret_3,0.010851954448420324,0.010851954448420324
turtle_signal,compression_release_down,0.010850693916449475,0.010850693916449475
parkinson_vol,btc_breakout_eth_lag_dir,-0.010850634912989389,0.010850634912989389
volatility_z,btc_ret_z_48,0.010848041126982453,0.010848041126982453
bb_width,funding_roc_288,0.010842184088581258,0.010842184088581258
regime_trending,crowded_short_squeeze_risk,0.010835962054779718,0.010835962054779718
close_btc,sig_trend_health,0.010832283288143185,0.010832283288143185
btc_volume_impulse_z,oi_up_price_down,-0.01082243539598272,0.01082243539598272
ofti,btc_impulse_x_eth_beta,0.010816031957904749,0.010816031957904749
big_trade_ratio,mta_funding,-0.010806415931891234,0.010806415931891234
btc_breakout_eth_lag_dir,bb_width_pct_rank_288,-0.01080236814732295,0.01080236814732295
squeeze_power,upper_wick_z,-0.010796742928250015,0.010796742928250015
taker_buy_quote,fvg_dist,0.010792740633625751,0.010792740633625751
hour_sin,cvd_288,0.010776324651322684,0.010776324651322684
whale_retail_ratio,failed_breakout_up,0.01077130705120945,0.01077130705120945
volume_btc,jump_z,-0.010749559436780461,0.010749559436780461
volatility_z,range_contraction_breakout_dir,-0.010742194812082807,0.010742194812082807
realized_skewness,sig_liquidity_trap,-0.010739402983222282,0.010739402983222282
hurst_288,btc_ret_12,-0.010733440262329733,0.010733440262329733
taker_acceleration,volatility_z,0.010732464424027905,0.010732464424027905
hurst_48,ou_halflife,0.010723223975926418,0.010723223975926418
session_europe,mean_reversion_z,-0.010712362265474874,0.010712362265474874
funding_pressure,atr_pct_rank_288,0.010700758760532149,0.010700758760532149
svps,oi_up_price_down,0.010700377363425906,0.010700377363425906
eth_btc_ret_spread_48,vwap_reclaim_flag,0.010696212703929798,0.010696212703929798
sum_open_interest_value,crowding_pressure,0.01069448211300877,0.01069448211300877
sum_open_interest_value,range_contraction_breakout_dir,0.01067690732448731,0.01067690732448731
cvd_slope_12,atr_pct_rank_288,0.010671444184908563,0.010671444184908563
btc_ret_z_48,sweep_prev_high_reclaim,-0.010662666119993577,0.010662666119993577
garman_klass_vol,funding_roc_288,0.010661640730670666,0.010661640730670666
parkinson_vol,minute_cos,-0.010652396342478967,0.010652396342478967
btc_ret_z_48,failed_breakout_up,-0.010650850985251337,0.010650850985251337
count_long_short_ratio,ofti,-0.010642039763073305,0.010642039763073305
close_btc,execution_quality,-0.010639217142791169,0.010639217142791169
svps,vwap_dist_24,0.010636751108845497,0.010636751108845497
rogers_satchell_vol,funding_roc_288,0.01063503973903889,0.01063503973903889
macd_hist,evt_tail_flag,-0.010634419595823565,0.010634419595823565
squeeze_power,eth_btc_ret_spread_12,-0.010631525755228872,0.010631525755228872
taker_acceleration,bb_width_pct_rank_288,0.010628476938235277,0.010628476938235277
vwap_dist_288,vwap_reject_flag,-0.010626437717063094,0.010626437717063094
btc_lead_eth_follow_gap_3,compression_score,-0.010619971247540546,0.010619971247540546
macd_hist,btc_eth_volume_rank_spread,0.010607434844780246,0.010607434844780246
short_squeeze_risk,distance_to_day_high_low_pct,0.010606384070344923,0.010606384070344923
cvd_breakout_z,crowded_long_unwind_risk,-0.010605747982568255,0.010605747982568255
minute_sin,evt_tail_flag,0.010604453916337991,0.010604453916337991
macd_hist,evt_excess_z,-0.01060044480787878,0.01060044480787878
btc_ret_6,bb_width_pct_rank_288,-0.010596748428382667,0.010596748428382667
sum_open_interest_value,fvg_dist,0.010584932256171931,0.010584932256171931
taker_buy_quote,sig_volume_confirm,-0.010574152672539205,0.010574152672539205
minute_sin,evt_excess_z,0.010573313556377324,0.010573313556377324
quote_volume,price_cvd_divergence,-0.010554534061812093,0.010554534061812093
bb_width_z,oi_up_price_down,0.010542016327038937,0.010542016327038937
volume_btc,log_return,-0.010541357849569825,0.010541357849569825
funding_abs,garch_vol_z,-0.010527641174249164,0.010527641174249164
count_long_short_ratio,btc_eth_volume_rank_spread,0.010496535666941757,0.010496535666941757
taker_buy_base,mta_funding,0.010495032707532279,0.010495032707532279
long_squeeze_risk,bb_width_pct_rank_288,0.010489228994193437,0.010489228994193437
fvg_dist,session_europe,-0.010488026834918307,0.010488026834918307
big_trade_ratio,cvp_cluster_position,0.010485445217432582,0.010485445217432582
cvd_48,jump_flag,-0.010484380943201392,0.010484380943201392
dual_momentum,sig_volume_confirm,0.010475900066904553,0.010475900066904553
funding_z_score,kel,-0.010470699030118826,0.010470699030118826
count_long_short_ratio,kalman_velocity,-0.01046371477948662,0.01046371477948662
kel,ou_funding_z,-0.010456607263255382,0.010456607263255382
session_us,mta_funding,0.01044994678640263,0.01044994678640263
taker_buy_base,cvd_288,0.01044001874399598,0.01044001874399598
amihud_illiquidity_z,fibonacci_level,-0.010435909739931042,0.010435909739931042
turtle_signal,funding_flip_signal,0.010423468858628031,0.010423468858628031
whale_retail_ratio,regime_trending,0.010412874647929097,0.010412874647929097
squeeze_power,lower_wick_z,0.010409301023979056,0.010409301023979056
minute_cos,compression_score,0.010402358137277913,0.010402358137277913
trades,distance_to_day_high_low_pct,-0.010394564599838639,0.010394564599838639
open,hma_slope,0.010383598013321026,0.010383598013321026
price_cvd_divergence,ou_halflife,0.01034570797699995,0.01034570797699995
volume_btc,btc_impulse_x_eth_beta,-0.010335454877858157,0.010335454877858157
vwap_dist_24,jump_flag,-0.010331649219927318,0.010331649219927318
whale_conviction,svps,-0.010304827814792042,0.010304827814792042
session_europe,compression_score,-0.010283335796228539,0.010283335796228539
trade_intensity,regime_persistence,0.010282424056561126,0.010282424056561126
hma_slope,funding_z_score,-0.010280430128639726,0.010280430128639726
amihud_illiquidity_z,ofi_acceleration,0.010278299072318748,0.010278299072318748
hma_slope,jump_flag,-0.010273845403591412,0.010273845403591412
hma_slope,ou_funding_z,-0.010268942977157995,0.010268942977157995
fvg_dist,funding_z_score,-0.010268427110791086,0.010268427110791086
parkinson_vol,cvd_slope_12,0.010267596282887186,0.010267596282887186
atr_pct_rank_288,sig_liquidity_trap,0.010256847865135916,0.010256847865135916
fvg_dist,ou_funding_z,-0.010255910002024865,0.010255910002024865
hour_cos,vwap_reject_flag,-0.01025565405788002,0.01025565405788002
ofti,btc_lead_eth_follow_gap_3,-0.01025267364554506,0.01025267364554506
funding_pressure,lower_wick_z,0.01023616434195029,0.01023616434195029
session_europe,eth_btc_ret_spread_12,-0.010228652828523328,0.010228652828523328
funding_roc_12,cvd_slope_48,-0.010228588434451071,0.010228588434451071
bb_width_pct_rank_288,vwap_dist_24,-0.010225914657606397,0.010225914657606397
count_long_short_ratio,compression_release_up,-0.01022543162290096,0.01022543162290096
funding_pressure,garch_vol_z,0.010223819933015523,0.010223819933015523
cvp_vah_val_width,hurst_48,0.010223348629080201,0.010223348629080201
cvd_slope_48,garch_vol_z,0.010222083350362848,0.010222083350362848
oi_change_rate,btc_volume_impulse_z,-0.010219954205915125,0.010219954205915125
smart_money_flow,btc_volume_impulse_z,-0.010219954205915125,0.010219954205915125
eth_btc_beta_residual_z,sig_volume_confirm,-0.010219460542210554,0.010219460542210554
ofti,vwap_dist_288,-0.01021581376032327,0.01021581376032327
vwap_reject_flag,sig_volume_confirm,-0.010210696688349834,0.010210696688349834
chop_index,eth_btc_ret_spread_48,0.010208280098403128,0.010208280098403128
fibonacci_level,mta_funding,0.01020558880836856,0.01020558880836856
realized_vol_ratio,sweep_prev_high_reclaim,0.010204290063597393,0.010204290063597393
funding_price_divergence,funding_abs,-0.010198951811603144,0.010198951811603144
low,crowded_short_squeeze_risk,-0.010192169641565501,0.010192169641565501
long_squeeze_risk,failed_breakout_down,-0.01019195016858816,0.01019195016858816
chop_index,mta_funding,0.010189387555093828,0.010189387555093828
short_squeeze_risk,eth_btc_beta_residual_z,0.01017924802067792,0.01017924802067792
sum_toptrader_long_short_ratio,crowded_short_squeeze_risk,-0.01017271290750938,0.01017271290750938
volume_btc,mta_funding,-0.010171074612785772,0.010171074612785772
parkinson_vol,upper_wick_z,0.010170047128700815,0.010170047128700815
bb_width,cvd_slope_48,0.010167545831257795,0.010167545831257795
quote_volume,crowded_long_unwind_risk,-0.010166501643238483,0.010166501643238483
hour_sin,short_squeeze_risk,-0.010163460239197931,0.010163460239197931
long_squeeze_risk,hurst_288,-0.010160002551808817,0.010160002551808817
open,compression_release_up,0.010157976171316216,0.010157976171316216
funding_roc_12,ou_halflife,-0.010155369217577166,0.010155369217577166
funding_roc_12,svps,0.010151623627447526,0.010151623627447526
big_trade_ratio,cvd_48,0.010150067556638243,0.010150067556638243
hour_sin,ofti,0.010147636249545074,0.010147636249545074
big_trade_ratio,funding_pressure,0.01014758594460503,0.01014758594460503
btc_corr_60,eth_btc_beta_residual_z,0.010137824358708997,0.010137824358708997
session_us,btc_lead_eth_follow_gap_3,0.010136777074547968,0.010136777074547968
session_europe,is_hour_open,-0.010134168978136638,0.010134168978136638
long_squeeze_risk,sweep_prev_low_reclaim,-0.010129328390272856,0.010129328390272856
garman_klass_vol,minute_cos,-0.010122811489235823,0.010122811489235823
crowded_long_unwind_risk,garch_vol_z,0.010117600737898186,0.010117600737898186
volume_btc,btc_ret_3,-0.010116113588120071,0.010116113588120071
high,crowded_short_squeeze_risk,-0.010104873032833686,0.010104873032833686
price_cvd_divergence,liquidity_vacuum,-0.010097543999688144,0.010097543999688144
eth_btc_ratio_change,atr_pct_rank_288,-0.01008574746180299,0.01008574746180299
taker_buy_quote,btc_ret_12,-0.010085608115635244,0.010085608115635244
realized_vol_ratio,short_squeeze_risk,0.010084309315442214,0.010084309315442214
quote_volume_btc,jump_z,-0.010083046273857994,0.010083046273857994
close,btc_impulse_x_eth_beta,0.010063856370822695,0.010063856370822695
count_long_short_ratio,crowded_long_unwind_risk,-0.010057959389933814,0.010057959389933814
close_btc,kalman_velocity,0.01005408158640151,0.01005408158640151
wick_ratio,crowded_short_squeeze_risk,-0.010048876479064528,0.010048876479064528
open,btc_ret_6,0.010045200549904073,0.010045200549904073
mtf_trend_1h,ofti,0.010044510237158265,0.010044510237158265
taker_buy_base,btc_breakout_eth_lag_dir,0.010041445295238722,0.010041445295238722
failed_breakout_down,execution_quality,-0.010041199555793034,0.010041199555793034
close_btc,btc_ret_12,0.010038741694448674,0.010038741694448674
close,btc_ret_3,0.010038363745267414,0.010038363745267414
hurst_288,crowded_short_squeeze_risk,0.010034428976331144,0.010034428976331144
mtf_trend_1h,hurst_288,-0.01003236222550276,0.01003236222550276
funding_roc_288,range_contraction_breakout_dir,-0.01002294308977923,0.01002294308977923
whale_retail_ratio,btc_eth_volume_rank_spread,-0.010018641568514924,0.010018641568514924
btc_eth_volume_rank_spread,cross_scale_curvature,-0.010012510181754478,0.010012510181754478
count_long_short_ratio,funding_price_divergence,-0.010011086239498328,0.010011086239498328
crowded_short_squeeze_risk,jump_flag,0.010003834149815819,0.010003834149815819
quote_volume_btc,btc_impulse_x_eth_beta,-0.01000058837619868,0.01000058837619868
svps,cvd_slope_48,-0.009998221535384736,0.009998221535384736
vwap_reclaim_flag,crowding_pressure,0.009994227285330082,0.009994227285330082
cvd_288,cross_scale_curvature,0.009989986111485601,0.009989986111485601
hurst_48,vwap_dist_96,0.009977710292124714,0.009977710292124714
realized_vol_ratio,failed_breakout_up,0.00997721275494574,0.00997721275494574
hour_cos,volume_profile_signal,0.009976538825826617,0.009976538825826617
hurst_288,vwap_dist_24,-0.00997502046955882,0.00997502046955882
bb_width,cvd_slope_12,0.009974052185363659,0.009974052185363659
whale_conviction,funding_z_score,0.009964029341602966,0.009964029341602966
bb_width,upper_wick_z,0.009963577220261276,0.009963577220261276
whale_conviction,ou_funding_z,0.009947937394817008,0.009947937394817008
taker_buy_quote,oi_change_rate,0.009938898549894045,0.009938898549894045
taker_buy_quote,smart_money_flow,0.009938898549894045,0.009938898549894045
funding_pressure,regime_persistence,0.009938579337318615,0.009938579337318615
log_return,atr_pct_rank_288,-0.009933135364297513,0.009933135364297513
taker_buy_base,whale_retail_ratio,0.009914765326222302,0.009914765326222302
hurst_288,sig_trend_health,-0.0099098188306695,0.0099098188306695
oi_change_rate,realized_vol_ratio,0.009907250714898333,0.009907250714898333
smart_money_flow,realized_vol_ratio,0.009907250714898333,0.009907250714898333
sum_toptrader_long_short_ratio,mean_reversion_z,0.009904512500241911,0.009904512500241911
btc_impulse_x_eth_beta,compression_score,0.009894776318334186,0.009894776318334186
fvg_dist,jump_flag,-0.00989276831633864,0.00989276831633864
cvd_288,jump_flag,-0.009886195073935435,0.009886195073935435
btc_ret_3,compression_score,0.00987524149515136,0.00987524149515136
cvd_slope_12,vwap_dist_288,-0.009866178060688872,0.009866178060688872
quote_volume_btc,log_return,-0.009855254382966284,0.009855254382966284
taker_buy_base,smart_money_flow,0.009850790366391367,0.009850790366391367
taker_buy_base,oi_change_rate,0.009850790366391367,0.009850790366391367
minute_sin,jump_flag,0.009840215376566515,0.009840215376566515
regime_persistence,execution_quality,0.00983724626890013,0.00983724626890013
rogers_satchell_vol,minute_cos,-0.009823333338655663,0.009823333338655663
quote_volume_btc,btc_ret_3,-0.009810505250946427,0.009810505250946427
funding_roc_288,cross_scale_curvature,0.009806601630501099,0.009806601630501099
cvd_288,oi_up_price_up,0.009799008133351172,0.009799008133351172
taker_acceleration,amihud_illiquidity_z,0.0097895348777574,0.0097895348777574
atr_pct_rank_288,funding_oi_divergence,0.009789501160677115,0.009789501160677115
turtle_signal,funding_abs,0.009776976939842794,0.009776976939842794
chop_index,btc_ret_6,0.009774631638818023,0.009774631638818023
funding_abs,btc_volume_impulse_z,-0.009774154955586884,0.009774154955586884
volume_btc,funding_oi_divergence,0.009763235096416923,0.009763235096416923
bb_width_z,cvp_vah_val_width,-0.009755358437285299,0.009755358437285299
btc_ret_3,crowded_long_unwind_risk,-0.009751117083302887,0.009751117083302887
chop_index,vwap_reclaim_flag,0.009750805686705465,0.009750805686705465
sum_toptrader_long_short_ratio,volume_profile_signal,0.009732725634751497,0.009732725634751497
taker_buy_quote,vwap_dist_96,-0.009724751395270091,0.009724751395270091
parkinson_vol,crowded_long_unwind_risk,0.009724142772514174,0.009724142772514174
whale_conviction,garch_vol_z,0.00971949116881026,0.00971949116881026
breakout_strength,crowded_long_unwind_risk,0.009716942661812816,0.009716942661812816
hour_sin,mta_funding,-0.009714257028063625,0.009714257028063625
mtf_trend_1h,session_europe,-0.009705193223152839,0.009705193223152839
whale_conviction,compression_release_down,-0.009700970296863388,0.009700970296863388
bb_width_z,cvd_288,-0.009700222754682152,0.009700222754682152
btc_impulse_x_eth_beta,crowded_long_unwind_risk,-0.009700012198748853,0.009700012198748853
bb_width_z,minute_cos,-0.009699069564310284,0.009699069564310284
sum_open_interest_value,cvd_breakout_z,-0.009696267942670448,0.009696267942670448
taker_buy_base,rsi,0.009683103928195366,0.009683103928195366
net_taker_ratio,session_europe,-0.009680267699609897,0.009680267699609897
squeeze_power,mtf_trend_4h,0.009679214540428492,0.009679214540428492
cvd_slope_48,cross_scale_curvature,0.009672615514370349,0.009672615514370349
cvp_poc_dist,funding_flip_signal,0.009659653436944816,0.009659653436944816
mta_funding,regime_persistence,0.00965785550517763,0.00965785550517763
vwap_dist_96,crowded_long_unwind_risk,-0.009657771984293182,0.009657771984293182
funding_roc_288,upper_wick_z,-0.009643165772394461,0.009643165772394461
amihud_illiquidity_z,vwap_dist_288,-0.009637596737305895,0.009637596737305895
chop_index,long_squeeze_risk,-0.009633240590327639,0.009633240590327639
net_taker_ratio,volatility_z,0.009632628468214671,0.009632628468214671
bb_width_z,btc_ret_6,-0.009626777415217534,0.009626777415217534
hour_cos,cvp_volume_imbalance,0.009623779599620066,0.009623779599620066
last_funding_rate,svps,-0.009621830945278204,0.009621830945278204
quote_volume,cross_scale_curvature,0.009621240028406659,0.009621240028406659
bb_width_z,ofti,-0.009604505986203634,0.009604505986203634
taker_acceleration,atr_pct_rank_288,0.009602517352540096,0.009602517352540096
ofti,cross_scale_curvature,0.0095934201118872,0.0095934201118872
funding_roc_288,kel,-0.009574706607549397,0.009574706607549397
garman_klass_vol,mta_funding,-0.009562822677686208,0.009562822677686208
funding_z_score,eth_btc_ret_spread_12,-0.009557902692169879,0.009557902692169879
svps,lower_wick_z,-0.00954715212747595,0.00954715212747595
realized_skewness,eth_btc_beta_residual_z,-0.009544023463959463,0.009544023463959463
eth_btc_ret_spread_12,ou_funding_z,-0.009533381202805053,0.009533381202805053
volatility_z,funding_abs,-0.009496136457698517,0.009496136457698517
dual_momentum,btc_breakout_eth_lag_dir,0.009494859235324607,0.009494859235324607
smart_money_flow,btc_ret_z_48,-0.00949403697333951,0.00949403697333951
oi_change_rate,btc_ret_z_48,-0.00949403697333951,0.00949403697333951
cvd_12,liquidity_vacuum,0.009483535278461706,0.009483535278461706
oi_up_price_up,execution_quality,-0.00947393124530897,0.00947393124530897
trade_intensity,minute_cos,-0.009460245968095391,0.009460245968095391
garman_klass_vol,crowded_long_unwind_risk,0.009447369665669806,0.009447369665669806
rogers_satchell_vol,crowded_long_unwind_risk,0.009445989610056903,0.009445989610056903
short_squeeze_risk,hurst_48,-0.009444622350104053,0.009444622350104053
whale_conviction,compression_release_up,0.009443408029522229,0.009443408029522229
whale_conviction,bb_width,-0.009442687133700289,0.009442687133700289
hurst_48,vwap_dist_24,0.009437890099120943,0.009437890099120943
open,volume_btc,0.009431130514252465,0.009431130514252465
session_europe,cvp_volume_imbalance,0.009422955328542827,0.009422955328542827
bb_width_pct_rank_288,crowding_pressure,-0.009421958991368827,0.009421958991368827
amihud_illiquidity_z,sig_trend_health,0.009408488258491303,0.009408488258491303
minute_cos,execution_quality,0.009402195349235119,0.009402195349235119
macd_hist,funding_roc_288,-0.009390803410517748,0.009390803410517748
volatility_z,short_squeeze_risk,0.009386466094255521,0.009386466094255521
trades,fibonacci_level,-0.009385235406058021,0.009385235406058021
close,volume_btc,0.00937307644369813,0.00937307644369813
count_long_short_ratio,btc_volume_impulse_z,0.00937241769861137,0.00937241769861137
short_squeeze_risk,ou_halflife,-0.009367571236000497,0.009367571236000497
hour_sin,cvp_cluster_position,0.009350787825575892,0.009350787825575892
cvd_slope_12,compression_score,-0.009339733566949091,0.009339733566949091
amihud_illiquidity_z,sig_volume_confirm,-0.009335346527669177,0.009335346527669177
trades,ou_funding_z,0.009330148473184497,0.009330148473184497
sum_open_interest_value,btc_ret_12,0.009328732168986961,0.009328732168986961
whale_retail_ratio,whale_conviction,0.009318894947975134,0.009318894947975134
trade_intensity,cross_scale_curvature,-0.00931680901820559,0.00931680901820559
hour_cos,crowded_short_squeeze_risk,0.009312039249972098,0.009312039249972098
trades,funding_z_score,0.009295769226965735,0.009295769226965735
sum_toptrader_long_short_ratio,session_us,-0.0092943188808909,0.0092943188808909
funding_pressure,eth_btc_ret_spread_48,-0.009289578284045254,0.009289578284045254
session_europe,vwap_reclaim_flag,0.009289443746465034,0.009289443746465034
taker_acceleration,crowded_long_unwind_risk,0.00928642187313957,0.00928642187313957
amihud_illiquidity_z,btc_ret_12,0.009280691210719248,0.009280691210719248
trades,count_long_short_ratio,-0.009274054633405977,0.009274054633405977
trade_intensity,eth_btc_beta_residual_z,0.009257358389096039,0.009257358389096039
volume,cvd_12,-0.009255582620888061,0.009255582620888061
btc_corr_60,cvd_slope_12,0.009248208975408869,0.009248208975408869
volume_profile_signal,btc_ret_z_48,-0.009236177145446039,0.009236177145446039
hma_slope,hour_cos,0.009218147612324142,0.009218147612324142
ofti,eth_btc_ret_spread_12,0.009213526636352205,0.009213526636352205
session_us,kalman_velocity,-0.009207164584616737,0.009207164584616737
ofti,crowded_short_squeeze_risk,-0.009199824962260229,0.009199824962260229
eth_btc_ratio_change,turtle_signal,0.009193357639210326,0.009193357639210326
trade_intensity,vwap_reject_flag,-0.009191654326899985,0.009191654326899985
mta_funding,funding_abs,-0.009169261693102173,0.009169261693102173
hour_cos,vwap_dist_288,-0.009167659309842315,0.009167659309842315
funding_roc_288,eth_btc_ret_spread_12,-0.009162886157453162,0.009162886157453162
funding_roc_288,btc_volume_impulse_z,0.009154242500325318,0.009154242500325318
cvd_slope_48,bb_width_pct_rank_288,0.00915348635316704,0.00915348635316704
funding_roc_288,cvd_slope_48,-0.00915180636339815,0.00915180636339815
eth_btc_ret_spread_48,liquidity_vacuum,-0.009147054603859218,0.009147054603859218
sum_open_interest_value,funding_price_divergence,0.009142990246355362,0.009142990246355362
breakout_strength,vwap_reclaim_flag,0.00913379327549768,0.00913379327549768
cvp_regime,realized_skewness,0.009119709750375685,0.009119709750375685
cvp_volume_imbalance,ofti,-0.009113475815765883,0.009113475815765883
atr_pct_rank_288,jump_z,-0.009113198154262642,0.009113198154262642
btc_ret_z_48,compression_score,-0.009112203302899372,0.009112203302899372
volume_profile_signal,vwap_reject_flag,0.009109663286563407,0.009109663286563407
hour_cos,regime_persistence,0.009104081673525532,0.009104081673525532
whale_conviction,cvp_regime,-0.009102696784031347,0.009102696784031347
amihud_illiquidity_z,btc_ret_6,0.009101799793978672,0.009101799793978672
close,crowded_short_squeeze_risk,-0.009090583828664971,0.009090583828664971
last_funding_rate,cvd_slope_48,-0.009088188420226783,0.009088188420226783
taker_acceleration,rogers_satchell_vol,0.009084870248226956,0.009084870248226956
short_squeeze_risk,regime_trending,-0.00908275319595504,0.00908275319595504
session_us,funding_pressure,0.009081912144354968,0.009081912144354968
taker_acceleration,bb_width,0.009081003873107368,0.009081003873107368
dual_momentum,jump_flag,-0.009068190568889118,0.009068190568889118
taker_buy_quote,hma_slope,0.009062706708146885,0.009062706708146885
btc_eth_volume_rank_spread,vwap_dist_24,-0.00905977885527939,0.00905977885527939
hurst_48,cvd_breakout_z,-0.009057034727700395,0.009057034727700395
svps,eth_btc_ret_spread_12,0.009055001458583843,0.009055001458583843
rsi,session_europe,-0.00905435899168464,0.00905435899168464
realized_skewness,atr_pct_rank_288,-0.009051403405875747,0.009051403405875747
cvp_poc_dist,ofi_acceleration,0.00904783086175156,0.00904783086175156
compression_release_down,jump_flag,-0.009041240745710138,0.009041240745710138
funding_price_divergence,hurst_288,-0.009039791365099624,0.009039791365099624
volatility_z,sig_liquidity_trap,0.009030523185492485,0.009030523185492485
amihud_illiquidity_z,volume_profile_signal,0.009022365161638502,0.009022365161638502
ofti,bb_width_pct_rank_288,-0.009015345491852416,0.009015345491852416
squeeze_power,btc_volume_impulse_z,0.009014830201922546,0.009014830201922546
quote_volume_btc,funding_oi_divergence,0.0090097748431158,0.0090097748431158
mean_reversion_z,cvd_slope_12,0.00900472569173979,0.00900472569173979
squeeze_power,price_cvd_divergence,0.00899070576312852,0.00899070576312852
session_us,cvd_breakout_z,-0.008989982180889384,0.008989982180889384
realized_skewness,compression_release_down,0.008983717890343199,0.008983717890343199
wick_ratio,cvp_regime,0.008974711713806843,0.008974711713806843
cvp_regime,distance_to_day_high_low_pct,0.008963857572765199,0.008963857572765199
funding_roc_48,range_contraction_breakout_dir,-0.008962463049729355,0.008962463049729355
realized_vol_ratio,cross_scale_curvature,0.00895803168031313,0.00895803168031313
close_btc,funding_roc_288,0.008949519270893,0.008949519270893
crowded_short_squeeze_risk,evt_excess_z,0.008940022954619773,0.008940022954619773
sum_open_interest_value,hma_slope,0.008928269884404084,0.008928269884404084
funding_roc_288,ou_halflife,-0.008922013045305766,0.008922013045305766
quote_volume_btc,oi_change_rate,-0.008919835146586242,0.008919835146586242
quote_volume_btc,smart_money_flow,-0.008919835146586242,0.008919835146586242
realized_vol_ratio,crowded_long_unwind_risk,0.008898389831744638,0.008898389831744638
hurst_288,compression_release_down,-0.008891415895613647,0.008891415895613647
trade_intensity,cvd_slope_48,0.008881467113864292,0.008881467113864292
funding_roc_48,hurst_48,0.00886738368329235,0.00886738368329235
cvp_vah_val_width,cvd_288,0.00886604848275427,0.00886604848275427
minute_cos,bb_width_pct_rank_288,-0.008864698898732938,0.008864698898732938
cvp_vah_val_width,dual_momentum,-0.008864366179491894,0.008864366179491894
hour_sin,eth_btc_ret_spread_12,0.008858638506371998,0.008858638506371998
fibonacci_level,ofti,-0.008858455706179803,0.008858455706179803
fibonacci_level,ofi_acceleration,0.008854623055040308,0.008854623055040308
oi_change_rate,session_europe,0.008853191836930436,0.008853191836930436
smart_money_flow,session_europe,0.008853191836930436,0.008853191836930436
squeeze_power,cvd_slope_48,-0.008845759101901938,0.008845759101901938
parkinson_vol,lower_wick_z,0.008840961501849924,0.008840961501849924
sum_open_interest_value,crowded_short_squeeze_risk,-0.008835695677810661,0.008835695677810661
funding_roc_48,btc_ret_12,-0.00883182726140062,0.00883182726140062
crowded_short_squeeze_risk,evt_tail_flag,0.008830468455063923,0.008830468455063923
taker_buy_base,whale_conviction,0.008821078648454881,0.008821078648454881
hour_cos,cvp_cluster_position,0.008819511095303285,0.008819511095303285
garch_vol_z,sig_liquidity_trap,0.00880885005125069,0.00880885005125069
dual_momentum,ou_funding_z,0.008807458939933822,0.008807458939933822
funding_roc_288,garch_vol_z,0.008806697133970663,0.008806697133970663
funding_roc_48,execution_quality,0.008804900574739346,0.008804900574739346
ofti,garch_vol_z,0.00878685959281377,0.00878685959281377
taker_acceleration,garman_klass_vol,0.0087821948990029,0.0087821948990029
mtf_trend_1h,amihud_illiquidity_z,0.008774411214581869,0.008774411214581869
dual_momentum,funding_z_score,0.008771193531486707,0.008771193531486707
taker_acceleration,compression_score,-0.008764981853751132,0.008764981853751132
amihud_illiquidity_z,funding_abs,0.008763826699937175,0.008763826699937175
whale_retail_ratio,hurst_288,-0.008760723295209381,0.008760723295209381
btc_impulse_x_eth_beta,evt_tail_flag,-0.008738527758194517,0.008738527758194517
bb_width_pct_rank_288,sig_liquidity_trap,0.008738197456725404,0.008738197456725404
sum_toptrader_long_short_ratio,regime_trending,0.008736742085898336,0.008736742085898336
funding_roc_288,regime_trending,-0.008735640386023666,0.008735640386023666
close_btc,cvd_breakout_z,-0.008730060358926714,0.008730060358926714
volume_profile_signal,ofti,0.008729315358118526,0.008729315358118526
big_trade_ratio,ofi_acceleration,-0.008724393937534571,0.008724393937534571
squeeze_power,btc_breakout_eth_lag_dir,0.00870318749314773,0.00870318749314773
session_europe,kalman_velocity,-0.008700377471651975,0.008700377471651975
funding_roc_288,evt_tail_flag,0.008698348643276555,0.008698348643276555
btc_ret_3,evt_tail_flag,-0.00869804526379805,0.00869804526379805
bb_width_pct_rank_288,range_contraction_breakout_dir,-0.008697312236465722,0.008697312236465722
taker_buy_quote,sig_trend_health,-0.008689658645465306,0.008689658645465306
funding_roc_288,evt_excess_z,0.008685773475851975,0.008685773475851975
realized_vol_ratio,range_contraction_breakout_dir,-0.008676841198783126,0.008676841198783126
count_long_short_ratio,sweep_prev_low_reclaim,0.008671825408519119,0.008671825408519119
btc_eth_volume_rank_spread,ou_funding_z,-0.008671686046918002,0.008671686046918002
last_funding_rate,big_trade_ratio,0.008667693591434236,0.008667693591434236
close_btc,cvp_cluster_position,0.008666263277635592,0.008666263277635592
funding_z_score,btc_eth_volume_rank_spread,-0.008666019937564768,0.008666019937564768
count_long_short_ratio,failed_breakout_down,0.008664501701450488,0.008664501701450488
btc_ret_z_48,atr_pct_rank_288,0.008661436174041704,0.008661436174041704
funding_roc_48,regime_trending,0.008660225495369711,0.008660225495369711
btc_impulse_x_eth_beta,evt_excess_z,-0.008656877376958288,0.008656877376958288
close,funding_oi_divergence,-0.008656499265160345,0.008656499265160345
quote_volume_btc,lower_wick_z,-0.0086554720356345,0.0086554720356345
cvp_regime,crowded_long_unwind_risk,-0.00864949168886206,0.00864949168886206
low,btc_impulse_x_eth_beta,0.00864721103561729,0.00864721103561729
macd_hist,session_europe,-0.008636253595013438,0.008636253595013438
taker_buy_quote,cvp_poc_dist,0.008630226120269131,0.008630226120269131
low,btc_ret_3,0.008626590456476943,0.008626590456476943
eth_btc_beta_residual_z,atr_pct_rank_288,-0.008624952392476166,0.008624952392476166
trades,cross_scale_curvature,0.008621437405006364,0.008621437405006364
kel,funding_abs,-0.00861544334355369,0.00861544334355369
chop_index,regime_persistence,-0.00861534842628906,0.00861534842628906
btc_ret_3,evt_excess_z,-0.008615030923825111,0.008615030923825111
net_taker_ratio,long_squeeze_risk,0.008603825314675963,0.008603825314675963
sweep_prev_low_reclaim,sig_volume_confirm,-0.00860379099904414,0.00860379099904414
last_funding_rate,execution_quality,0.008597718654418407,0.008597718654418407
sum_open_interest_value,hour_cos,-0.008592279447616133,0.008592279447616133
session_europe,funding_z_score,0.008590057345844154,0.008590057345844154
session_europe,ou_funding_z,0.008588107105434508,0.008588107105434508
net_taker_ratio,turtle_signal,-0.008586880281263361,0.008586880281263361
bb_width_z,kalman_velocity,-0.008585569268194837,0.008585569268194837
regime_trending,anchored_vwap_session_dist,0.008574658655829813,0.008574658655829813
macd_hist,atr_pct_rank_288,0.008573716769842846,0.008573716769842846
count_long_short_ratio,volume_btc,0.008571919977641434,0.008571919977641434
taker_buy_base,funding_roc_288,0.00856780125402069,0.00856780125402069
wick_ratio,svps,-0.008565007761998368,0.008565007761998368
long_squeeze_risk,evt_tail_flag,0.008562818648162628,0.008562818648162628
squeeze_power,execution_quality,0.008560613376075703,0.008560613376075703
quote_volume,cvp_cluster_position,-0.00855889136591503,0.00855889136591503
failed_breakout_down,sig_volume_confirm,-0.008553884533098804,0.008553884533098804
bb_width,crowded_short_squeeze_risk,0.008538936372102623,0.008538936372102623
atr_pct_rank_288,crowded_long_unwind_risk,0.008536219636176927,0.008536219636176927
funding_price_divergence,ofti,0.008531775337862346,0.008531775337862346
volume,funding_roc_288,0.008523786649805446,0.008523786649805446
taker_acceleration,chop_index,-0.008505011406784764,0.008505011406784764
mtf_trend_4h,oi_up_price_down,-0.008499524495227352,0.008499524495227352
close_btc,compression_release_up,0.008484596061328146,0.008484596061328146
bb_width,btc_breakout_eth_lag_dir,-0.008471191218859723,0.008471191218859723
cvd_slope_48,btc_volume_impulse_z,-0.00846441852922631,0.00846441852922631
minute_cos,ofi_acceleration,-0.008460144046211095,0.008460144046211095
net_taker_ratio,bb_width_pct_rank_288,0.008459157129054545,0.008459157129054545
btc_corr_60,btc_ret_z_48,0.008455295438538677,0.008455295438538677
session_us,funding_roc_288,0.008452236959218672,0.008452236959218672
long_squeeze_risk,evt_excess_z,0.00845003671745341,0.00845003671745341
ofi_acceleration,garch_vol_z,0.008447966887586726,0.008447966887586726
whale_retail_ratio,hour_sin,0.008445755451297951,0.008445755451297951
hour_cos,distance_to_day_high_low_pct,0.008436621623263378,0.008436621623263378
funding_price_divergence,mta_funding,0.008424975689649158,0.008424975689649158
cvd_slope_48,execution_quality,0.00841673440851116,0.00841673440851116
ofti,funding_abs,-0.008403922444592935,0.008403922444592935
crowded_short_squeeze_risk,execution_quality,-0.00840186346604356,0.00840186346604356
bb_width_z,btc_breakout_eth_lag_dir,-0.008399366288092042,0.008399366288092042
funding_roc_288,compression_score,-0.008391034046478282,0.008391034046478282
last_funding_rate,btc_breakout_eth_lag_dir,0.008382944157475829,0.008382944157475829
close,btc_breakout_eth_lag_dir,0.008379424935964531,0.008379424935964531
volume_btc,smart_money_flow,-0.008373219656980105,0.008373219656980105
volume_btc,oi_change_rate,-0.008373219656980105,0.008373219656980105
vwap_reject_flag,failed_breakout_down,-0.008368154004445292,0.008368154004445292
funding_price_divergence,jump_flag,-0.008368112163639644,0.008368112163639644
high,btc_impulse_x_eth_beta,0.008361439085122511,0.008361439085122511
long_squeeze_risk,cvd_48,-0.008360402562224051,0.008360402562224051
breakout_strength,oi_up_price_down,-0.008355373135152246,0.008355373135152246
cvp_poc_dist,liquidity_vacuum,-0.008355175879335422,0.008355175879335422
net_taker_ratio,hour_cos,0.008354147899425129,0.008354147899425129
last_funding_rate,bb_width,0.008353726336274809,0.008353726336274809
sum_toptrader_long_short_ratio,funding_z_score,-0.008350877934136846,0.008350877934136846
cvd_slope_12,btc_eth_volume_rank_spread,0.008347021518795095,0.008347021518795095
svps,btc_ret_z_48,-0.008344377732901045,0.008344377732901045
high,btc_ret_3,0.008341862689437533,0.008341862689437533
bb_width_z,sig_liquidity_trap,0.008339986897873821,0.008339986897873821
whale_conviction,eth_btc_ratio_change,0.00833517392595209,0.00833517392595209
close,log_return,0.008332810695744161,0.008332810695744161
volume,ou_funding_z,0.008319897776459726,0.008319897776459726
btc_ret_z_48,bb_width_pct_rank_288,0.008317368332691399,0.008317368332691399
cvp_vah_val_width,regime_trending,0.008316280030108692,0.008316280030108692
breakout_strength,funding_pressure,0.008313246599533648,0.008313246599533648
bb_width,lower_wick_z,0.008302395802980807,0.008302395802980807
dual_momentum,hurst_48,0.0082987314109739,0.0082987314109739
volume,funding_z_score,0.008294038986155283,0.008294038986155283
taker_acceleration,parkinson_vol,0.008293700562367426,0.008293700562367426
whale_retail_ratio,kalman_velocity,0.008293055768403992,0.008293055768403992
long_squeeze_risk,svps,-0.008286824367809115,0.008286824367809115
quote_volume_btc,net_taker_ratio,-0.008278101140199825,0.008278101140199825
sum_open_interest_value,funding_roc_48,0.008275281945705482,0.008275281945705482
trade_intensity,crowding_pressure,0.00825804372412285,0.00825804372412285
big_trade_ratio,cvd_12,-0.008257910355905188,0.008257910355905188
cvp_poc_dist,jump_flag,-0.008254965911053461,0.008254965911053461
turtle_signal,ofti,-0.008252150295834313,0.008252150295834313
funding_abs,liquidity_vacuum,0.00825085996933119,0.00825085996933119
hurst_288,kalman_velocity,-0.008250699687525797,0.008250699687525797
sum_toptrader_long_short_ratio,ou_funding_z,-0.008250226131000155,0.008250226131000155
sig_liquidity_trap,liquidity_vacuum,0.008244308243574519,0.008244308243574519
volatility_z,session_europe,0.008235719703331954,0.008235719703331954
btc_corr_60,funding_price_divergence,-0.008233988119890363,0.008233988119890363
turtle_signal,regime_trending,0.00822593743444844,0.00822593743444844
svps,sig_volume_confirm,0.008224792464197281,0.008224792464197281
volume_btc,lower_wick_z,-0.008223952017068811,0.008223952017068811
minute_sin,compression_release_down,0.008215402259058422,0.008215402259058422
rogers_satchell_vol,btc_ret_z_48,0.008206929680245839,0.008206929680245839
quote_volume,btc_corr_60,0.008206097276161508,0.008206097276161508
volume_btc,ou_halflife,-0.008206023955519039,0.008206023955519039
sum_open_interest_value,hurst_48,0.008191224339910414,0.008191224339910414
chop_index,sig_liquidity_trap,-0.008191061439482434,0.008191061439482434
minute_sin,ofti,0.008188133539742097,0.008188133539742097
sum_open_interest_value,volatility_z,0.008181193816317196,0.008181193816317196
turtle_signal,hurst_48,0.00818032204355362,0.00818032204355362
mta_funding,execution_quality,0.00817775704940312,0.00817775704940312
btc_impulse_x_eth_beta,ou_funding_z,-0.008176809546742443,0.008176809546742443
open,compression_release_down,0.00817136304796863,0.00817136304796863
macd_hist,vwap_dist_288,0.0081712355720705,0.0081712355720705
sum_toptrader_long_short_ratio,eth_btc_ret_spread_12,-0.008167164186255302,0.008167164186255302
funding_z_score,btc_impulse_x_eth_beta,-0.008157987408056903,0.008157987408056903
vwap_reject_flag,sweep_prev_low_reclaim,-0.008150986307809891,0.008150986307809891
btc_ret_z_48,eth_btc_beta_residual_z,0.008146750926088202,0.008146750926088202
whale_retail_ratio,cvd_12,-0.00814334696533715,0.00814334696533715
realized_skewness,oi_up_price_down,0.008138473049548824,0.008138473049548824
quote_volume_btc,crowded_long_unwind_risk,-0.00813144816393947,0.00813144816393947
big_trade_ratio,sig_trend_health,0.008104852956953495,0.008104852956953495
realized_vol_ratio,kalman_velocity,-0.008101408800032078,0.008101408800032078
rogers_satchell_vol,range_contraction_breakout_dir,-0.00810131256084654,0.00810131256084654
squeeze_power,svps,-0.00808870127965266,0.00808870127965266
trades,funding_roc_12,0.00808837074828699,0.00808837074828699
last_funding_rate,parkinson_vol,-0.00806523910490191,0.00806523910490191
funding_abs,btc_eth_volume_rank_spread,0.008038510587319024,0.008038510587319024
low,btc_breakout_eth_lag_dir,0.008036799054155747,0.008036799054155747
ofti,btc_ret_12,0.008030748709911308,0.008030748709911308
btc_ret_3,ou_funding_z,-0.008012833993972927,0.008012833993972927
funding_price_divergence,btc_eth_volume_rank_spread,-0.008011318744779594,0.008011318744779594
trade_intensity,cvp_cluster_position,0.008001304259090328,0.008001304259090328
funding_roc_12,cross_scale_curvature,0.007999352806005939,0.007999352806005939
minute_cos,session_us,0.007998598413604266,0.007998598413604266
whale_conviction,atr_pct_rank_288,0.007994448978957187,0.007994448978957187
funding_z_score,btc_ret_3,-0.007993727569236955,0.007993727569236955
close_btc,fvg_dist,0.007991325430882847,0.007991325430882847
funding_pressure,range_contraction_breakout_dir,0.007986397209006917,0.007986397209006917
session_europe,hurst_48,-0.007978873222948473,0.007978873222948473
session_europe,upper_wick_z,0.007970688592906821,0.007970688592906821
net_taker_ratio,ou_halflife,-0.007970356459318323,0.007970356459318323
hour_cos,crowding_pressure,0.007959837411443852,0.007959837411443852
realized_skewness,garch_vol_z,-0.007953368684145392,0.007953368684145392
btc_breakout_eth_lag_dir,liquidity_vacuum,0.007949481207115595,0.007949481207115595
close_btc,funding_roc_12,0.007944301084530966,0.007944301084530966
funding_pressure,sig_trend_health,0.007942087269133242,0.007942087269133242
svps,ou_halflife,0.007941460206435118,0.007941460206435118
garman_klass_vol,btc_ret_z_48,0.00793772178982023,0.00793772178982023
rogers_satchell_vol,mta_funding,-0.007937579516716708,0.007937579516716708
session_us,svps,0.00791844347435119,0.00791844347435119
garman_klass_vol,range_contraction_breakout_dir,-0.007913318362078653,0.007913318362078653
hour_cos,cvd_slope_48,-0.007913049581830147,0.007913049581830147
funding_roc_48,eth_btc_ret_spread_12,-0.007910665211241464,0.007910665211241464
big_trade_ratio,cvd_slope_12,-0.00790183862780731,0.00790183862780731
cvp_vah_val_width,fibonacci_level,0.007891351296534494,0.007891351296534494
minute_sin,execution_quality,-0.007889472819450238,0.007889472819450238
regime_trending,cvd_288,-0.007875628712835618,0.007875628712835618
net_taker_ratio,dual_momentum,0.007862927856662781,0.007862927856662781
last_funding_rate,vwap_dist_24,-0.00785487344768529,0.00785487344768529
btc_volume_impulse_z,cross_scale_curvature,0.007836426750485433,0.007836426750485433
high,btc_breakout_eth_lag_dir,0.007831838707403758,0.007831838707403758
is_hour_open,upper_wick_z,-0.00782514157511523,0.00782514157511523
parkinson_vol,ou_funding_z,-0.007813311341663562,0.007813311341663562
funding_roc_48,cvd_breakout_z,0.007812995468989609,0.007812995468989609
mtf_trend_1h,funding_roc_48,-0.00780755296479218,0.00780755296479218
parkinson_vol,funding_z_score,-0.007807510024865954,0.007807510024865954
hour_cos,vwap_reclaim_flag,-0.007803668119282904,0.007803668119282904
funding_roc_48,svps,0.007802979627738147,0.007802979627738147
sum_toptrader_long_short_ratio,crowding_pressure,0.007795206520286344,0.007795206520286344
hurst_288,realized_skewness,0.0077921160478769645,0.0077921160478769645
net_taker_ratio,realized_skewness,-0.007787738696531807,0.007787738696531807
taker_buy_base,sum_toptrader_long_short_ratio,0.0077852301587089555,0.0077852301587089555
jump_flag,cross_scale_curvature,-0.00778166328950726,0.00778166328950726
cvd_slope_48,compression_score,-0.007772950042774671,0.007772950042774671
cvd_breakout_z,liquidity_vacuum,0.007770469462771597,0.007770469462771597
eth_btc_ret_spread_12,crowded_long_unwind_risk,-0.007769596202279191,0.007769596202279191
btc_corr_60,btc_ret_6,0.0077676732023926,0.0077676732023926
taker_buy_base,fvg_dist,0.007758093928014931,0.007758093928014931
close,eth_btc_ret_spread_48,0.007746913346327638,0.007746913346327638
hour_cos,compression_release_up,0.007741525299691967,0.007741525299691967
big_trade_ratio,hma_slope,-0.007733738175207967,0.007733738175207967
taker_buy_base,anchored_vwap_session_dist,-0.007728636282229611,0.007728636282229611
taker_buy_quote,anchored_vwap_session_dist,0.007727969784777991,0.007727969784777991
regime_trending,vwap_dist_24,0.00772718537877708,0.00772718537877708
close_btc,chop_index,-0.007726132767403619,0.007726132767403619
hma_slope,session_europe,-0.007717589157032304,0.007717589157032304
smart_money_flow,bb_width_z,0.007716480625117255,0.007716480625117255
oi_change_rate,bb_width_z,0.007716480625117255,0.007716480625117255
high,volume,0.007711023263025617,0.007711023263025617
bb_width_z,btc_ret_z_48,0.0077074092915399755,0.0077074092915399755
cvd_slope_12,crowded_long_unwind_risk,0.007703301654234347,0.007703301654234347
big_trade_ratio,range_contraction_breakout_dir,-0.007698298286923841,0.007698298286923841
session_us,short_squeeze_risk,0.0076957625917813445,0.0076957625917813445
session_europe,lower_wick_z,0.007694552112011925,0.007694552112011925
is_hour_open,lower_wick_z,-0.007692003243418653,0.007692003243418653
squeeze_power,cross_scale_curvature,0.007691353522473156,0.007691353522473156
whale_conviction,execution_quality,-0.007689249350820708,0.007689249350820708
session_us,funding_price_divergence,-0.007666394599611147,0.007666394599611147
svps,range_contraction_breakout_dir,0.007652563039481243,0.007652563039481243
taker_buy_base,fibonacci_level,-0.0076455581864298865,0.0076455581864298865
funding_roc_12,hurst_288,0.007639616505920507,0.007639616505920507
count_long_short_ratio,cvp_regime,0.007637658861176636,0.007637658861176636
cvp_vah_val_width,price_cvd_divergence,0.007635869042534607,0.007635869042534607
funding_pressure,compression_score,-0.00763391717846358,0.00763391717846358
cvd_12,btc_eth_volume_rank_spread,-0.007629754875630071,0.007629754875630071
bb_width,range_contraction_breakout_dir,-0.007625861321686764,0.007625861321686764
is_hour_open,compression_release_up,0.0076242671804676795,0.0076242671804676795
cvp_cluster_position,funding_abs,0.0076237079515213396,0.0076237079515213396
session_us,oi_up_price_up,0.007613992477789748,0.007613992477789748
low,eth_btc_ret_spread_48,0.00761233778994234,0.00761233778994234
mtf_trend_1h,jump_flag,-0.007609338758382802,0.007609338758382802
whale_conviction,volatility_z,0.007602176315440699,0.007602176315440699
session_europe,breakout_strength,0.0075912428988125,0.0075912428988125
close_btc,oi_up_price_down,0.007580718459878119,0.007580718459878119
taker_buy_base,ou_funding_z,0.0075802586671070826,0.0075802586671070826
mean_reversion_z,ofti,0.007571924280766848,0.007571924280766848
close_btc,hma_slope,0.007569673441995665,0.007569673441995665
session_europe,fibonacci_level,0.007562687661163211,0.007562687661163211
taker_buy_base,funding_z_score,0.007559874125250941,0.007559874125250941
ou_funding_z,liquidity_vacuum,-0.007559346096280895,0.007559346096280895
wick_ratio,sig_trend_health,-0.00755025108135066,0.00755025108135066
sum_toptrader_long_short_ratio,execution_quality,-0.0075466303866248184,0.0075466303866248184
bb_width_pct_rank_288,lower_wick_z,0.007541468069973507,0.007541468069973507
funding_z_score,liquidity_vacuum,-0.007539497911256528,0.007539497911256528
parkinson_vol,range_contraction_breakout_dir,-0.007536976801458935,0.007536976801458935
cvp_regime,dual_momentum,0.0075112796704206106,0.0075112796704206106
fvg_dist,hour_sin,0.007510751491951562,0.007510751491951562
mta_funding,ou_funding_z,-0.007509723224552009,0.007509723224552009
session_us,cvd_12,0.007503830580561634,0.007503830580561634
hour_cos,regime_trending,-0.007503778740750517,0.007503778740750517
volatility_z,btc_lead_eth_follow_gap_3,0.007503722935078817,0.007503722935078817
whale_conviction,turtle_signal,-0.007503258302662488,0.007503258302662488
whale_conviction,evt_tail_flag,0.007501737316000612,0.007501737316000612
funding_z_score,mta_funding,-0.007499081283049904,0.007499081283049904
whale_conviction,evt_excess_z,0.007491925740115068,0.007491925740115068
funding_roc_48,hurst_288,0.007488863868603131,0.007488863868603131
ofi_acceleration,cvd_288,-0.007488466813062114,0.007488466813062114
funding_pressure,compression_release_up,0.007484801759360522,0.007484801759360522
session_europe,funding_abs,-0.0074655638316044265,0.0074655638316044265
parkinson_vol,crowding_pressure,-0.007465078695695534,0.007465078695695534
close_btc,ofti,-0.007463452418614813,0.007463452418614813
sum_toptrader_long_short_ratio,big_trade_ratio,-0.007451412999261401,0.007451412999261401
smart_money_flow,eth_btc_ratio_change,-0.007449869171251238,0.007449869171251238
oi_change_rate,eth_btc_ratio_change,-0.007449869171251238,0.007449869171251238
long_squeeze_risk,sig_liquidity_trap,-0.007449186683328608,0.007449186683328608
cvp_volume_imbalance,ou_halflife,0.007448657312344889,0.007448657312344889
liquidity_vacuum,crowding_pressure,-0.007448049970934986,0.007448049970934986
rsi,funding_roc_12,0.007442239676436562,0.007442239676436562
amihud_illiquidity_z,cvp_volume_imbalance,-0.007436276731804781,0.007436276731804781
volume_btc,funding_roc_48,-0.007434510390531285,0.007434510390531285
parkinson_vol,btc_ret_z_48,0.007431292147842749,0.007431292147842749
svps,cross_scale_curvature,0.007427621237041337,0.007427621237041337
smart_money_flow,session_us,-0.0074219930508406876,0.0074219930508406876
oi_change_rate,session_us,-0.0074219930508406876,0.0074219930508406876
compression_score,crowded_short_squeeze_risk,-0.0074218672130870935,0.0074218672130870935
cvp_vah_val_width,realized_skewness,-0.007420076181485678,0.007420076181485678
svps,btc_ret_6,-0.0074158535982371135,0.0074158535982371135
taker_acceleration,realized_skewness,-0.007415122092001921,0.007415122092001921
garman_klass_vol,crowding_pressure,-0.007405013899871181,0.007405013899871181
cvd_288,compression_release_down,-0.007389248198685499,0.007389248198685499
last_funding_rate,whale_conviction,0.007386162023653961,0.007386162023653961
session_europe,crowded_short_squeeze_risk,-0.007372305805770856,0.007372305805770856
close,jump_z,0.007365245618070438,0.007365245618070438
hma_slope,ofi_acceleration,0.00736403170035892,0.00736403170035892
mean_reversion_z,btc_ret_z_48,-0.007355820127414119,0.007355820127414119
hurst_288,oi_up_price_down,0.007351930176574604,0.007351930176574604
btc_lead_eth_follow_gap_3,garch_vol_z,0.007346770358985698,0.007346770358985698
open,btc_breakout_eth_lag_dir,0.007346037505722776,0.007346037505722776
cvd_slope_12,cross_scale_curvature,0.007334527332875019,0.007334527332875019
volume,cvd_slope_48,-0.007332551446263935,0.007332551446263935
volume,vwap_reject_flag,0.007331524799775439,0.007331524799775439
funding_roc_12,cvd_slope_12,-0.007327775721357468,0.007327775721357468
minute_cos,session_europe,-0.007326996011972827,0.007326996011972827
realized_vol_ratio,hurst_288,0.0073249182358503,0.0073249182358503
count_long_short_ratio,svps,0.007320011844900785,0.007320011844900785
btc_corr_60,funding_roc_12,-0.007317495738393978,0.007317495738393978
svps,btc_ret_12,-0.007312109656646834,0.007312109656646834
btc_eth_volume_rank_spread,crowded_long_unwind_risk,0.0073035021539865266,0.0073035021539865266
chop_index,funding_price_divergence,0.007297225989549146,0.007297225989549146
is_hour_open,short_squeeze_risk,-0.007297164330151371,0.007297164330151371
garman_klass_vol,ou_funding_z,-0.007277032200497056,0.007277032200497056
smart_money_flow,eth_btc_beta_residual_z,-0.007270945575717036,0.007270945575717036
oi_change_rate,eth_btc_beta_residual_z,-0.007270945575717036,0.007270945575717036
amihud_illiquidity_z,btc_ret_1,0.007266885492920742,0.007266885492920742
garman_klass_vol,funding_z_score,-0.007266406538866153,0.007266406538866153
trades,cvd_breakout_z,-0.007265880191101865,0.007265880191101865
long_squeeze_risk,funding_oi_divergence,-0.007262853706482029,0.007262853706482029
hour_cos,dual_momentum,-0.007241911822779724,0.007241911822779724
cvd_288,upper_wick_z,-0.007237178189064735,0.007237178189064735
ofti,distance_to_day_high_low_pct,-0.007236912742526967,0.007236912742526967
trade_intensity,cvp_volume_imbalance,0.007236159137205123,0.007236159137205123
taker_acceleration,trade_intensity,0.007234604088226651,0.007234604088226651
close_btc,sig_volume_confirm,-0.007232692430712756,0.007232692430712756
sum_toptrader_long_short_ratio,compression_release_up,0.007229786761984124,0.007229786761984124
count_long_short_ratio,session_us,-0.0072297072454906314,0.0072297072454906314
oi_change_rate,realized_skewness,0.007227062944437457,0.007227062944437457
smart_money_flow,realized_skewness,0.007227062944437457,0.007227062944437457
amihud_illiquidity_z,fvg_dist,0.007222585957618355,0.007222585957618355
squeeze_power,garch_vol_z,0.007218549834158598,0.007218549834158598
svps,btc_ret_1,-0.007215050165586002,0.007215050165586002
realized_skewness,compression_release_up,-0.0072090511377090665,0.0072090511377090665
kalman_velocity,liquidity_vacuum,0.007205747266973711,0.007205747266973711
funding_roc_288,sig_trend_health,-0.007204547955112686,0.007204547955112686
whale_conviction,rogers_satchell_vol,-0.007203863113334241,0.007203863113334241
high,eth_btc_ret_spread_48,0.007198588659805617,0.007198588659805617
whale_conviction,parkinson_vol,-0.007194484946943669,0.007194484946943669
funding_abs,compression_release_up,0.0071892001375621056,0.0071892001375621056
amihud_illiquidity_z,cvd_breakout_z,0.007188361534599143,0.007188361534599143
cvp_cluster_position,regime_trending,0.007182871994908896,0.007182871994908896
volume,taker_acceleration,-0.007177403674862549,0.007177403674862549
ofti,vwap_dist_24,0.007174316406734799,0.007174316406734799
funding_roc_48,kalman_velocity,-0.007171963107533849,0.007171963107533849
high,big_trade_ratio,0.007163931651879342,0.007163931651879342
wick_ratio,jump_z,-0.007153485037034396,0.007153485037034396
mta_funding,cvd_slope_48,0.00715329398025384,0.00715329398025384
ofti,regime_persistence,-0.007151264681716713,0.007151264681716713
bb_width,minute_cos,-0.007140631865994889,0.007140631865994889
whale_retail_ratio,vwap_dist_24,0.00713692291417951,0.00713692291417951
volatility_z,hma_slope,-0.0071357467276750896,0.0071357467276750896
regime_trending,ou_halflife,0.0071164256813452354,0.0071164256813452354
taker_buy_quote,regime_persistence,-0.007115689159059506,0.007115689159059506
amihud_illiquidity_z,cvd_48,0.007110416382584225,0.007110416382584225
whale_conviction,garman_klass_vol,-0.007107869207812864,0.007107869207812864
wick_ratio,hurst_48,0.0071071814841466505,0.0071071814841466505
macd_hist,cvd_288,-0.0070933664545638105,0.0070933664545638105
log_return,wick_ratio,-0.007088127543765247,0.007088127543765247
last_funding_rate,cross_scale_curvature,0.007082052870421956,0.007082052870421956
chop_index,cvp_vah_val_width,0.007081856805111709,0.007081856805111709
compression_score,lower_wick_z,-0.007081178481101968,0.007081178481101968
cvp_poc_dist,ofti,-0.007070609061096111,0.007070609061096111
count_long_short_ratio,sig_volume_confirm,-0.007069301297057544,0.007069301297057544
cvd_slope_48,atr_pct_rank_288,0.007062490551743427,0.007062490551743427
cvp_poc_dist,oi_up_price_down,-0.007058255730378119,0.007058255730378119
session_us,cvp_cluster_position,-0.007052472806695447,0.007052472806695447
rogers_satchell_vol,crowding_pressure,-0.007047218192146022,0.007047218192146022
hurst_48,lower_wick_z,0.00704194794781033,0.00704194794781033
svps,btc_impulse_x_eth_beta,-0.007033167122504883,0.007033167122504883
open,sig_volume_confirm,-0.007032541403342057,0.007032541403342057
dual_momentum,cvd_slope_48,-0.007025457714314958,0.007025457714314958
wick_ratio,ofi_acceleration,-0.007017011672619828,0.007017011672619828
hour_cos,btc_breakout_eth_lag_dir,-0.007014375098252488,0.007014375098252488
net_taker_ratio,compression_score,-0.007006827418001275,0.007006827418001275
taker_acceleration,cvd_288,-0.0070027779642020775,0.0070027779642020775
whale_retail_ratio,log_return,0.007001641361732277,0.007001641361732277
wick_ratio,compression_score,0.007000086011944219,0.007000086011944219
hurst_48,crowding_pressure,0.0069990853289254185,0.0069990853289254185
session_europe,regime_persistence,0.0069973218413482505,0.0069973218413482505
funding_pressure,sweep_prev_high_reclaim,0.006992583907630951,0.006992583907630951
bb_width,btc_ret_6,-0.006981812969159118,0.006981812969159118
failed_breakout_up,jump_z,0.00697801410207617,0.00697801410207617
chop_index,funding_pressure,-0.006976922717729096,0.006976922717729096
realized_skewness,evt_tail_flag,-0.006969292843468652,0.006969292843468652
svps,btc_ret_3,-0.00696130048736211,0.00696130048736211
cvp_poc_dist,execution_quality,-0.006946783476495023,0.006946783476495023
realized_skewness,evt_excess_z,-0.006945836306512845,0.006945836306512845
funding_roc_288,price_cvd_divergence,-0.006940559809148246,0.006940559809148246
oi_change_rate,cvp_regime,0.00694047137057396,0.00694047137057396
smart_money_flow,cvp_regime,0.00694047137057396,0.00694047137057396
funding_oi_divergence,ou_funding_z,0.0069360020137541325,0.0069360020137541325
realized_skewness,compression_score,0.006935680547816342,0.006935680547816342
net_taker_ratio,bb_width_z,0.006931609392363848,0.006931609392363848
quote_volume,cvd_slope_48,-0.006931097861714599,0.006931097861714599
funding_z_score,funding_oi_divergence,0.006930319999666054,0.006930319999666054
oi_change_rate,bb_width,0.006929307306124206,0.006929307306124206
smart_money_flow,bb_width,0.006929307306124206,0.006929307306124206
oi_change_rate,bb_width_pct_rank_288,0.006916680264575206,0.006916680264575206
smart_money_flow,bb_width_pct_rank_288,0.006916680264575206,0.006916680264575206
failed_breakout_up,sig_volume_confirm,0.0069160029714701405,0.0069160029714701405
mtf_trend_4h,cvp_vah_val_width,0.006914136218260992,0.006914136218260992
trade_intensity,btc_breakout_eth_lag_dir,0.00691200119380852,0.00691200119380852
sweep_prev_high_reclaim,jump_z,0.00690952413082928,0.00690952413082928
minute_cos,eth_btc_beta_residual_z,-0.006906236665559976,0.006906236665559976
close_btc,crowding_pressure,0.006897424369057349,0.006897424369057349
btc_ret_1,failed_breakout_up,0.006896547778734306,0.006896547778734306
funding_pressure,failed_breakout_up,0.006895561528720717,0.006895561528720717
volume_btc,vwap_reject_flag,0.0068895610423712695,0.0068895610423712695
funding_z_score,btc_lead_eth_follow_gap_3,0.006885106550758921,0.006885106550758921
realized_vol_ratio,vwap_reclaim_flag,0.006882282045008236,0.006882282045008236
trade_intensity,cvp_poc_dist,0.006877015744102092,0.006877015744102092
is_hour_open,crowded_short_squeeze_risk,-0.006875426570524307,0.006875426570524307
btc_ret_1,sweep_prev_high_reclaim,0.006875040153346876,0.006875040153346876
evt_excess_z,cross_scale_curvature,-0.006873296842321541,0.006873296842321541
btc_lead_eth_follow_gap_3,ou_funding_z,0.006871797217288272,0.006871797217288272
amihud_illiquidity_z,vwap_dist_24,0.006863201119130849,0.006863201119130849
mta_funding,btc_lead_eth_follow_gap_3,-0.00686234329470449,0.00686234329470449
funding_abs,oi_up_price_down,0.0068444888003439,0.0068444888003439
cvp_regime,regime_trending,0.006844310607395312,0.006844310607395312
cvd_breakout_z,ou_halflife,-0.006830916064813286,0.006830916064813286
funding_pressure,anchored_vwap_session_dist,0.006825508102416746,0.006825508102416746
hour_sin,btc_breakout_eth_lag_dir,-0.006817450646449608,0.006817450646449608
squeeze_power,compression_score,-0.006817179832417374,0.006817179832417374
sweep_prev_high_reclaim,sig_volume_confirm,0.006812833318874104,0.006812833318874104
cvp_regime,mean_reversion_z,0.006810420095010578,0.006810420095010578
close_btc,ou_funding_z,0.006808089413620038,0.006808089413620038
sweep_prev_low_reclaim,jump_flag,0.0068069218713446445,0.0068069218713446445
amihud_illiquidity_z,anchored_vwap_session_dist,-0.006806086046237966,0.006806086046237966
low,volume_btc,0.006796106529242917,0.006796106529242917
amihud_illiquidity_z,regime_persistence,-0.006793343742915,0.006793343742915
eth_btc_ratio_change,compression_score,0.006792742194665407,0.006792742194665407
session_europe,btc_lead_eth_follow_gap_3,0.006776695153144326,0.006776695153144326
btc_breakout_eth_lag_dir,jump_flag,-0.006769804237556887,0.006769804237556887
open,eth_btc_beta_residual_z,-0.006749178414038168,0.006749178414038168
close_btc,funding_z_score,0.006747224060843719,0.006747224060843719
funding_roc_288,lower_wick_z,0.006746952582930273,0.006746952582930273
vwap_dist_96,funding_flip_signal,0.006745418510888381,0.006745418510888381
btc_ret_1,atr_pct_rank_288,-0.006741593934495686,0.006741593934495686
kel,atr_pct_rank_288,-0.00674145164462783,0.00674145164462783
cvp_poc_dist,funding_abs,-0.006739047831748198,0.006739047831748198
taker_acceleration,minute_cos,-0.006738216894308912,0.006738216894308912
quote_volume,taker_acceleration,-0.0067348798691745666,0.0067348798691745666
open,eth_btc_ret_spread_48,0.006733736735282966,0.006733736735282966
high,compression_score,-0.006732219853174153,0.006732219853174153
breakout_strength,ofti,-0.006728983380377669,0.006728983380377669
funding_oi_divergence,failed_breakout_up,-0.006711899227941396,0.006711899227941396
mtf_trend_1h,funding_roc_288,-0.0067063758542565705,0.0067063758542565705
evt_tail_flag,cross_scale_curvature,-0.006694766845318858,0.006694766845318858
cvp_vah_val_width,sweep_prev_low_reclaim,0.006693030540207284,0.006693030540207284
parkinson_vol,btc_lead_eth_follow_gap_3,0.00669284548602439,0.00669284548602439
sum_toptrader_long_short_ratio,btc_volume_impulse_z,-0.006692417751960594,0.006692417751960594
sum_toptrader_long_short_ratio,sweep_prev_low_reclaim,0.006690078379623671,0.006690078379623671
funding_oi_divergence,sweep_prev_high_reclaim,-0.006684140062598696,0.006684140062598696
taker_acceleration,funding_roc_12,-0.006683054074358799,0.006683054074358799
sum_toptrader_long_short_ratio,chop_index,-0.006681555163657193,0.006681555163657193
ofi_acceleration,ofti,-0.006679645183979147,0.006679645183979147
eth_btc_ratio_change,session_us,-0.006674111663091289,0.006674111663091289
count_long_short_ratio,funding_roc_12,-0.006673494525168391,0.006673494525168391
dual_momentum,regime_trending,0.006670907155687056,0.006670907155687056
cvp_vah_val_width,failed_breakout_down,0.00666518260311683,0.00666518260311683
open,btc_ret_z_48,-0.006662539792408546,0.006662539792408546
turtle_signal,liquidity_vacuum,0.006654865061098406,0.006654865061098406
volume,oi_up_price_down,-0.006650744216444419,0.006650744216444419
amihud_illiquidity_z,cvd_slope_12,0.006649590338226969,0.006649590338226969
volume_btc,crowded_long_unwind_risk,-0.006644618460404387,0.006644618460404387
whale_conviction,liquidity_vacuum,0.006640599829682655,0.006640599829682655
garman_klass_vol,btc_lead_eth_follow_gap_3,0.006639473826947853,0.006639473826947853
sum_toptrader_long_short_ratio,failed_breakout_down,0.00663780430052899,0.00663780430052899
cvd_48,liquidity_vacuum,0.006622481710068847,0.006622481710068847
btc_corr_60,liquidity_vacuum,0.006606673066820452,0.006606673066820452
ofti,anchored_vwap_session_dist,-0.006602387101541145,0.006602387101541145
log_return,failed_breakout_up,0.006598169674954512,0.006598169674954512
funding_roc_12,mta_funding,-0.006585522754745249,0.006585522754745249
cvp_regime,cvd_48,0.006585160307331229,0.006585160307331229
funding_z_score,bb_width_pct_rank_288,0.006579871681004814,0.006579871681004814
last_funding_rate,sweep_prev_low_reclaim,0.006575402242622973,0.006575402242622973
low,execution_quality,0.006570517221608064,0.006570517221608064
bb_width_pct_rank_288,ou_funding_z,0.0065682566050767645,0.0065682566050767645
cvp_vah_val_width,vwap_reclaim_flag,0.006564335528486662,0.006564335528486662
ofi_acceleration,btc_ret_12,-0.006560139092385378,0.006560139092385378
cvp_regime,cvd_12,0.006557265797857,0.006557265797857
hour_sin,dual_momentum,0.006555279221785437,0.006555279221785437
whale_conviction,lower_wick_z,-0.006554466064054857,0.006554466064054857
realized_skewness,btc_ret_1,0.006551856177512071,0.006551856177512071
whale_retail_ratio,funding_price_divergence,0.006550522460742737,0.006550522460742737
log_return,sweep_prev_high_reclaim,0.0065458418011639955,0.0065458418011639955
rsi,hour_sin,0.0065391448136933915,0.0065391448136933915
amihud_illiquidity_z,turtle_signal,0.0065346811556659355,0.0065346811556659355
btc_ret_12,oi_up_price_down,-0.006532720849667857,0.006532720849667857
chop_index,eth_btc_ret_spread_12,0.006532145281675809,0.006532145281675809
session_us,oi_up_price_down,0.0065268733752177266,0.0065268733752177266
last_funding_rate,failed_breakout_down,0.0065173778052510685,0.0065173778052510685
funding_roc_288,kalman_velocity,-0.006514248797967185,0.006514248797967185
wick_ratio,funding_oi_divergence,0.006509968566246919,0.006509968566246919
sum_open_interest_value,vwap_reclaim_flag,-0.006506882515383968,0.006506882515383968
log_return,compression_score,0.006506665333849482,0.006506665333849482
open,btc_impulse_x_eth_beta,0.006504721622779672,0.006504721622779672
squeeze_power,vwap_dist_24,-0.006504431124338495,0.006504431124338495
last_funding_rate,btc_lead_eth_follow_gap_3,0.0064959773278625,0.0064959773278625
net_taker_ratio,atr_pct_rank_288,0.006491986186829731,0.006491986186829731
open,btc_ret_3,0.006489763397074237,0.006489763397074237
trade_intensity,funding_roc_12,0.006486872592603688,0.006486872592603688
wick_ratio,realized_skewness,0.006483735467783108,0.006483735467783108
kalman_velocity,bb_width_pct_rank_288,-0.006482522655401348,0.006482522655401348
is_hour_open,failed_breakout_up,0.006477744970261269,0.006477744970261269
whale_conviction,amihud_illiquidity_z,-0.006476001934207629,0.006476001934207629
btc_ret_3,jump_flag,-0.006471636044988068,0.006471636044988068
range_contraction_breakout_dir,evt_tail_flag,-0.006470182327456377,0.006470182327456377
minute_sin,vwap_reject_flag,0.006469467995238525,0.006469467995238525
btc_corr_60,range_contraction_breakout_dir,-0.006469183826923073,0.006469183826923073
rogers_satchell_vol,btc_lead_eth_follow_gap_3,0.006462936018308058,0.006462936018308058
chop_index,minute_cos,-0.00646281481184486,0.00646281481184486
session_europe,cvp_vah_val_width,0.006462275775378177,0.006462275775378177
btc_breakout_eth_lag_dir,evt_excess_z,-0.0064620958413361945,0.0064620958413361945
rogers_satchell_vol,ou_funding_z,-0.006461591335001464,0.006461591335001464
regime_trending,distance_to_day_high_low_pct,0.006452989459844428,0.006452989459844428
big_trade_ratio,short_squeeze_risk,0.006452679751621676,0.006452679751621676
squeeze_power,sweep_prev_low_reclaim,0.006449678116120094,0.006449678116120094
rogers_satchell_vol,funding_z_score,-0.006448451600405791,0.006448451600405791
whale_conviction,is_hour_open,-0.006440587209517288,0.006440587209517288
big_trade_ratio,rsi,0.006432558822635605,0.006432558822635605
sum_open_interest_value,compression_score,-0.006431609960676953,0.006431609960676953
hour_cos,range_contraction_breakout_dir,0.006424369934225187,0.006424369934225187
count_long_short_ratio,log_return,-0.006422054033320359,0.006422054033320359
btc_breakout_eth_lag_dir,evt_tail_flag,-0.006420090544144983,0.006420090544144983
btc_impulse_x_eth_beta,jump_flag,-0.006417562399724966,0.006417562399724966
ou_halflife,crowding_pressure,-0.0064153002800149996,0.0064153002800149996
is_hour_open,sweep_prev_high_reclaim,0.006407561398022596,0.006407561398022596
kalman_velocity,btc_eth_volume_rank_spread,-0.006404905965739666,0.006404905965739666
minute_cos,btc_lead_eth_follow_gap_3,0.006401787258448195,0.006401787258448195
squeeze_power,failed_breakout_down,0.006397597451072002,0.006397597451072002
funding_flip_signal,sweep_prev_low_reclaim,-0.006396035058537816,0.006396035058537816
mtf_trend_4h,funding_pressure,0.0063950062715625155,0.0063950062715625155
close_btc,btc_ret_6,0.006390856204120565,0.006390856204120565
wick_ratio,minute_sin,-0.006390081839587793,0.006390081839587793
cvd_slope_48,vwap_dist_288,0.006387472577395979,0.006387472577395979
hma_slope,garch_vol_z,-0.006386573687497668,0.006386573687497668
is_hour_open,vwap_reclaim_flag,0.006386157454076943,0.006386157454076943
volume,cvp_poc_dist,-0.006382594668075919,0.006382594668075919
crowding_pressure,execution_quality,0.006375244932961258,0.006375244932961258
funding_flip_signal,failed_breakout_down,-0.006374653165185237,0.006374653165185237
kalman_velocity,svps,0.006371698938643457,0.006371698938643457
high,sig_volume_confirm,-0.006368061582819684,0.006368061582819684
bb_width,hour_cos,-0.006367695386915436,0.006367695386915436
hour_cos,ou_funding_z,-0.006365385903972281,0.006365385903972281
hour_cos,funding_z_score,-0.006362730402173981,0.006362730402173981
squeeze_power,net_taker_ratio,-0.006362428542921874,0.006362428542921874
regime_trending,cvd_48,-0.006352981042790745,0.006352981042790745
volume,ofi_acceleration,-0.006351973473989132,0.006351973473989132
minute_sin,sweep_prev_high_reclaim,0.006351699616935398,0.006351699616935398
eth_btc_beta_residual_z,compression_score,0.00635060213480546,0.00635060213480546
low,sig_volume_confirm,-0.00634460693391627,0.00634460693391627
minute_sin,failed_breakout_up,0.00634067237808277,0.00634067237808277
bb_width_z,realized_skewness,-0.006340019887650866,0.006340019887650866
funding_pressure,btc_ret_12,0.00633732168913092,0.00633732168913092
btc_corr_60,vwap_dist_24,0.00633683871612618,0.00633683871612618
squeeze_power,btc_lead_eth_follow_gap_3,0.00633655695692021,0.00633655695692021
smart_money_flow,trade_intensity,0.006335856587136678,0.006335856587136678
oi_change_rate,trade_intensity,0.006335856587136678,0.006335856587136678
bb_width,btc_lead_eth_follow_gap_3,0.006335103545451346,0.006335103545451346
bb_width,crowded_long_unwind_risk,0.006331190134332649,0.006331190134332649
taker_buy_base,hma_slope,0.006330702321546322,0.006330702321546322
whale_conviction,vwap_reclaim_flag,0.006327753641163016,0.006327753641163016
whale_retail_ratio,funding_oi_divergence,-0.006327546147439106,0.006327546147439106
mta_funding,evt_excess_z,-0.006326017829851306,0.006326017829851306
realized_vol_ratio,ofi_acceleration,0.0063249926130136405,0.0063249926130136405
cvp_regime,sig_liquidity_trap,0.006310869587433926,0.006310869587433926
sum_toptrader_long_short_ratio,macd_hist,0.006309444732393956,0.006309444732393956
parkinson_vol,cvd_breakout_z,0.006308897817144952,0.006308897817144952
compression_score,crowded_long_unwind_risk,-0.006307223010913202,0.006307223010913202
funding_abs,vwap_dist_24,0.006305330389275076,0.006305330389275076
funding_z_score,atr_pct_rank_288,0.0063009963569364705,0.0063009963569364705
volatility_z,eth_btc_beta_residual_z,-0.006293664425180404,0.006293664425180404
sum_toptrader_long_short_ratio,hour_sin,0.006292592139756964,0.006292592139756964
count_long_short_ratio,cvd_slope_12,0.006292261724934946,0.006292261724934946
atr_pct_rank_288,ou_funding_z,0.006286923470875549,0.006286923470875549
ofti,vwap_dist_96,-0.006286588600423401,0.006286588600423401
btc_ret_6,oi_up_price_down,-0.006283839724007042,0.006283839724007042
whale_retail_ratio,upper_wick_z,-0.006282814495475723,0.006282814495475723
whale_retail_ratio,jump_z,0.006278384773976346,0.006278384773976346
mta_funding,evt_tail_flag,-0.006273591065033741,0.006273591065033741
anchored_vwap_session_dist,crowded_long_unwind_risk,0.006270158476970072,0.006270158476970072
btc_corr_60,vwap_reject_flag,0.006268083035815865,0.006268083035815865
vwap_dist_96,ou_funding_z,-0.0062616354950941235,0.0062616354950941235
funding_z_score,vwap_dist_96,-0.006258185308791892,0.006258185308791892
rsi,funding_roc_288,-0.00625203532672628,0.00625203532672628
smart_money_flow,parkinson_vol,0.006244682829989359,0.006244682829989359
oi_change_rate,parkinson_vol,0.006244682829989359,0.006244682829989359
long_squeeze_risk,upper_wick_z,-0.0062403232867716705,0.0062403232867716705
range_contraction_breakout_dir,evt_excess_z,-0.0062374696616257965,0.0062374696616257965
rsi,funding_pressure,0.0062336042484122,0.0062336042484122
eth_btc_ret_spread_12,jump_flag,-0.006229399356728646,0.006229399356728646
wick_ratio,mta_funding,0.006228906777530394,0.006228906777530394
amihud_illiquidity_z,distance_to_day_high_low_pct,-0.006224670222188233,0.006224670222188233
failed_breakout_down,jump_flag,0.00622206279023936,0.00622206279023936
funding_roc_288,jump_flag,0.006207760620911693,0.006207760620911693
mtf_trend_4h,hurst_48,0.006205011112505343,0.006205011112505343
funding_roc_48,btc_volume_impulse_z,-0.0061997604296283645,0.0061997604296283645
bb_width_pct_rank_288,upper_wick_z,0.0061996261615360005,0.0061996261615360005
compression_score,funding_oi_divergence,-0.00618097314684377,0.00618097314684377
hma_slope,hurst_288,-0.006178582453114445,0.006178582453114445
sum_toptrader_long_short_ratio,fvg_dist,-0.006168458733407719,0.006168458733407719
low,atr_pct_rank_288,-0.0061677041311057,0.0061677041311057
whale_retail_ratio,vwap_reclaim_flag,-0.006160324096199054,0.006160324096199054
session_us,eth_btc_beta_residual_z,-0.006159341207074721,0.006159341207074721
hurst_48,upper_wick_z,0.006156936174520254,0.006156936174520254
eth_btc_ratio_change,hour_cos,0.006154571193429412,0.006154571193429412
cvd_12,jump_flag,-0.006154295534474008,0.006154295534474008
session_us,ou_halflife,-0.006150478192753474,0.006150478192753474
btc_corr_60,btc_ret_12,0.006142041857737906,0.006142041857737906
kel,funding_pressure,0.006137039981386047,0.006137039981386047
cvp_regime,oi_up_price_up,0.0061350905115310946,0.0061350905115310946
close,sig_volume_confirm,-0.0061322734842256185,0.0061322734842256185
distance_to_day_high_low_pct,execution_quality,0.006126631270179011,0.006126631270179011
last_funding_rate,chop_index,-0.0061263259025805365,0.0061263259025805365
bb_width_z,btc_lead_eth_follow_gap_3,0.006125285047606169,0.006125285047606169
close_btc,funding_price_divergence,0.006124596220409815,0.006124596220409815
squeeze_power,liquidity_vacuum,-0.006121778711651046,0.006121778711651046
oi_up_price_down,regime_persistence,0.006120423293620545,0.006120423293620545
fvg_dist,hurst_48,-0.006120250181173002,0.006120250181173002
session_us,ou_funding_z,-0.006116140216340738,0.006116140216340738
open,eth_btc_ratio_change,-0.0061033965909059245,0.0061033965909059245
hurst_288,btc_lead_eth_follow_gap_3,0.00610058976268129,0.00610058976268129
dual_momentum,atr_pct_rank_288,0.006090176729199736,0.006090176729199736
session_us,funding_z_score,-0.006088640668538881,0.006088640668538881
realized_skewness,jump_flag,-0.006084129333620568,0.006084129333620568
funding_roc_12,bb_width_pct_rank_288,0.00608290102553876,0.00608290102553876
kel,liquidity_vacuum,-0.006077553090541001,0.006077553090541001
chop_index,mean_reversion_z,0.0060772269377677,0.0060772269377677
turtle_signal,oi_up_price_down,0.006077049738047232,0.006077049738047232
cvp_cluster_position,ofti,-0.006076355580854864,0.006076355580854864
mta_funding,vwap_dist_24,0.006072225640136028,0.006072225640136028
hurst_48,vwap_reject_flag,-0.0060607759697328106,0.0060607759697328106
amihud_illiquidity_z,btc_ret_z_48,0.00605429411919457,0.00605429411919457
wick_ratio,dual_momentum,-0.006050206354925574,0.006050206354925574
cvp_regime,btc_ret_12,-0.006047138734411709,0.006047138734411709
cvp_regime,funding_roc_12,-0.006046804739923674,0.006046804739923674
whale_retail_ratio,range_contraction_breakout_dir,0.006040827593583939,0.006040827593583939
quote_volume_btc,whale_conviction,0.006025765845188085,0.006025765845188085
quote_volume_btc,vwap_reject_flag,0.006023587327532836,0.006023587327532836
sweep_prev_high_reclaim,execution_quality,-0.006022488067640729,0.006022488067640729
kel,cvd_288,-0.006017710316166204,0.006017710316166204
long_squeeze_risk,jump_flag,-0.006010816409041026,0.006010816409041026
session_europe,oi_up_price_up,0.006009980724475108,0.006009980724475108
session_europe,regime_trending,-0.00600821055939207,0.00600821055939207
realized_vol_ratio,sig_liquidity_trap,0.006005498914248824,0.006005498914248824
compression_release_up,ou_funding_z,-0.006004056637427967,0.006004056637427967
hurst_288,btc_ret_6,-0.006003302147590875,0.006003302147590875
funding_z_score,compression_release_up,-0.0060007566389781684,0.0060007566389781684
rsi,chop_index,0.005991175970471328,0.005991175970471328
cvp_cluster_position,hurst_288,-0.005981741933893276,0.005981741933893276
ou_funding_z,jump_z,-0.005974780885856289,0.005974780885856289
cvp_poc_dist,cvd_slope_12,0.005974453362165016,0.005974453362165016
trades,taker_acceleration,-0.0059744096990572235,0.0059744096990572235
funding_roc_12,regime_trending,-0.00597192682411391,0.00597192682411391
funding_z_score,jump_z,-0.0059679747148969255,0.0059679747148969255
whale_conviction,volume_profile_signal,0.005966997401139016,0.005966997401139016
cvp_regime,btc_ret_6,-0.005965789386027791,0.005965789386027791
count_long_short_ratio,jump_z,-0.0059619646047467095,0.0059619646047467095
cvp_cluster_position,evt_tail_flag,-0.005960075418630404,0.005960075418630404
big_trade_ratio,vwap_dist_24,-0.005957223092210115,0.005957223092210115
short_squeeze_risk,compression_release_down,-0.005951253545706572,0.005951253545706572
big_trade_ratio,eth_btc_ret_spread_12,-0.005947833339689169,0.005947833339689169
count_long_short_ratio,execution_quality,-0.0059477226235570505,0.0059477226235570505
long_squeeze_risk,lower_wick_z,0.005944847193379251,0.005944847193379251
compression_score,jump_z,0.005939983620126247,0.005939983620126247
squeeze_power,chop_index,-0.005935543616835454,0.005935543616835454
rsi,mta_funding,0.005933376518439207,0.005933376518439207
garman_klass_vol,btc_eth_volume_rank_spread,-0.005921172155886395,0.005921172155886395
cvd_288,btc_ret_z_48,-0.005913703367661792,0.005913703367661792
trades,mta_funding,0.005912880201289774,0.005912880201289774
trade_intensity,eth_btc_ret_spread_48,0.005908764256851541,0.005908764256851541
chop_index,distance_to_day_high_low_pct,0.0059076891678701,0.0059076891678701
fvg_dist,liquidity_vacuum,0.005906327956454154,0.005906327956454154
eth_btc_ratio_change,session_europe,-0.00590261141153204,0.00590261141153204
smart_money_flow,garman_klass_vol,0.005900442651219727,0.005900442651219727
oi_change_rate,garman_klass_vol,0.005900442651219727,0.005900442651219727
funding_z_score,compression_score,-0.005892133271373944,0.005892133271373944
compression_score,ou_funding_z,-0.005882052188802047,0.005882052188802047
short_squeeze_risk,compression_release_up,-0.005880059706078552,0.005880059706078552
quote_volume,vwap_reject_flag,0.005879546779986585,0.005879546779986585
cvp_cluster_position,evt_excess_z,-0.005878797218113008,0.005878797218113008
trade_intensity,mean_reversion_z,0.005869195004291795,0.005869195004291795
wick_ratio,range_contraction_breakout_dir,-0.005863408459353466,0.005863408459353466
whale_retail_ratio,lower_wick_z,0.005862569638536438,0.005862569638536438
funding_roc_288,btc_lead_eth_follow_gap_3,0.005862019370015979,0.005862019370015979
open,big_trade_ratio,0.005861082209206495,0.005861082209206495
whale_retail_ratio,funding_roc_12,0.005856216702562085,0.005856216702562085
realized_skewness,lower_wick_z,-0.00585181622050265,0.00585181622050265
amihud_illiquidity_z,cvd_slope_48,0.005850286589476464,0.005850286589476464
cvp_poc_dist,ou_halflife,0.005849861586579929,0.005849861586579929
cvd_slope_12,jump_flag,0.005846340038504783,0.005846340038504783
minute_cos,oi_up_price_up,-0.005842517393718436,0.005842517393718436
eth_btc_beta_residual_z,regime_persistence,0.005837990370167125,0.005837990370167125
funding_roc_48,btc_eth_volume_rank_spread,-0.005837265439511436,0.005837265439511436
minute_sin,lower_wick_z,-0.005832953199270332,0.005832953199270332
wick_ratio,regime_trending,0.00583097247151118,0.00583097247151118
oi_up_price_down,evt_excess_z,-0.005829972586123699,0.005829972586123699
close,btc_ret_1,0.005828920307517008,0.005828920307517008
trade_intensity,cvd_slope_12,0.005826887930790426,0.005826887930790426
ofi_acceleration,vwap_dist_96,0.005823465742416512,0.005823465742416512
eth_btc_ratio_change,minute_cos,-0.005815376931490075,0.005815376931490075
taker_buy_quote,volume_profile_signal,-0.005812234778112306,0.005812234778112306
big_trade_ratio,fvg_dist,0.005806652643302776,0.005806652643302776
cvp_vah_val_width,cvp_volume_imbalance,0.005799757506644912,0.005799757506644912
funding_roc_288,bb_width_pct_rank_288,0.005795750374546492,0.005795750374546492
count_long_short_ratio,upper_wick_z,0.005774134586914037,0.005774134586914037
whale_conviction,bb_width_z,-0.005771682343634668,0.005771682343634668
hurst_288,cvd_12,-0.005762456547861049,0.005762456547861049
bb_width_z,cvd_12,-0.005760657518112202,0.005760657518112202
quote_volume,ofi_acceleration,-0.005758199820380624,0.005758199820380624
close,big_trade_ratio,0.005751001180570663,0.005751001180570663
count_long_short_ratio,btc_ret_12,-0.005750594544603951,0.005750594544603951
mtf_trend_1h,mta_funding,0.005743854077187996,0.005743854077187996
taker_buy_quote,upper_wick_z,-0.005739054074275494,0.005739054074275494
kalman_velocity,mta_funding,0.005737550237672007,0.005737550237672007
hour_sin,kel,0.005736273256173255,0.005736273256173255
chop_index,fibonacci_level,-0.005720877277386563,0.005720877277386563
minute_cos,btc_eth_volume_rank_spread,0.005717830722120399,0.005717830722120399
long_squeeze_risk,kel,-0.005709387605639481,0.005709387605639481
volatility_z,ofi_acceleration,0.005704559878926885,0.005704559878926885
is_hour_open,funding_flip_signal,0.005696119687088735,0.005696119687088735
smart_money_flow,rogers_satchell_vol,0.00569536118453739,0.00569536118453739
oi_change_rate,rogers_satchell_vol,0.00569536118453739,0.00569536118453739
regime_trending,lower_wick_z,0.0056896102465135824,0.0056896102465135824
short_squeeze_risk,btc_eth_volume_rank_spread,-0.005677271520963843,0.005677271520963843
failed_breakout_down,ou_funding_z,0.0056753780218481474,0.0056753780218481474
trades,ofi_acceleration,-0.005672083038067368,0.005672083038067368
macd_hist,amihud_illiquidity_z,0.005671117221217649,0.005671117221217649
sweep_prev_low_reclaim,ou_funding_z,0.005663688962172515,0.005663688962172515
anchored_vwap_session_dist,ou_halflife,-0.0056632053766687215,0.0056632053766687215
compression_release_down,evt_excess_z,-0.005661432755906262,0.005661432755906262
funding_z_score,failed_breakout_down,0.005658126542003241,0.005658126542003241
close_btc,vwap_reject_flag,-0.005657808316110071,0.005657808316110071
low,smart_money_flow,0.005657511366419543,0.005657511366419543
low,oi_change_rate,0.005657511366419543,0.005657511366419543
close_btc,vwap_reclaim_flag,-0.005646303923434595,0.005646303923434595
funding_z_score,sweep_prev_low_reclaim,0.005646292944111919,0.005646292944111919
hour_cos,eth_btc_beta_residual_z,0.005644040323139459,0.005644040323139459
btc_corr_60,hour_cos,-0.005643122387187255,0.005643122387187255
close,execution_quality,0.0056396884903824815,0.0056396884903824815
oi_up_price_down,evt_tail_flag,-0.005639487277475666,0.005639487277475666
taker_buy_quote,breakout_strength,0.005637632860059381,0.005637632860059381
wick_ratio,btc_ret_z_48,0.005634032555419806,0.005634032555419806
open,execution_quality,0.00563313477640564,0.00563313477640564
count_long_short_ratio,lower_wick_z,-0.00562816101547703,0.00562816101547703
sum_toptrader_long_short_ratio,range_contraction_breakout_dir,0.0056167940829006694,0.0056167940829006694
eth_btc_ratio_change,btc_eth_volume_rank_spread,0.005607922077708206,0.005607922077708206
btc_eth_volume_rank_spread,sig_liquidity_trap,0.005604729808145653,0.005604729808145653
cvp_vah_val_width,vwap_reject_flag,0.0055933953528522675,0.0055933953528522675
btc_corr_60,btc_impulse_x_eth_beta,0.005588800489251232,0.005588800489251232
taker_acceleration,is_hour_open,-0.005581498395261181,0.005581498395261181
volatility_z,kel,-0.0055715912367409635,0.0055715912367409635
sum_open_interest_value,chop_index,-0.005569787711732765,0.005569787711732765
bb_width_z,upper_wick_z,0.005562961461476966,0.005562961461476966
mta_funding,anchored_vwap_session_dist,-0.005560648840631459,0.005560648840631459
quote_volume,distance_to_day_high_low_pct,0.00555229404344435,0.00555229404344435
mtf_trend_1h,funding_pressure,0.005550776006690546,0.005550776006690546
funding_abs,compression_release_down,0.005548605353565809,0.005548605353565809
last_funding_rate,mtf_trend_4h,0.005546807135640983,0.005546807135640983
sum_toptrader_long_short_ratio,sig_trend_health,-0.005540175011849225,0.005540175011849225
macd_hist,jump_flag,-0.005538868310433511,0.005538868310433511
wick_ratio,turtle_signal,0.005537650043468721,0.005537650043468721
volatility_z,btc_impulse_x_eth_beta,-0.0055325351343119365,0.0055325351343119365
wick_ratio,cvp_vah_val_width,-0.0055311858770496995,0.0055311858770496995
high,oi_change_rate,0.005530474630678502,0.005530474630678502
high,smart_money_flow,0.005530474630678502,0.005530474630678502
hma_slope,ou_halflife,-0.005524993236818595,0.005524993236818595
trades,funding_roc_48,0.005524698147136057,0.005524698147136057
hour_sin,btc_ret_12,-0.005518074811610545,0.005518074811610545
mtf_trend_1h,btc_eth_volume_rank_spread,-0.005516278800492069,0.005516278800492069
taker_acceleration,price_cvd_divergence,0.00551521892120801,0.00551521892120801
realized_vol_ratio,btc_ret_6,-0.005511907439462193,0.005511907439462193
macd_hist,regime_trending,0.005506433156037844,0.005506433156037844
big_trade_ratio,kel,0.005498162038265279,0.005498162038265279
volatility_z,btc_ret_3,-0.005497059998484838,0.005497059998484838
long_squeeze_risk,btc_eth_volume_rank_spread,-0.0054927329055952006,0.0054927329055952006
parkinson_vol,funding_roc_48,-0.0054885806027673515,0.0054885806027673515
count_long_short_ratio,vwap_dist_24,-0.005487234118546271,0.005487234118546271
compression_release_up,jump_flag,-0.00548525528598296,0.00548525528598296
count_long_short_ratio,funding_oi_divergence,0.005482038517272157,0.005482038517272157
high,session_europe,0.005480655451005653,0.005480655451005653
parkinson_vol,vwap_dist_24,0.005480055892006152,0.005480055892006152
hma_slope,session_us,-0.005478626252403494,0.005478626252403494
close,smart_money_flow,0.005469758462825756,0.005469758462825756
close,oi_change_rate,0.005469758462825756,0.005469758462825756
mtf_trend_4h,funding_roc_288,0.005464495579100482,0.005464495579100482
quote_volume,cvp_poc_dist,0.005458559507724834,0.005458559507724834
ou_halflife,execution_quality,0.005456210934459259,0.005456210934459259
chop_index,sig_volume_confirm,0.005456146851354792,0.005456146851354792
parkinson_vol,crowded_short_squeeze_risk,0.005447294384607003,0.005447294384607003
chop_index,cvd_288,0.0054452225228002514,0.0054452225228002514
btc_volume_impulse_z,vwap_reclaim_flag,0.0054343214552454305,0.0054343214552454305
compression_score,upper_wick_z,-0.005430125707525442,0.005430125707525442
open,smart_money_flow,0.005429455540354217,0.005429455540354217
open,oi_change_rate,0.005429455540354217,0.005429455540354217
cvp_regime,upper_wick_z,0.005428575684796475,0.005428575684796475
bb_width,vwap_dist_24,0.005424720107198035,0.005424720107198035
count_long_short_ratio,btc_ret_1,-0.00542167784566284,0.00542167784566284
amihud_illiquidity_z,long_squeeze_risk,-0.005415633872661712,0.005415633872661712
taker_buy_base,crowding_pressure,0.0054148279972225655,0.0054148279972225655
amihud_illiquidity_z,sig_liquidity_trap,0.005414183163194823,0.005414183163194823
taker_buy_base,upper_wick_z,-0.005406420932839994,0.005406420932839994
log_return,ou_funding_z,-0.005403417004102044,0.005403417004102044
log_return,funding_z_score,-0.005396544705403764,0.005396544705403764
garman_klass_vol,crowded_short_squeeze_risk,0.005395237469531938,0.005395237469531938
parkinson_vol,eth_btc_ratio_change,-0.005390827823697223,0.005390827823697223
funding_pressure,btc_ret_6,0.005390413155959087,0.005390413155959087
compression_release_down,evt_tail_flag,-0.005384748400536745,0.005384748400536745
chop_index,realized_skewness,-0.00538323823262922,0.00538323823262922
funding_pressure,crowded_short_squeeze_risk,-0.005383214091369497,0.005383214091369497
mtf_trend_1h,rogers_satchell_vol,-0.005373019790085826,0.005373019790085826
whale_retail_ratio,net_taker_ratio,-0.0053713335542296585,0.0053713335542296585
hma_slope,funding_roc_48,-0.005371248792725269,0.005371248792725269
oi_change_rate,volatility_z,0.0053698945628598786,0.0053698945628598786
smart_money_flow,volatility_z,0.0053698945628598786,0.0053698945628598786
sig_volume_confirm,execution_quality,0.005368757769893304,0.005368757769893304
log_return,funding_pressure,0.005359661677783166,0.005359661677783166
dual_momentum,oi_up_price_down,0.0053562500888271,0.0053562500888271
mtf_trend_4h,execution_quality,0.005354880330232688,0.005354880330232688
chop_index,btc_ret_3,0.005354783523825336,0.005354783523825336
mta_funding,compression_release_up,0.005352530178828979,0.005352530178828979
rogers_satchell_vol,btc_ret_6,-0.005352410467386404,0.005352410467386404
btc_corr_60,btc_ret_3,0.005352357950852609,0.005352357950852609
session_us,upper_wick_z,0.005349710472749126,0.005349710472749126
taker_acceleration,wick_ratio,-0.005343228086542797,0.005343228086542797
funding_roc_48,bb_width_pct_rank_288,0.005341269850083142,0.005341269850083142
last_funding_rate,atr_pct_rank_288,0.005328249537785612,0.005328249537785612
minute_cos,compression_release_down,0.0053182325447711665,0.0053182325447711665
funding_pressure,funding_oi_divergence,-0.0053151897893787235,0.0053151897893787235
net_taker_ratio,funding_pressure,-0.005312595421171515,0.005312595421171515
trade_intensity,ofi_acceleration,0.0053071907572449705,0.0053071907572449705
volume_profile_signal,ofi_acceleration,-0.005305951184322116,0.005305951184322116
hour_cos,cross_scale_curvature,-0.0053013080342637995,0.0053013080342637995
hma_slope,funding_roc_12,-0.00529419089748539,0.00529419089748539
whale_conviction,funding_roc_48,0.005291463398409095,0.005291463398409095
anchored_vwap_session_dist,funding_flip_signal,0.0052908743611940956,0.0052908743611940956
trades,vwap_reclaim_flag,-0.005289266713073909,0.005289266713073909
funding_pressure,oi_up_price_up,0.005287935185345269,0.005287935185345269
taker_buy_base,macd_hist,0.005285680195378238,0.005285680195378238
funding_roc_288,hurst_48,-0.005284001212344689,0.005284001212344689
funding_pressure,btc_impulse_x_eth_beta,0.005280689605991605,0.005280689605991605
is_hour_open,ofi_acceleration,-0.005279322365383694,0.005279322365383694
dual_momentum,btc_volume_impulse_z,0.005278263683752406,0.005278263683752406
ofi_acceleration,atr_pct_rank_288,0.005272025739697468,0.005272025739697468
volume,crowding_pressure,-0.0052719605534972125,0.0052719605534972125
sum_open_interest_value,btc_ret_z_48,-0.005271290672603494,0.005271290672603494
ofti,eth_btc_ret_spread_48,-0.005269334101313907,0.005269334101313907
whale_conviction,jump_flag,0.005268472312866244,0.005268472312866244
rogers_satchell_vol,crowded_short_squeeze_risk,0.005267057109385443,0.005267057109385443
macd_hist,funding_pressure,0.005266134618813287,0.005266134618813287
big_trade_ratio,sig_liquidity_trap,-0.00526559178065524,0.00526559178065524
kalman_velocity,funding_pressure,0.005262317503071955,0.005262317503071955
garman_klass_vol,btc_ret_6,-0.005256468332776092,0.005256468332776092
dual_momentum,compression_score,-0.005255921602629807,0.005255921602629807
cvd_12,crowded_long_unwind_risk,0.005250133040083055,0.005250133040083055
funding_pressure,btc_ret_3,0.005246885100201168,0.005246885100201168
cvp_vah_val_width,eth_btc_ret_spread_48,0.005238708121720019,0.005238708121720019
taker_buy_quote,funding_price_divergence,0.005235054342937535,0.005235054342937535
funding_pressure,eth_btc_beta_residual_z,-0.005234500966287396,0.005234500966287396
session_europe,bb_width_pct_rank_288,0.00523272785976125,0.00523272785976125
session_us,funding_roc_12,-0.005232012266845843,0.005232012266845843
btc_volume_impulse_z,ou_funding_z,0.00523196439628819,0.00523196439628819
funding_roc_48,cvd_12,-0.005230893024965657,0.005230893024965657
volume_btc,net_taker_ratio,-0.005220623020181035,0.005220623020181035
session_europe,funding_price_divergence,-0.005216246730921505,0.005216246730921505
funding_z_score,btc_volume_impulse_z,0.0052128329058973326,0.0052128329058973326
hma_slope,funding_roc_288,-0.005212523898301653,0.005212523898301653
btc_breakout_eth_lag_dir,ou_funding_z,-0.005212512485235505,0.005212512485235505
session_us,funding_oi_divergence,0.005210421449131962,0.005210421449131962
hour_sin,hour_cos,-0.005208841602170622,0.005208841602170622
sum_open_interest_value,session_europe,0.005205365358177802,0.005205365358177802
ofti,compression_score,0.005204932476142381,0.005204932476142381
bb_width,funding_roc_12,0.005201032486815103,0.005201032486815103
svps,funding_flip_signal,0.0052008176560152854,0.0052008176560152854
funding_z_score,btc_breakout_eth_lag_dir,-0.005194795115017857,0.005194795115017857
cvd_slope_12,btc_volume_impulse_z,0.005185091428144611,0.005185091428144611
hurst_288,eth_btc_ret_spread_12,-0.005181774463859657,0.005181774463859657
cvd_slope_48,evt_tail_flag,-0.005181351335893524,0.005181351335893524
taker_buy_quote,kalman_velocity,0.0051812613885805605,0.0051812613885805605
whale_retail_ratio,btc_ret_1,0.005172416819400817,0.005172416819400817
ofi_acceleration,price_cvd_divergence,0.005167217027195062,0.005167217027195062
fvg_dist,chop_index,0.005165547103002488,0.005165547103002488
failed_breakout_up,execution_quality,-0.005164426104186711,0.005164426104186711
amihud_illiquidity_z,kel,-0.005163238419306186,0.005163238419306186
parkinson_vol,eth_btc_beta_residual_z,-0.0051583519086058505,0.0051583519086058505
btc_corr_60,oi_up_price_up,0.00515272130300352,0.00515272130300352
whale_retail_ratio,chop_index,-0.005149819785401571,0.005149819785401571
cvd_slope_48,evt_excess_z,-0.005143520952514986,0.005143520952514986
cvp_vah_val_width,upper_wick_z,-0.00514009426509273,0.00514009426509273
funding_pressure,cvd_slope_48,-0.005140011594520127,0.005140011594520127
chop_index,btc_impulse_x_eth_beta,0.005137951156480352,0.005137951156480352
breakout_strength,funding_abs,0.005135640726508634,0.005135640726508634
squeeze_power,evt_tail_flag,0.005127486644967839,0.005127486644967839
amihud_illiquidity_z,eth_btc_ret_spread_12,0.005126637094513856,0.005126637094513856
minute_sin,btc_lead_eth_follow_gap_3,0.005119527332623984,0.005119527332623984
mtf_trend_4h,session_europe,-0.005116582059277648,0.005116582059277648
sum_open_interest_value,eth_btc_ret_spread_12,0.005114266008301842,0.005114266008301842
hurst_48,vwap_reclaim_flag,-0.005112247612056806,0.005112247612056806
cvp_cluster_position,funding_flip_signal,0.0051117206346328265,0.0051117206346328265
svps,cvd_12,0.005110987343290653,0.005110987343290653
btc_lead_eth_follow_gap_3,execution_quality,-0.00511083028073087,0.00511083028073087
minute_sin,atr_pct_rank_288,0.005108615775198829,0.005108615775198829
count_long_short_ratio,oi_change_rate,-0.005105672274948132,0.005105672274948132
count_long_short_ratio,smart_money_flow,-0.005105672274948132,0.005105672274948132
whale_retail_ratio,eth_btc_ret_spread_12,0.005104063962765777,0.005104063962765777
garman_klass_vol,eth_btc_ratio_change,-0.005103318536413649,0.005103318536413649
log_return,session_us,-0.0051009865824757,0.0051009865824757
count_long_short_ratio,hour_sin,-0.00509969255909856,0.00509969255909856
cvp_vah_val_width,failed_breakout_up,0.005097210049281805,0.005097210049281805
cvd_breakout_z,funding_flip_signal,0.005095891854864202,0.005095891854864202
log_return,jump_flag,0.005095591136634748,0.005095591136634748
funding_price_divergence,svps,0.005090968587897904,0.005090968587897904
volume_btc,cross_scale_curvature,0.005088027838686668,0.005088027838686668
kalman_velocity,ou_halflife,-0.005087581915809784,0.005087581915809784
last_funding_rate,liquidity_vacuum,-0.005085803771049574,0.005085803771049574
taker_acceleration,minute_sin,-0.005083515008075942,0.005083515008075942
cvd_slope_12,evt_excess_z,0.005081589931325989,0.005081589931325989
parkinson_vol,btc_ret_6,-0.005080385446368,0.005080385446368
cvp_vah_val_width,sweep_prev_high_reclaim,0.0050769237017767935,0.0050769237017767935
garman_klass_vol,funding_roc_48,-0.005075146566649397,0.005075146566649397
smart_money_flow,garch_vol_z,0.005072112933416719,0.005072112933416719
oi_change_rate,garch_vol_z,0.005072112933416719,0.005072112933416719
rogers_satchell_vol,kel,-0.005066347417758084,0.005066347417758084
hour_sin,sig_volume_confirm,0.005049059768237911,0.005049059768237911
taker_buy_quote,cvp_volume_imbalance,0.005048546411466959,0.005048546411466959
btc_lead_eth_follow_gap_3,btc_eth_volume_rank_spread,0.005046787334640607,0.005046787334640607
garman_klass_vol,kel,-0.0050456064097976015,0.0050456064097976015
session_europe,btc_ret_12,-0.005044755264264542,0.005044755264264542
funding_pressure,jump_z,0.005044292848940118,0.005044292848940118
open,compression_score,-0.005039804134781483,0.005039804134781483
hurst_288,btc_ret_3,-0.005039635149771965,0.005039635149771965
oi_change_rate,wick_ratio,-0.005038296977851292,0.005038296977851292
smart_money_flow,wick_ratio,-0.005038296977851292,0.005038296977851292
amihud_illiquidity_z,breakout_strength,-0.00503102672069695,0.00503102672069695
cvd_slope_12,evt_tail_flag,0.005030144686809021,0.005030144686809021
low,compression_release_down,0.005029911244738773,0.005029911244738773
ofi_acceleration,realized_skewness,-0.005025414350936817,0.005025414350936817
hma_slope,mta_funding,0.005021168178453312,0.005021168178453312
squeeze_power,parkinson_vol,0.0050210476716900584,0.0050210476716900584
btc_ret_1,btc_volume_impulse_z,-0.005020555613374717,0.005020555613374717
amihud_illiquidity_z,is_hour_open,-0.005017437928133709,0.005017437928133709
mtf_trend_1h,btc_corr_60,-0.005016274144991718,0.005016274144991718
whale_conviction,ou_halflife,-0.005015575303131316,0.005015575303131316
mta_funding,svps,0.005014756580226814,0.005014756580226814
funding_price_divergence,liquidity_vacuum,0.00500870503742863,0.00500870503742863
garman_klass_vol,cvd_breakout_z,0.005007563791123708,0.005007563791123708
whale_retail_ratio,btc_impulse_x_eth_beta,0.005006325727370022,0.005006325727370022
net_taker_ratio,funding_roc_12,-0.005005586140839803,0.005005586140839803
bb_width,eth_btc_beta_residual_z,-0.005002312365124802,0.005002312365124802
taker_acceleration,jump_flag,0.005002027371967585,0.005002027371967585
crowded_long_unwind_risk,lower_wick_z,0.004998000715941542,0.004998000715941542
btc_ret_1,compression_score,0.0049979100612851934,0.0049979100612851934
squeeze_power,evt_excess_z,0.0049951785873301605,0.0049951785873301605
close,compression_score,-0.004995105010130582,0.004995105010130582
regime_trending,upper_wick_z,0.004995074352355324,0.004995074352355324
funding_abs,btc_breakout_eth_lag_dir,0.004993664128511231,0.004993664128511231
amihud_illiquidity_z,cvd_12,0.004978201727499425,0.004978201727499425
low,funding_oi_divergence,-0.004971345905836695,0.004971345905836695
log_return,evt_excess_z,0.004970736611561123,0.004970736611561123
rsi,ofti,0.004968365967887884,0.004968365967887884
net_taker_ratio,chop_index,-0.004966950411867762,0.004966950411867762
chop_index,cvp_regime,-0.0049635227035174445,0.0049635227035174445
hour_sin,svps,0.0049627728880849865,0.0049627728880849865
open,session_europe,0.004958909791923524,0.004958909791923524
last_funding_rate,hour_cos,-0.004956120279049472,0.004956120279049472
sum_toptrader_long_short_ratio,amihud_illiquidity_z,0.004952761376052603,0.004952761376052603
trade_intensity,volume_profile_signal,0.004950936488155249,0.004950936488155249
btc_ret_12,ou_halflife,-0.004949541756868347,0.004949541756868347
macd_hist,ou_halflife,-0.0049471824029568715,0.0049471824029568715
cvd_breakout_z,vwap_reclaim_flag,0.004946406626580261,0.004946406626580261
whale_conviction,btc_corr_60,0.0049395553233684344,0.0049395553233684344
rsi,cvp_vah_val_width,0.004939353542093934,0.004939353542093934
hurst_288,btc_impulse_x_eth_beta,-0.004936028479953901,0.004936028479953901
close,session_europe,0.004934390041897842,0.004934390041897842
hour_sin,failed_breakout_up,0.004931102016489761,0.004931102016489761
eth_btc_ret_spread_12,liquidity_vacuum,0.00493081347120903,0.00493081347120903
ofti,evt_excess_z,-0.0049286996717020325,0.0049286996717020325
cvd_48,funding_flip_signal,0.0049283241845986415,0.0049283241845986415
funding_price_divergence,oi_up_price_down,-0.0049279067798495765,0.0049279067798495765
high,compression_release_down,0.004925883599249142,0.004925883599249142
ofti,evt_tail_flag,-0.004924954398530103,0.004924954398530103
chop_index,price_cvd_divergence,0.004924787105573367,0.004924787105573367
hour_sin,sweep_prev_high_reclaim,0.004916854391041323,0.004916854391041323
close_btc,regime_trending,-0.004911604271465193,0.004911604271465193
eth_btc_ratio_change,funding_z_score,-0.004910160024364893,0.004910160024364893
eth_btc_ratio_change,ou_funding_z,-0.004909429391839658,0.004909429391839658
volatility_z,funding_roc_12,0.004906084254773803,0.004906084254773803
rsi,funding_roc_48,-0.0048984644257083175,0.0048984644257083175
chop_index,lower_wick_z,-0.004895979027065,0.004895979027065
mta_funding,sweep_prev_high_reclaim,-0.004891995235753928,0.004891995235753928
high,funding_oi_divergence,-0.004891150644295525,0.004891150644295525
sum_open_interest_value,btc_ret_6,0.004886682696439043,0.004886682696439043
taker_acceleration,btc_corr_60,0.004880308074480408,0.004880308074480408
short_squeeze_risk,evt_excess_z,0.004879969598521552,0.004879969598521552
mta_funding,failed_breakout_up,-0.004872674085087514,0.004872674085087514
funding_roc_288,eth_btc_ret_spread_48,-0.004870600465099885,0.004870600465099885
volume,funding_roc_12,0.004865810833261096,0.004865810833261096
open,volume,0.004865398895540241,0.004865398895540241
funding_abs,btc_ret_12,0.004865227031522404,0.004865227031522404
sum_open_interest_value,sig_volume_confirm,-0.004864630287320532,0.004864630287320532
whale_retail_ratio,btc_ret_3,0.004863211170820823,0.004863211170820823
sum_toptrader_long_short_ratio,svps,0.004863192744839199,0.004863192744839199
hour_sin,btc_ret_6,-0.004858158686947843,0.004858158686947843
funding_roc_288,compression_release_up,-0.004850342985872178,0.004850342985872178
funding_oi_divergence,jump_flag,-0.0048310035657962245,0.0048310035657962245
open,vwap_reclaim_flag,-0.004827950594493514,0.004827950594493514
btc_corr_60,crowded_long_unwind_risk,0.0048194522999704895,0.0048194522999704895
jump_flag,jump_z,0.004816948183985889,0.004816948183985889
count_long_short_ratio,vwap_reclaim_flag,0.004815346675961867,0.004815346675961867
garman_klass_vol,eth_btc_beta_residual_z,-0.004813637541093424,0.004813637541093424
btc_breakout_eth_lag_dir,execution_quality,0.004812200316054598,0.004812200316054598
sum_toptrader_long_short_ratio,rsi,-0.004809554976877179,0.004809554976877179
vwap_dist_96,ou_halflife,0.004803962274338888,0.004803962274338888
volume,smart_money_flow,-0.00480387214038214,0.00480387214038214
volume,oi_change_rate,-0.00480387214038214,0.00480387214038214
funding_price_divergence,regime_trending,0.004798977642237561,0.004798977642237561
funding_flip_signal,lower_wick_z,-0.004798850871536406,0.004798850871536406
rogers_satchell_vol,eth_btc_ratio_change,-0.004798039851429882,0.004798039851429882
taker_acceleration,evt_excess_z,0.004797087983027495,0.004797087983027495
amihud_illiquidity_z,cvp_poc_dist,-0.004792916803299037,0.004792916803299037
short_squeeze_risk,evt_tail_flag,0.004792349814741371,0.004792349814741371
log_return,evt_tail_flag,0.004790998772243699,0.004790998772243699
close_btc,funding_oi_divergence,-0.004788982386053805,0.004788982386053805
net_taker_ratio,minute_cos,-0.004786019453355725,0.004786019453355725
minute_sin,vwap_reclaim_flag,0.004773947407798922,0.004773947407798922
rsi,ou_halflife,-0.004770155059196147,0.004770155059196147
crowded_short_squeeze_risk,garch_vol_z,0.00476935081596992,0.00476935081596992
distance_to_day_high_low_pct,funding_flip_signal,0.004767600169965105,0.004767600169965105
bb_width,btc_ret_z_48,0.004761493551234512,0.004761493551234512
eth_btc_beta_residual_z,garch_vol_z,-0.004760827051795408,0.004760827051795408
volume_btc,cvd_slope_12,0.004759610544360431,0.004759610544360431
taker_acceleration,evt_tail_flag,0.004758143709779386,0.004758143709779386
regime_trending,vwap_reject_flag,-0.004755282159975726,0.004755282159975726
bb_width_z,lower_wick_z,0.00475351122664924,0.00475351122664924
minute_cos,cross_scale_curvature,0.0047519806436680245,0.0047519806436680245
minute_sin,range_contraction_breakout_dir,-0.0047472776096529525,0.0047472776096529525
count_long_short_ratio,liquidity_vacuum,0.004744235211068221,0.004744235211068221
trades,cvd_slope_48,-0.004742675314163823,0.004742675314163823
close,volume,0.00473993511063374,0.00473993511063374
btc_ret_z_48,eth_btc_ret_spread_48,-0.0047385994842069155,0.0047385994842069155
funding_z_score,sweep_prev_high_reclaim,-0.004736432220128491,0.004736432220128491
chop_index,anchored_vwap_session_dist,0.00473365830817877,0.00473365830817877
funding_roc_48,eth_btc_beta_residual_z,-0.004731355185814105,0.004731355185814105
high,execution_quality,0.0047284311584890396,0.0047284311584890396
cvd_48,oi_up_price_down,0.0047280124400152475,0.0047280124400152475
breakout_strength,ou_halflife,0.004727431147682775,0.004727431147682775
net_taker_ratio,btc_volume_impulse_z,-0.004727393090514518,0.004727393090514518
bb_width_z,ofi_acceleration,0.0047273130681185,0.0047273130681185
trades,oi_up_price_down,0.004727287274048237,0.004727287274048237
parkinson_vol,kel,-0.00472638880634537,0.00472638880634537
sweep_prev_high_reclaim,ou_funding_z,-0.004725839341901574,0.004725839341901574
session_europe,vwap_dist_96,-0.004725215285068732,0.004725215285068732
funding_roc_12,btc_ret_12,-0.004720451218638098,0.004720451218638098
cvp_regime,btc_impulse_x_eth_beta,-0.004710092801095955,0.004710092801095955
macd_hist,funding_abs,0.004707076582014154,0.004707076582014154
btc_lead_eth_follow_gap_3,bb_width_pct_rank_288,0.004703242441393797,0.004703242441393797
cross_scale_curvature,execution_quality,-0.004695002152803545,0.004695002152803545
cvp_vah_val_width,funding_roc_12,0.004693296887186466,0.004693296887186466
quote_volume_btc,cvd_slope_12,0.0046928661660154275,0.0046928661660154275
hour_cos,funding_oi_divergence,-0.004684900170486335,0.004684900170486335
ofi_acceleration,evt_excess_z,0.004684015116966717,0.004684015116966717
log_return,hour_cos,0.004676813301302176,0.004676813301302176
funding_z_score,failed_breakout_up,-0.004675721693681256,0.004675721693681256
whale_retail_ratio,session_europe,0.004666299940502909,0.004666299940502909
failed_breakout_up,ou_funding_z,-0.004665432725533817,0.004665432725533817
high,btc_eth_volume_rank_spread,-0.004664559096219664,0.004664559096219664
session_us,jump_z,-0.004658129410313071,0.004658129410313071
session_europe,funding_oi_divergence,0.004652015624669303,0.004652015624669303
quote_volume_btc,btc_ret_1,-0.004651628888911328,0.004651628888911328
cvp_regime,btc_ret_3,-0.004647758977746224,0.004647758977746224
ofi_acceleration,evt_tail_flag,0.00464418810218558,0.00464418810218558
chop_index,volume_profile_signal,0.0046392196345149015,0.0046392196345149015
fvg_dist,execution_quality,0.004633943629979068,0.004633943629979068
taker_acceleration,mean_reversion_z,-0.004623617017175988,0.004623617017175988
eth_btc_ratio_change,long_squeeze_risk,-0.004623256674150545,0.004623256674150545
dual_momentum,crowded_long_unwind_risk,0.004616390487999585,0.004616390487999585
big_trade_ratio,funding_roc_288,0.004612657138833255,0.004612657138833255
jump_z,evt_excess_z,0.004612005748091792,0.004612005748091792
log_return,session_europe,-0.0046095143791775135,0.0046095143791775135
quote_volume_btc,funding_roc_48,-0.004606779217298279,0.004606779217298279
minute_cos,sig_volume_confirm,0.004605895685067155,0.004605895685067155
squeeze_power,oi_up_price_up,0.004603701621038223,0.004603701621038223
net_taker_ratio,bb_width,0.0046025106742900584,0.0046025106742900584
session_europe,funding_roc_48,-0.004598949775714695,0.004598949775714695
net_taker_ratio,rogers_satchell_vol,0.004597119646433282,0.004597119646433282
session_europe,sig_trend_health,-0.004597099229851534,0.004597099229851534
rogers_satchell_vol,funding_roc_48,-0.00459556045965911,0.00459556045965911
funding_roc_288,funding_oi_divergence,0.004583587894266287,0.004583587894266287
funding_pressure,vwap_dist_24,0.004579414023103208,0.004579414023103208
low,log_return,0.0045763421463298265,0.0045763421463298265
hour_sin,funding_roc_12,0.004576216737741635,0.004576216737741635
funding_roc_12,btc_eth_volume_rank_spread,-0.004575741962361875,0.004575741962361875
garman_klass_vol,mtf_trend_1h,-0.004572760971343597,0.004572760971343597
is_hour_open,atr_pct_rank_288,-0.004571917574860694,0.004571917574860694
whale_retail_ratio,svps,-0.00457044240794244,0.00457044240794244
smart_money_flow,funding_oi_divergence,0.004564566771753743,0.004564566771753743
oi_change_rate,funding_oi_divergence,0.004564566771753743,0.004564566771753743
whale_conviction,cvp_vah_val_width,0.004564001870981636,0.004564001870981636
oi_change_rate,compression_score,-0.004562858573211689,0.004562858573211689
smart_money_flow,compression_score,-0.004562858573211689,0.004562858573211689
sum_open_interest_value,compression_release_up,0.004561302727839395,0.004561302727839395
eth_btc_ratio_change,garch_vol_z,-0.004560965557616505,0.004560965557616505
cvp_cluster_position,sig_liquidity_trap,-0.00455888657823097,0.00455888657823097
regime_trending,kalman_velocity,0.004557707363219574,0.004557707363219574
breakout_strength,mta_funding,0.004552467515865698,0.004552467515865698
session_europe,jump_z,-0.004551335417952595,0.004551335417952595
volatility_z,eth_btc_ratio_change,-0.004550801852122753,0.004550801852122753
big_trade_ratio,mtf_trend_1h,-0.004550353312857428,0.004550353312857428
dual_momentum,evt_excess_z,-0.004549343844914298,0.004549343844914298
close_btc,log_return,0.004546738325909524,0.004546738325909524
funding_roc_48,kel,-0.004543257665213585,0.004543257665213585
taker_buy_base,distance_to_day_high_low_pct,0.0045365177602265236,0.0045365177602265236
minute_cos,jump_flag,-0.004536481064286448,0.004536481064286448
funding_oi_divergence,evt_excess_z,-0.004531430119625552,0.004531430119625552
hurst_48,kalman_velocity,0.004529762581347632,0.004529762581347632
funding_pressure,execution_quality,0.004526409661409331,0.004526409661409331
ofti,crowding_pressure,0.004525756095091801,0.004525756095091801
sum_open_interest_value,btc_breakout_eth_lag_dir,0.004521127705590823,0.004521127705590823
count_long_short_ratio,hma_slope,-0.0045195575692471715,0.0045195575692471715
close_btc,btc_breakout_eth_lag_dir,0.004513085474588761,0.004513085474588761
hma_slope,realized_vol_ratio,0.004512489192597113,0.004512489192597113
trade_intensity,fibonacci_level,0.00451148980345361,0.00451148980345361
fvg_dist,regime_trending,-0.004509898438190051,0.004509898438190051
close_btc,btc_impulse_x_eth_beta,0.0045072270292251535,0.0045072270292251535
close_btc,btc_eth_volume_rank_spread,-0.0045031224449745685,0.0045031224449745685
dual_momentum,evt_tail_flag,-0.004501765989564402,0.004501765989564402
hma_slope,funding_pressure,0.0044981272160205645,0.0044981272160205645
high,log_return,0.004496024652226302,0.004496024652226302
regime_trending,price_cvd_divergence,-0.0044916487308423484,0.0044916487308423484
net_taker_ratio,execution_quality,0.004490764992855996,0.004490764992855996
regime_trending,cvd_12,0.004490318020759101,0.004490318020759101
quote_volume_btc,cross_scale_curvature,0.004486454886629947,0.004486454886629947
ofi_acceleration,jump_flag,0.004486044608459183,0.004486044608459183
open,cvd_breakout_z,-0.004484926954801742,0.004484926954801742
funding_roc_12,vwap_reject_flag,0.0044834374585974385,0.0044834374585974385
last_funding_rate,compression_release_up,0.004473293940966091,0.004473293940966091
funding_roc_48,btc_lead_eth_follow_gap_3,0.004471433913684533,0.004471433913684533
ofti,sig_trend_health,-0.004470854649092268,0.004470854649092268
wick_ratio,eth_btc_ratio_change,-0.004467477575595281,0.004467477575595281
minute_sin,kalman_velocity,-0.004467072017791836,0.004467072017791836
rogers_satchell_vol,eth_btc_beta_residual_z,-0.00445792742860581,0.00445792742860581
last_funding_rate,evt_tail_flag,0.0044578191022781296,0.0044578191022781296
sum_open_interest_value,garch_vol_z,0.0044571276556016,0.0044571276556016
trade_intensity,anchored_vwap_session_dist,0.004455943414470731,0.004455943414470731
funding_abs,cross_scale_curvature,-0.004455325356458797,0.004455325356458797
cvd_288,sig_liquidity_trap,-0.004448602979728039,0.004448602979728039
volume,crowded_long_unwind_risk,-0.004447233322306644,0.004447233322306644
session_europe,btc_ret_6,-0.004445883745917344,0.004445883745917344
regime_trending,crowding_pressure,0.0044429485691537375,0.0044429485691537375
kel,vwap_reject_flag,-0.00444214121132049,0.00444214121132049
ofi_acceleration,funding_flip_signal,-0.004436066380181672,0.004436066380181672
smart_money_flow,vwap_reject_flag,-0.004429435057504162,0.004429435057504162
oi_change_rate,vwap_reject_flag,-0.004429435057504162,0.004429435057504162
jump_z,evt_tail_flag,0.004429370189058767,0.004429370189058767
low,session_europe,0.004423216035653919,0.004423216035653919
count_long_short_ratio,btc_impulse_x_eth_beta,-0.004418702183674774,0.004418702183674774
minute_cos,crowded_short_squeeze_risk,-0.004414745417374278,0.004414745417374278
big_trade_ratio,kalman_velocity,-0.004412935478300549,0.004412935478300549
trades,whale_conviction,-0.004410525036492949,0.004410525036492949
volatility_z,is_hour_open,-0.004406459575329191,0.004406459575329191
mta_funding,jump_flag,-0.004404714197894918,0.004404714197894918
volume_btc,cvd_slope_48,-0.004403602235991511,0.004403602235991511
close_btc,btc_ret_3,0.004398656138922846,0.004398656138922846
btc_ret_z_48,execution_quality,0.004397618982562543,0.004397618982562543
session_europe,sig_volume_confirm,0.004397149855611787,0.004397149855611787
price_cvd_divergence,btc_ret_z_48,-0.004392597371961047,0.004392597371961047
mtf_trend_1h,hurst_48,0.0043910258238913855,0.0043910258238913855
hurst_48,ou_funding_z,0.004382619006432669,0.004382619006432669
low,big_trade_ratio,0.004377512909131767,0.004377512909131767
net_taker_ratio,garman_klass_vol,0.004377197755944523,0.004377197755944523
big_trade_ratio,btc_corr_60,-0.004370776548662361,0.004370776548662361
wick_ratio,cvd_slope_12,-0.00436901411639981,0.00436901411639981
taker_acceleration,funding_flip_signal,-0.004365953251589156,0.004365953251589156
wick_ratio,cross_scale_curvature,0.0043604035891359446,0.0043604035891359446
last_funding_rate,rsi,-0.004360343530630964,0.004360343530630964
funding_z_score,hurst_48,0.004360177087394437,0.004360177087394437
sum_open_interest_value,btc_volume_impulse_z,0.004356954356885389,0.004356954356885389
funding_roc_48,btc_ret_6,-0.004355848478735288,0.004355848478735288
cvp_regime,anchored_vwap_session_dist,0.004355684885080379,0.004355684885080379
rogers_satchell_vol,sig_volume_confirm,0.004355140019736243,0.004355140019736243
regime_trending,cvd_slope_48,0.004352632655264057,0.004352632655264057
hma_slope,minute_sin,-0.004350899870782852,0.004350899870782852
cvd_breakout_z,oi_up_price_down,0.004349291750083683,0.004349291750083683
funding_oi_divergence,evt_tail_flag,-0.004346820055874066,0.004346820055874066
sum_open_interest_value,funding_roc_12,0.004345708274154048,0.004345708274154048
whale_retail_ratio,hour_cos,-0.0043450789813925545,0.0043450789813925545
last_funding_rate,btc_eth_volume_rank_spread,-0.004343431855396689,0.004343431855396689
funding_roc_12,execution_quality,0.004343325058806808,0.004343325058806808
last_funding_rate,evt_excess_z,0.004340481136246038,0.004340481136246038
funding_roc_288,btc_breakout_eth_lag_dir,0.004336721106179423,0.004336721106179423
funding_roc_48,funding_oi_divergence,0.004336279249572108,0.004336279249572108
whale_conviction,hurst_288,-0.004334034125218689,0.004334034125218689
last_funding_rate,net_taker_ratio,-0.004324848782845313,0.004324848782845313
volume_btc,btc_ret_1,-0.004317511896282154,0.004317511896282154
btc_corr_60,btc_breakout_eth_lag_dir,0.004317324168110636,0.004317324168110636
wick_ratio,vwap_dist_288,0.004316526797058167,0.004316526797058167
count_long_short_ratio,btc_ret_3,-0.004309278546477708,0.004309278546477708
cvd_12,garch_vol_z,-0.004308609968181046,0.004308609968181046
sum_toptrader_long_short_ratio,oi_up_price_down,0.004302230213856321,0.004302230213856321
eth_btc_beta_residual_z,sweep_prev_high_reclaim,-0.004298073396350916,0.004298073396350916
bb_width,eth_btc_ratio_change,-0.004298044754267586,0.004298044754267586
funding_roc_288,btc_ret_12,-0.0042951990968502635,0.0042951990968502635
fibonacci_level,ou_halflife,0.0042945383407894215,0.0042945383407894215
hour_sin,cross_scale_curvature,0.004294406407099226,0.004294406407099226
btc_ret_1,execution_quality,0.004292366736023046,0.004292366736023046
quote_volume,short_squeeze_risk,-0.004290998675727805,0.004290998675727805
wick_ratio,btc_lead_eth_follow_gap_3,0.004290331635137547,0.004290331635137547
session_us,kel,-0.004282108223818315,0.004282108223818315
is_hour_open,sweep_prev_low_reclaim,0.004279308824158839,0.004279308824158839
wick_ratio,btc_ret_1,0.004279224346662819,0.004279224346662819
distance_to_day_high_low_pct,crowded_long_unwind_risk,-0.004277832699087444,0.004277832699087444
high,eth_btc_beta_residual_z,-0.004275221801253142,0.004275221801253142
net_taker_ratio,wick_ratio,-0.004272266672359241,0.004272266672359241
rogers_satchell_vol,ofi_acceleration,0.004271122465402744,0.004271122465402744
oi_change_rate,funding_abs,0.004269753746680368,0.004269753746680368
smart_money_flow,funding_abs,0.004269753746680368,0.004269753746680368
funding_abs,evt_excess_z,-0.004267240171868348,0.004267240171868348
session_europe,price_cvd_divergence,0.0042669359875769745,0.0042669359875769745
ofti,cvd_48,0.0042614422411006376,0.0042614422411006376
low,eth_btc_beta_residual_z,-0.004260708812020605,0.004260708812020605
volatility_z,ou_halflife,-0.0042571722734451424,0.0042571722734451424
macd_hist,funding_flip_signal,-0.004249010355421753,0.004249010355421753
low,kel,0.0042445036436242365,0.0042445036436242365
count_long_short_ratio,net_taker_ratio,-0.004242295108767037,0.004242295108767037
is_hour_open,ofti,-0.004240789361886186,0.004240789361886186
minute_cos,vwap_reclaim_flag,-0.004232294878309875,0.004232294878309875
oi_up_price_down,jump_flag,-0.004230939503307908,0.004230939503307908
close,atr_pct_rank_288,-0.004230239037400292,0.004230239037400292
taker_buy_quote,macd_hist,0.004229529591558896,0.004229529591558896
bb_width_z,long_squeeze_risk,0.004226727488154196,0.004226727488154196
net_taker_ratio,funding_flip_signal,-0.004221962633963208,0.004221962633963208
fvg_dist,funding_abs,0.004221378077655264,0.004221378077655264
eth_btc_beta_residual_z,failed_breakout_up,-0.004220732136809066,0.004220732136809066
btc_corr_60,lower_wick_z,-0.004219467955569469,0.004219467955569469
mean_reversion_z,crowded_short_squeeze_risk,0.0042153237621243185,0.0042153237621243185
minute_sin,mta_funding,0.004213730819229163,0.004213730819229163
whale_retail_ratio,btc_ret_12,0.004204132184142872,0.004204132184142872
sum_toptrader_long_short_ratio,btc_breakout_eth_lag_dir,0.004203760699520148,0.004203760699520148
is_hour_open,cross_scale_curvature,0.00420265690861668,0.00420265690861668
bb_width_z,is_hour_open,-0.004202542550983564,0.004202542550983564
open,btc_eth_volume_rank_spread,-0.004200635938130281,0.004200635938130281
open,kel,0.004199757076873235,0.004199757076873235
sum_open_interest_value,session_us,0.0041967959561965825,0.0041967959561965825
close,kel,0.004193570510927042,0.004193570510927042
squeeze_power,cvp_poc_dist,0.004192554437059836,0.004192554437059836
trades,kel,-0.0041911539342363476,0.0041911539342363476
rogers_satchell_vol,cvd_breakout_z,0.004190549749075234,0.004190549749075234
price_cvd_divergence,oi_up_price_down,-0.004190126510770447,0.004190126510770447
btc_volume_impulse_z,sig_liquidity_trap,0.004188843481777756,0.004188843481777756
high,kel,0.004188834544506564,0.004188834544506564
is_hour_open,failed_breakout_down,0.004181012455268159,0.004181012455268159
crowded_long_unwind_risk,evt_excess_z,-0.0041796206585711475,0.0041796206585711475
chop_index,ou_funding_z,-0.004172307471673726,0.004172307471673726
big_trade_ratio,funding_roc_48,-0.004170062055857758,0.004170062055857758
mta_funding,eth_btc_beta_residual_z,0.004166005710161105,0.004166005710161105
ofti,vwap_reject_flag,0.0041648926908764775,0.0041648926908764775
chop_index,funding_z_score,-0.004164352498891882,0.004164352498891882
close_btc,jump_z,0.00416410404349305,0.00416410404349305
open,atr_pct_rank_288,-0.004160088111990123,0.004160088111990123
trades,sig_volume_confirm,-0.004151375796695208,0.004151375796695208
hour_sin,ou_halflife,0.004144118583412517,0.004144118583412517
sum_open_interest_value,eth_btc_beta_residual_z,-0.004141235710954167,0.004141235710954167
minute_cos,evt_excess_z,-0.004138606115196359,0.004138606115196359
net_taker_ratio,parkinson_vol,0.004138505240191332,0.004138505240191332
quote_volume_btc,cvd_slope_48,-0.004134673153721154,0.004134673153721154
low,vwap_reclaim_flag,-0.0041275258448694825,0.0041275258448694825
funding_abs,evt_tail_flag,-0.004115303456755731,0.004115303456755731
session_europe,eth_btc_beta_residual_z,-0.004114154368122974,0.004114154368122974
big_trade_ratio,sig_volume_confirm,-0.004110994566946396,0.004110994566946396
funding_z_score,ofti,0.004102918488572652,0.004102918488572652
close,btc_eth_volume_rank_spread,-0.004102433847584555,0.004102433847584555
smart_money_flow,funding_pressure,0.004100174433252514,0.004100174433252514
oi_change_rate,funding_pressure,0.004100174433252514,0.004100174433252514
macd_hist,hurst_48,0.004094105254448327,0.004094105254448327
hour_sin,upper_wick_z,0.004087851019660745,0.004087851019660745
ofti,ou_funding_z,0.004087716532507778,0.004087716532507778
is_hour_open,compression_score,0.004078911316221758,0.004078911316221758
minute_cos,evt_tail_flag,-0.0040780617347298004,0.0040780617347298004
eth_btc_ratio_change,funding_flip_signal,-0.004077209695042004,0.004077209695042004
quote_volume,sig_volume_confirm,-0.004075293011227262,0.004075293011227262
minute_sin,ofi_acceleration,-0.004075275825977718,0.004075275825977718
bb_width,cvd_breakout_z,0.004075135559186705,0.004075135559186705
high,cvd_breakout_z,-0.004073477742519754,0.004073477742519754
kel,btc_ret_z_48,-0.004069568204651829,0.004069568204651829
whale_conviction,squeeze_power,0.00406745932835117,0.00406745932835117
session_europe,mta_funding,0.004065841431779568,0.004065841431779568
trade_intensity,ofti,0.004064216653970349,0.004064216653970349
last_funding_rate,bb_width_z,-0.0040613967349546224,0.0040613967349546224
mtf_trend_1h,ou_halflife,-0.004060537326491398,0.004060537326491398
whale_retail_ratio,cvd_slope_12,-0.004059005140927538,0.004059005140927538
fibonacci_level,cvd_slope_12,0.004055773219037762,0.004055773219037762
cvp_vah_val_width,sig_trend_health,0.00405539054415539,0.00405539054415539
dual_momentum,ofti,0.0040546489930268536,0.0040546489930268536
range_contraction_breakout_dir,sig_liquidity_trap,0.004050198030833505,0.004050198030833505
quote_volume,funding_roc_12,0.004047671904183161,0.004047671904183161
session_europe,compression_release_down,0.004045045437692647,0.004045045437692647
vwap_dist_96,oi_up_price_down,-0.00404022493161094,0.00404022493161094
last_funding_rate,oi_up_price_up,0.004037211334770985,0.004037211334770985
amihud_illiquidity_z,ou_funding_z,-0.004034301400152555,0.004034301400152555
ofi_acceleration,execution_quality,-0.004032191134412126,0.004032191134412126
cvp_regime,funding_price_divergence,0.004032039185471462,0.004032039185471462
macd_hist,mta_funding,0.004028735189784213,0.004028735189784213
amihud_illiquidity_z,funding_z_score,-0.004027433508882524,0.004027433508882524
whale_retail_ratio,hma_slope,0.00402367190002018,0.00402367190002018
crowded_long_unwind_risk,evt_tail_flag,-0.00402358194143146,0.00402358194143146
volume,cvd_288,0.004023019846107509,0.004023019846107509
whale_retail_ratio,btc_breakout_eth_lag_dir,0.004019014130504461,0.004019014130504461
eth_btc_beta_residual_z,funding_flip_signal,-0.004019008956433862,0.004019008956433862
wick_ratio,fvg_dist,-0.004015255175885247,0.004015255175885247
garman_klass_vol,ofi_acceleration,0.004008740105239033,0.004008740105239033
count_long_short_ratio,failed_breakout_up,-0.0040057634466156835,0.0040057634466156835
chop_index,funding_roc_48,-0.004005088703348245,0.004005088703348245
quote_volume,vwap_reclaim_flag,-0.004003963581699924,0.004003963581699924
mta_funding,sig_volume_confirm,0.004003945261586215,0.004003945261586215
funding_roc_12,compression_score,-0.004003631125648915,0.004003631125648915
vwap_reject_flag,ou_halflife,0.003997538865150807,0.003997538865150807
count_long_short_ratio,btc_ret_z_48,0.003995212137474905,0.003995212137474905
squeeze_power,btc_eth_volume_rank_spread,-0.00399436784884773,0.00399436784884773
funding_pressure,eth_btc_ret_spread_12,-0.003992672616344477,0.003992672616344477
hour_cos,hurst_48,-0.003991132107510611,0.003991132107510611
funding_roc_48,btc_impulse_x_eth_beta,-0.0039882059791888835,0.0039882059791888835
garman_klass_vol,sig_volume_confirm,0.003987759610463046,0.003987759610463046
regime_trending,vwap_reclaim_flag,-0.0039851817352619095,0.0039851817352619095
funding_roc_12,btc_lead_eth_follow_gap_3,0.003980765132700289,0.003980765132700289
funding_z_score,lower_wick_z,0.00397575191230851,0.00397575191230851
mtf_trend_4h,funding_abs,-0.003973114273962085,0.003973114273962085
chop_index,btc_lead_eth_follow_gap_3,-0.003968791936390242,0.003968791936390242
lower_wick_z,ou_funding_z,0.003967032307100771,0.003967032307100771
parkinson_vol,is_hour_open,-0.003964952537067301,0.003964952537067301
btc_lead_eth_follow_gap_3,oi_up_price_down,0.003964263622288129,0.003964263622288129
mtf_trend_4h,funding_flip_signal,0.0039617020570600625,0.0039617020570600625
cvp_cluster_position,hurst_48,0.003961127041973123,0.003961127041973123
mta_funding,funding_flip_signal,-0.003955447254260483,0.003955447254260483
count_long_short_ratio,sweep_prev_high_reclaim,-0.003951300310414439,0.003951300310414439
hour_cos,jump_z,0.003946668377519818,0.003946668377519818
dual_momentum,sig_liquidity_trap,-0.0039396221640188855,0.0039396221640188855
squeeze_power,macd_hist,-0.003939585340136529,0.003939585340136529
funding_roc_48,btc_ret_3,-0.003939056545735316,0.003939056545735316
eth_btc_ratio_change,jump_flag,0.003938939720826904,0.003938939720826904
sweep_prev_high_reclaim,jump_flag,0.003938237000633884,0.003938237000633884
high,garch_vol_z,0.003938053725871192,0.003938053725871192
whale_conviction,minute_sin,0.0039368447346768065,0.0039368447346768065
cvd_slope_48,btc_eth_volume_rank_spread,0.003933900180305908,0.003933900180305908
minute_cos,funding_oi_divergence,0.003932438447433835,0.003932438447433835
fvg_dist,funding_roc_288,-0.003928754412432528,0.003928754412432528
funding_abs,eth_btc_ret_spread_12,-0.0039218627666535635,0.0039218627666535635
open,taker_acceleration,-0.003921360790728743,0.003921360790728743
smart_money_flow,btc_eth_volume_rank_spread,-0.003920929996025443,0.003920929996025443
oi_change_rate,btc_eth_volume_rank_spread,-0.003920929996025443,0.003920929996025443
funding_roc_12,cvd_12,-0.003917675198485128,0.003917675198485128
funding_pressure,sweep_prev_low_reclaim,0.0039118085191627945,0.0039118085191627945
long_squeeze_risk,liquidity_vacuum,-0.003910988476741177,0.003910988476741177
hurst_48,eth_btc_ret_spread_48,-0.003907158001534091,0.003907158001534091
quote_volume_btc,sig_volume_confirm,-0.003902617697222902,0.003902617697222902
atr_pct_rank_288,cross_scale_curvature,0.0038972793044447906,0.0038972793044447906
chop_index,range_contraction_breakout_dir,0.0038968506329339495,0.0038968506329339495
sum_toptrader_long_short_ratio,vwap_dist_24,0.0038943419926337278,0.0038943419926337278
wick_ratio,eth_btc_beta_residual_z,-0.0038844086727501943,0.0038844086727501943
low,cvd_breakout_z,-0.003880851334506219,0.003880851334506219
btc_ret_3,bb_width_pct_rank_288,-0.003876104198689671,0.003876104198689671
hour_sin,btc_ret_3,-0.0038743831492689665,0.0038743831492689665
amihud_illiquidity_z,crowding_pressure,-0.00386754432262326,0.00386754432262326
funding_roc_48,jump_z,-0.0038620753744960006,0.0038620753744960006
regime_trending,vwap_dist_96,0.0038614212271911876,0.0038614212271911876
is_hour_open,bb_width_pct_rank_288,-0.003860768293905767,0.003860768293905767
mtf_trend_1h,regime_trending,0.0038559199644843077,0.0038559199644843077
squeeze_power,eth_btc_ratio_change,-0.0038508969482116007,0.0038508969482116007
sum_open_interest_value,execution_quality,-0.0038507041506388013,0.0038507041506388013
squeeze_power,sweep_prev_high_reclaim,0.0038482185622379958,0.0038482185622379958
funding_pressure,failed_breakout_down,0.0038477790896904343,0.0038477790896904343
sum_open_interest_value,btc_eth_volume_rank_spread,-0.0038460630076784467,0.0038460630076784467
btc_ret_3,execution_quality,0.0038395180537995123,0.0038395180537995123
mtf_trend_4h,mta_funding,0.0038339151452750405,0.0038339151452750405
squeeze_power,failed_breakout_up,0.003828450000538366,0.003828450000538366
quote_volume,sig_liquidity_trap,-0.003827963348448104,0.003827963348448104
btc_eth_volume_rank_spread,compression_release_up,0.0038243915761838093,0.0038243915761838093
close,funding_z_score,-0.003823287059395464,0.003823287059395464
hour_cos,failed_breakout_up,-0.003822095486361138,0.003822095486361138
cvp_vah_val_width,cvd_48,0.0038215125401588486,0.0038215125401588486
hour_cos,sweep_prev_high_reclaim,-0.0038198702636366858,0.0038198702636366858
low,funding_roc_48,0.0038178265000230922,0.0038178265000230922
hour_sin,btc_impulse_x_eth_beta,-0.0038161749336311267,0.0038161749336311267
high,funding_z_score,-0.0038123020461066186,0.0038123020461066186
ofi_acceleration,bb_width_pct_rank_288,0.0038023460122609916,0.0038023460122609916
squeeze_power,compression_release_up,0.0038003581605283816,0.0038003581605283816
funding_pressure,evt_tail_flag,0.003797948114045556,0.003797948114045556
btc_breakout_eth_lag_dir,btc_volume_impulse_z,-0.0037978352422841596,0.0037978352422841596
hour_cos,funding_flip_signal,0.003796290694840633,0.003796290694840633
funding_pressure,btc_ret_1,0.0037953731332501547,0.0037953731332501547
funding_roc_48,atr_pct_rank_288,-0.0037909699066381764,0.0037909699066381764
open,funding_roc_48,0.003790785761028719,0.003790785761028719
close_btc,oi_up_price_up,0.003790431926585317,0.003790431926585317
garman_klass_vol,vwap_dist_24,0.0037828348785581916,0.0037828348785581916
open,funding_z_score,-0.0037799057019951977,0.0037799057019951977
close,cvd_breakout_z,-0.0037739501898372374,0.0037739501898372374
low,funding_z_score,-0.003772296276941028,0.003772296276941028
sum_toptrader_long_short_ratio,cvp_cluster_position,-0.00377225714434784,0.00377225714434784
funding_roc_12,sweep_prev_low_reclaim,-0.003767471113547779,0.003767471113547779
minute_sin,sig_liquidity_trap,0.0037665810531147133,0.0037665810531147133
session_europe,btc_impulse_x_eth_beta,-0.003759557126311964,0.003759557126311964
funding_roc_288,jump_z,-0.003758082209438768,0.003758082209438768
cvp_cluster_position,jump_flag,-0.0037574471422080467,0.0037574471422080467
close,funding_roc_48,0.0037567886030065003,0.0037567886030065003
btc_impulse_x_eth_beta,bb_width_pct_rank_288,-0.0037509060600096284,0.0037509060600096284
dual_momentum,liquidity_vacuum,-0.0037487252847131993,0.0037487252847131993
funding_roc_288,ofti,0.0037470851148499558,0.0037470851148499558
funding_roc_12,failed_breakout_down,-0.0037444274427342215,0.0037444274427342215
sum_open_interest_value,vwap_reject_flag,-0.003742537792789085,0.003742537792789085
volume,kel,-0.0037391549816925343,0.0037391549816925343
funding_roc_12,kalman_velocity,-0.0037351371693815777,0.0037351371693815777
cvd_slope_48,funding_flip_signal,-0.0037339684657444402,0.0037339684657444402
high,funding_roc_48,0.003733803838392399,0.003733803838392399
close_btc,crowded_long_unwind_risk,-0.00373302862490883,0.00373302862490883
sum_open_interest_value,liquidity_vacuum,-0.0037311157720426604,0.0037311157720426604
close,ou_funding_z,-0.0037246339777761103,0.0037246339777761103
regime_trending,btc_ret_6,-0.0037216373586005536,0.0037216373586005536
parkinson_vol,cvd_12,0.003717433014698329,0.003717433014698329
minute_cos,compression_release_up,-0.00371598412410637,0.00371598412410637
taker_buy_base,cvd_breakout_z,0.0037142892651189524,0.0037142892651189524
high,ou_funding_z,-0.0037136267925516613,0.0037136267925516613
high,liquidity_vacuum,-0.0037124754422464866,0.0037124754422464866
quote_volume,cvp_volume_imbalance,-0.003710480056815568,0.003710480056815568
funding_abs,btc_ret_6,0.003710430110502462,0.003710430110502462
eth_btc_ratio_change,funding_roc_288,-0.003707650469090953,0.003707650469090953
funding_pressure,evt_excess_z,0.003702746548619958,0.003702746548619958
garman_klass_vol,is_hour_open,-0.0036985279033310823,0.0036985279033310823
cvd_288,liquidity_vacuum,-0.0036968404445579402,0.0036968404445579402
parkinson_vol,ofi_acceleration,0.003695853812517513,0.003695853812517513
vwap_reclaim_flag,ou_halflife,0.003693732853776018,0.003693732853776018
sum_toptrader_long_short_ratio,oi_up_price_up,0.003693358144025803,0.003693358144025803
session_us,cvd_48,-0.0036901079957617753,0.0036901079957617753
btc_ret_1,ou_funding_z,-0.003685841620410529,0.003685841620410529
high,vwap_reclaim_flag,-0.0036842292070036527,0.0036842292070036527
low,jump_z,0.003681764717240296,0.003681764717240296
open,ou_funding_z,-0.003681259823363107,0.003681259823363107
btc_impulse_x_eth_beta,execution_quality,0.0036789983505431914,0.0036789983505431914
fibonacci_level,oi_up_price_down,-0.003676415095889895,0.003676415095889895
volume,whale_conviction,0.0036755529877149605,0.0036755529877149605
btc_corr_60,hurst_48,0.0036749385942650226,0.0036749385942650226
low,ou_funding_z,-0.0036736677284252266,0.0036736677284252266
funding_z_score,btc_ret_1,-0.0036707035844376753,0.0036707035844376753
minute_cos,failed_breakout_down,-0.003667963422738314,0.003667963422738314
rogers_satchell_vol,minute_sin,-0.003666571265045932,0.003666571265045932
last_funding_rate,btc_volume_impulse_z,0.0036660605100302356,0.0036660605100302356
trades,crowding_pressure,-0.003665305665225711,0.003665305665225711
sum_open_interest_value,compression_release_down,0.003663656413986574,0.003663656413986574
mtf_trend_4h,liquidity_vacuum,-0.003662943460087043,0.003662943460087043
funding_roc_288,vwap_dist_96,0.003662083288225568,0.003662083288225568
btc_eth_volume_rank_spread,vwap_reject_flag,-0.0036567213135093183,0.0036567213135093183
funding_z_score,eth_btc_ret_spread_48,-0.0036561490696229533,0.0036561490696229533
eth_btc_ret_spread_48,ou_funding_z,-0.003652973720962247,0.003652973720962247
cvp_cluster_position,ou_halflife,-0.003650956684208414,0.003650956684208414
realized_vol_ratio,funding_roc_12,0.0036449003237918206,0.0036449003237918206
funding_roc_12,garch_vol_z,0.003644885551716724,0.003644885551716724
rsi,liquidity_vacuum,0.0036439861771367494,0.0036439861771367494
breakout_strength,short_squeeze_risk,-0.0036399510646933225,0.0036399510646933225
kel,btc_volume_impulse_z,-0.0036398532380845896,0.0036398532380845896
dual_momentum,cvd_slope_12,-0.0036371961371362348,0.0036371961371362348
session_europe,btc_ret_3,-0.0036368036289197206,0.0036368036289197206
sum_toptrader_long_short_ratio,oi_change_rate,-0.0036362219179900735,0.0036362219179900735
sum_toptrader_long_short_ratio,smart_money_flow,-0.0036362219179900735,0.0036362219179900735
garman_klass_vol,minute_sin,-0.00363019081272984,0.00363019081272984
funding_roc_48,eth_btc_ret_spread_48,0.003629631427397659,0.003629631427397659
low,btc_eth_volume_rank_spread,-0.0036261300796391473,0.0036261300796391473
rogers_satchell_vol,is_hour_open,-0.0036257463396846676,0.0036257463396846676
taker_buy_base,cvp_poc_dist,-0.003619436073835269,0.003619436073835269
volume,cvd_48,-0.0036136878353896953,0.0036136878353896953
parkinson_vol,minute_sin,-0.00361187368093253,0.00361187368093253
last_funding_rate,macd_hist,-0.003610055957790849,0.003610055957790849
bb_width_z,hma_slope,-0.0036097482779647617,0.0036097482779647617
vwap_dist_96,liquidity_vacuum,-0.0036083640700211804,0.0036083640700211804
log_return,hurst_288,-0.0036035383208452244,0.0036035383208452244
high,jump_z,0.003599881260570511,0.003599881260570511
bb_width_z,cvd_slope_48,0.003595090185812595,0.003595090185812595
mtf_trend_4h,regime_trending,0.003594141838266436,0.003594141838266436
sum_open_interest_value,bb_width_pct_rank_288,0.0035923109690797587,0.0035923109690797587
ou_halflife,sig_trend_health,-0.0035850564749608065,0.0035850564749608065
minute_cos,sweep_prev_low_reclaim,-0.0035849578245278715,0.0035849578245278715
realized_skewness,oi_up_price_up,-0.003578849994512292,0.003578849994512292
kel,compression_score,0.003577228437243372,0.003577228437243372
btc_volume_impulse_z,sig_volume_confirm,-0.00357648163640553,0.00357648163640553
mta_funding,price_cvd_divergence,-0.003573475191130889,0.003573475191130889
amihud_illiquidity_z,mta_funding,0.003563346311271826,0.003563346311271826
btc_ret_3,garch_vol_z,-0.0035612797376490157,0.0035612797376490157
btc_corr_60,upper_wick_z,-0.0035559210902272906,0.0035559210902272906
count_long_short_ratio,regime_trending,-0.0035539614157308877,0.0035539614157308877
wick_ratio,cvd_12,0.00355031952397783,0.00355031952397783
log_return,funding_roc_288,-0.003544694752834144,0.003544694752834144
cvd_slope_12,funding_flip_signal,-0.0035387414292947024,0.0035387414292947024
whale_retail_ratio,amihud_illiquidity_z,0.0035378015823116153,0.0035378015823116153
high,taker_buy_base,0.0035363645674416706,0.0035363645674416706
oi_change_rate,compression_release_up,-0.0035345819540886546,0.0035345819540886546
smart_money_flow,compression_release_up,-0.0035345819540886546,0.0035345819540886546
sum_open_interest_value,crowded_long_unwind_risk,-0.003522257892925279,0.003522257892925279
mta_funding,vwap_dist_96,0.003521518419283969,0.003521518419283969
net_taker_ratio,mta_funding,0.0035203997727468136,0.0035203997727468136
session_us,hurst_288,0.0035107274404622673,0.0035107274404622673
hour_sin,btc_ret_1,-0.003507975000809455,0.003507975000809455
volatility_z,upper_wick_z,0.0035057333955596814,0.0035057333955596814
garman_klass_vol,cvd_12,0.003500061247785246,0.003500061247785246
amihud_illiquidity_z,minute_sin,-0.003493697948557541,0.003493697948557541
btc_impulse_x_eth_beta,garch_vol_z,-0.0034891527949673378,0.0034891527949673378
whale_conviction,realized_skewness,0.0034828080077519263,0.0034828080077519263
smart_money_flow,big_trade_ratio,-0.0034775862669493957,0.0034775862669493957
oi_change_rate,big_trade_ratio,-0.0034775862669493957,0.0034775862669493957
high,btc_ret_z_48,-0.003476442019746195,0.003476442019746195
parkinson_vol,sig_volume_confirm,0.0034711486818422765,0.0034711486818422765
regime_trending,ou_funding_z,0.003470636959494713,0.003470636959494713
volatility_z,funding_roc_48,0.0034698681404350252,0.0034698681404350252
taker_buy_base,funding_roc_12,0.003467887353517773,0.003467887353517773
trades,vwap_reject_flag,0.0034673701903983225,0.0034673701903983225
bb_width_z,funding_roc_12,0.0034642456765372844,0.0034642456765372844
big_trade_ratio,ou_funding_z,0.00346414138709793,0.00346414138709793
cvp_vah_val_width,cvp_cluster_position,-0.0034631902049984615,0.0034631902049984615
funding_roc_12,ofi_acceleration,-0.003462671953822847,0.003462671953822847
smart_money_flow,amihud_illiquidity_z,0.00346225477326756,0.00346225477326756
oi_change_rate,amihud_illiquidity_z,0.00346225477326756,0.00346225477326756
mtf_trend_1h,minute_cos,-0.003453065272461444,0.003453065272461444
chop_index,cvp_poc_dist,0.0034521137318098277,0.0034521137318098277
volume,sig_liquidity_trap,-0.003448657736408593,0.003448657736408593
funding_roc_12,vwap_dist_24,-0.00344630629695703,0.00344630629695703
funding_z_score,regime_trending,0.0034462872107054077,0.0034462872107054077
ofi_acceleration,compression_score,-0.0034434960071822824,0.0034434960071822824
big_trade_ratio,funding_z_score,0.0034410053661433305,0.0034410053661433305
chop_index,vwap_dist_96,0.0034377326447826042,0.0034377326447826042
hma_slope,amihud_illiquidity_z,0.0034371944315273496,0.0034371944315273496
session_europe,cross_scale_curvature,0.003431973863415128,0.003431973863415128
rogers_satchell_vol,cvd_12,0.00342776204223329,0.00342776204223329
close,eth_btc_ret_spread_12,0.0034253755787661214,0.0034253755787661214
cvd_288,lower_wick_z,0.0034233307006474576,0.0034233307006474576
cvp_regime,eth_btc_ret_spread_48,0.003422902183114042,0.003422902183114042
hour_sin,range_contraction_breakout_dir,-0.00341541211025541,0.00341541211025541
trades,cvp_poc_dist,-0.003414593014008429,0.003414593014008429
volatility_z,minute_sin,0.003411679201583492,0.003411679201583492
volatility_z,lower_wick_z,0.003411359390154294,0.003411359390154294
low,btc_ret_z_48,-0.0034054660069607295,0.0034054660069607295
btc_corr_60,btc_ret_1,0.003403102536844575,0.003403102536844575
hour_cos,anchored_vwap_session_dist,0.0034025905708148737,0.0034025905708148737
high,bb_width_z,0.0034020276746870768,0.0034020276746870768
failed_breakout_up,jump_flag,0.0033963365303320667,0.0033963365303320667
last_funding_rate,eth_btc_ratio_change,-0.0033945450060031902,0.0033945450060031902
hour_cos,mean_reversion_z,0.0033940890739748877,0.0033940890739748877
oi_change_rate,hour_cos,-0.00339303655002003,0.00339303655002003
smart_money_flow,hour_cos,-0.00339303655002003,0.00339303655002003
fibonacci_level,execution_quality,0.003392922291768314,0.003392922291768314
hurst_288,btc_ret_1,-0.0033908181821866957,0.0033908181821866957
ofti,svps,-0.0033902239190620963,0.0033902239190620963
close_btc,cvp_vah_val_width,-0.003386554258451385,0.003386554258451385
wick_ratio,funding_flip_signal,-0.003384259109712578,0.003384259109712578
mean_reversion_z,vwap_reclaim_flag,-0.003383918826194325,0.003383918826194325
upper_wick_z,ou_funding_z,-0.0033831382323091493,0.0033831382323091493
wick_ratio,hurst_288,0.0033825105149921666,0.0033825105149921666
eth_btc_ratio_change,mta_funding,0.0033819106037733995,0.0033819106037733995
compression_release_down,ou_funding_z,0.003380474214001141,0.003380474214001141
funding_z_score,upper_wick_z,-0.0033776585207524524,0.0033776585207524524
sum_open_interest_value,atr_pct_rank_288,0.003369520505464525,0.003369520505464525
funding_z_score,compression_release_down,0.0033680586096201466,0.0033680586096201466
sig_trend_health,execution_quality,0.003368009763246567,0.003368009763246567
bb_width_z,eth_btc_beta_residual_z,-0.0033657917279265597,0.0033657917279265597
whale_conviction,regime_trending,-0.0033655325526961628,0.0033655325526961628
rsi,minute_sin,-0.003364246412330276,0.003364246412330276
count_long_short_ratio,kel,0.003363127212413666,0.003363127212413666
minute_sin,compression_release_up,0.003361016419145549,0.003361016419145549
open,ofi_acceleration,-0.003360511060427701,0.003360511060427701
mta_funding,oi_up_price_down,-0.0033540786519371943,0.0033540786519371943
chop_index,funding_roc_288,-0.003350513118321109,0.003350513118321109
cvd_288,vwap_reclaim_flag,-0.0033445743201163764,0.0033445743201163764
quote_volume,ou_funding_z,0.0033399309353473452,0.0033399309353473452
hour_cos,cvp_vah_val_width,0.003334910668946671,0.003334910668946671
volatility_z,cvd_12,0.003334481490903917,0.003334481490903917
count_long_short_ratio,range_contraction_breakout_dir,-0.0033339734680530382,0.0033339734680530382
bb_width,crowding_pressure,-0.0033314662050949006,0.0033314662050949006
volatility_z,sig_volume_confirm,0.0033293616540277025,0.0033293616540277025
hour_cos,funding_pressure,-0.0033265645059424457,0.0033265645059424457
minute_sin,regime_trending,-0.0033265356656783,0.0033265356656783
mta_funding,sig_trend_health,0.003325519504339775,0.003325519504339775
quote_volume,oi_change_rate,-0.0033191791317031595,0.0033191791317031595
quote_volume,smart_money_flow,-0.0033191791317031595,0.0033191791317031595
btc_ret_z_48,vwap_dist_288,0.0033184974056646444,0.0033184974056646444
session_europe,btc_ret_z_48,-0.0033160382723833887,0.0033160382723833887
smart_money_flow,cvp_vah_val_width,-0.003303716724808186,0.003303716724808186
oi_change_rate,cvp_vah_val_width,-0.003303716724808186,0.003303716724808186
hour_sin,funding_price_divergence,-0.0033033354863906423,0.0033033354863906423
funding_roc_48,btc_ret_z_48,-0.0033015990251813203,0.0033015990251813203
chop_index,cvd_48,0.003301267969479214,0.003301267969479214
hour_sin,btc_ret_z_48,-0.003300151316923369,0.003300151316923369
btc_corr_60,oi_up_price_down,0.0032980909107829222,0.0032980909107829222
minute_cos,short_squeeze_risk,-0.003295222649545736,0.003295222649545736
ofti,btc_ret_z_48,0.003290934674662266,0.003290934674662266
quote_volume,funding_z_score,0.0032881003583524982,0.0032881003583524982
funding_roc_12,sig_trend_health,0.0032865853343938285,0.0032865853343938285
squeeze_power,kel,-0.0032832634733844877,0.0032832634733844877
quote_volume,volume_profile_signal,-0.003279578303328114,0.003279578303328114
sum_toptrader_long_short_ratio,btc_ret_12,-0.0032761500129329588,0.0032761500129329588
log_return,minute_cos,-0.0032740023991996102,0.0032740023991996102
eth_btc_ratio_change,evt_excess_z,0.0032706054749310834,0.0032706054749310834
minute_cos,jump_z,-0.003269550059937947,0.003269550059937947
wick_ratio,mean_reversion_z,-0.0032666087818159022,0.0032666087818159022
whale_retail_ratio,crowded_long_unwind_risk,-0.003264535487888855,0.003264535487888855
mtf_trend_1h,parkinson_vol,-0.003263058083997529,0.003263058083997529
volume_profile_signal,crowded_short_squeeze_risk,0.003261889775762332,0.003261889775762332
cvp_regime,oi_up_price_down,0.0032604528568748988,0.0032604528568748988
cvp_vah_val_width,regime_persistence,0.003259525850490484,0.003259525850490484
oi_change_rate,liquidity_vacuum,0.00325551648824965,0.00325551648824965
smart_money_flow,liquidity_vacuum,0.00325551648824965,0.00325551648824965
squeeze_power,session_us,0.0032553067676186556,0.0032553067676186556
squeeze_power,vwap_reclaim_flag,-0.0032516451546003686,0.0032516451546003686
macd_hist,cross_scale_curvature,-0.003245827123498766,0.003245827123498766
cvp_vah_val_width,funding_flip_signal,0.003243029504104822,0.003243029504104822
svps,cvd_slope_12,-0.0032401664081467105,0.0032401664081467105
mtf_trend_4h,chop_index,0.0032350061221049844,0.0032350061221049844
sum_toptrader_long_short_ratio,vwap_reject_flag,-0.0032345882705300723,0.0032345882705300723
sum_toptrader_long_short_ratio,btc_eth_volume_rank_spread,-0.003233534954475632,0.003233534954475632
funding_roc_48,vwap_reject_flag,0.0032333101742349304,0.0032333101742349304
funding_roc_12,eth_btc_beta_residual_z,-0.003232678037191968,0.003232678037191968
oi_change_rate,ou_halflife,-0.003230234738415377,0.003230234738415377
smart_money_flow,ou_halflife,-0.003230234738415377,0.003230234738415377
eth_btc_ratio_change,funding_roc_48,-0.0032275695577614278,0.0032275695577614278
eth_btc_beta_residual_z,bb_width_pct_rank_288,-0.0032247878104966405,0.0032247878104966405
whale_retail_ratio,oi_up_price_up,0.0032227370225807834,0.0032227370225807834
btc_lead_eth_follow_gap_3,ou_halflife,0.0032195982383677263,0.0032195982383677263
low,compression_score,-0.0032182215260665604,0.0032182215260665604
long_squeeze_risk,execution_quality,0.0032164346369859937,0.0032164346369859937
chop_index,funding_roc_12,-0.0032100586060962804,0.0032100586060962804
cvp_regime,breakout_strength,0.0032100284906805823,0.0032100284906805823
log_return,funding_roc_48,-0.003203586495081551,0.003203586495081551
btc_corr_60,regime_trending,0.0032033932523310936,0.0032033932523310936
last_funding_rate,mtf_trend_1h,-0.0032031680195604736,0.0032031680195604736
net_taker_ratio,funding_roc_288,0.0032006624770393533,0.0032006624770393533
sum_open_interest_value,eth_btc_ratio_change,-0.0031958047301989543,0.0031958047301989543
session_us,cvd_slope_12,0.003195613720926691,0.003195613720926691
open,cross_scale_curvature,0.003195072618178349,0.003195072618178349
cvp_vah_val_width,breakout_strength,0.003190890697125677,0.003190890697125677
cvp_poc_dist,crowded_long_unwind_risk,-0.00318183040522803,0.00318183040522803
trades,smart_money_flow,-0.003181768654509083,0.003181768654509083
trades,oi_change_rate,-0.003181768654509083,0.003181768654509083
hurst_288,jump_z,-0.0031808942813111966,0.0031808942813111966
taker_acceleration,mta_funding,0.0031800391965117877,0.0031800391965117877
funding_roc_12,btc_breakout_eth_lag_dir,0.0031761769827840136,0.0031761769827840136
whale_conviction,realized_vol_ratio,0.0031741731864217936,0.0031741731864217936
session_europe,btc_ret_1,-0.003171441126997858,0.003171441126997858
volatility_z,crowding_pressure,0.003171127295101776,0.003171127295101776
open,cvd_slope_12,-0.0031707929275929347,0.0031707929275929347
oi_change_rate,chop_index,0.0031595761783442446,0.0031595761783442446
smart_money_flow,chop_index,0.0031595761783442446,0.0031595761783442446
vwap_dist_288,vwap_reclaim_flag,-0.003159273180287924,0.003159273180287924
bb_width,ofi_acceleration,0.003153626599801959,0.003153626599801959
squeeze_power,bb_width_z,-0.003151730379214602,0.003151730379214602
dual_momentum,funding_roc_48,0.0031509121427642215,0.0031509121427642215
amihud_illiquidity_z,funding_flip_signal,0.0031497992297881655,0.0031497992297881655
funding_price_divergence,ofi_acceleration,-0.003145651494999091,0.003145651494999091
volume_btc,btc_breakout_eth_lag_dir,-0.0031398964720180866,0.0031398964720180866
sum_open_interest_value,taker_acceleration,-0.0031396820004619087,0.0031396820004619087
taker_buy_quote,ou_funding_z,0.0031383149070408896,0.0031383149070408896
count_long_short_ratio,oi_up_price_down,0.003134545179079626,0.003134545179079626
is_hour_open,funding_oi_divergence,0.0031326738079302053,0.0031326738079302053
whale_retail_ratio,liquidity_vacuum,-0.003130303987127047,0.003130303987127047
taker_buy_quote,cvd_breakout_z,0.0031295079578926703,0.0031295079578926703
count_long_short_ratio,hurst_48,-0.0031168516017683365,0.0031168516017683365
ofti,sig_volume_confirm,-0.003116234950179148,0.003116234950179148
open,liquidity_vacuum,-0.003115352590076544,0.003115352590076544
eth_btc_beta_residual_z,btc_eth_volume_rank_spread,0.003112532808977683,0.003112532808977683
whale_conviction,wick_ratio,0.0031098548247370413,0.0031098548247370413
is_hour_open,long_squeeze_risk,-0.0031064176963511137,0.0031064176963511137
taker_acceleration,vwap_dist_288,0.0031029910586419882,0.0031029910586419882
eth_btc_ratio_change,evt_tail_flag,0.0030990196459400607,0.0030990196459400607
volume,vwap_reclaim_flag,-0.0030973306593155146,0.0030973306593155146
volatility_z,funding_oi_divergence,0.0030945056997353448,0.0030945056997353448
eth_btc_ratio_change,is_hour_open,-0.003094077982218862,0.003094077982218862
taker_buy_quote,funding_z_score,0.003092316326440631,0.003092316326440631
whale_conviction,eth_btc_beta_residual_z,0.003092269095638086,0.003092269095638086
log_return,volatility_z,-0.003087921346804104,0.003087921346804104
session_europe,funding_flip_signal,-0.003084844761817357,0.003084844761817357
jump_flag,sig_volume_confirm,0.0030816095761777686,0.0030816095761777686
minute_sin,eth_btc_beta_residual_z,-0.003081183953627521,0.003081183953627521
close,vwap_reclaim_flag,-0.0030755645131780034,0.0030755645131780034
sum_open_interest_value,ou_funding_z,0.003071401166058486,0.003071401166058486
cvp_vah_val_width,crowded_long_unwind_risk,0.0030688764648343094,0.0030688764648343094
eth_btc_ret_spread_48,funding_flip_signal,0.003068521988817364,0.003068521988817364
close,vwap_reject_flag,-0.0030680984088932647,0.0030680984088932647
ofti,kel,-0.00305897946054662,0.00305897946054662
rsi,amihud_illiquidity_z,0.003058318619650863,0.003058318619650863
funding_pressure,liquidity_vacuum,-0.003056549649468054,0.003056549649468054
kalman_velocity,funding_abs,0.003053201515324485,0.003053201515324485
fvg_dist,funding_roc_12,0.0030501277614639146,0.0030501277614639146
funding_pressure,btc_eth_volume_rank_spread,-0.003039877743645702,0.003039877743645702
funding_abs,failed_breakout_down,-0.0030349950336997895,0.0030349950336997895
is_hour_open,eth_btc_beta_residual_z,-0.0030325572983891025,0.0030325572983891025
funding_roc_48,price_cvd_divergence,0.003024187624821738,0.003024187624821738
realized_vol_ratio,crowded_short_squeeze_risk,0.0030222303676717393,0.0030222303676717393
hurst_288,funding_oi_divergence,0.0030138734362215552,0.0030138734362215552
hour_sin,oi_up_price_down,0.003001893370622936,0.003001893370622936
sum_toptrader_long_short_ratio,fibonacci_level,-0.003000691980512876,0.003000691980512876
net_taker_ratio,funding_roc_48,-0.002998909869119633,0.002998909869119633
funding_abs,sweep_prev_low_reclaim,-0.002998432873650466,0.002998432873650466
btc_ret_3,funding_flip_signal,-0.002998204553234372,0.002998204553234372
cvp_vah_val_width,liquidity_vacuum,0.00299778497651147,0.00299778497651147
mean_reversion_z,mta_funding,-0.002996662577442645,0.002996662577442645
mtf_trend_1h,minute_sin,-0.002996041859260347,0.002996041859260347
hour_sin,sig_liquidity_trap,0.0029957049614420996,0.0029957049614420996
last_funding_rate,sweep_prev_high_reclaim,0.00299427811036582,0.00299427811036582
sum_open_interest_value,funding_z_score,0.0029893116964984875,0.0029893116964984875
btc_ret_6,ou_halflife,-0.0029867643152903588,0.0029867643152903588
cvp_vah_val_width,eth_btc_beta_residual_z,0.002984440297236853,0.002984440297236853
volume_btc,kel,-0.002981976464611617,0.002981976464611617
btc_impulse_x_eth_beta,funding_flip_signal,-0.0029759874206317337,0.0029759874206317337
hma_slope,bb_width_pct_rank_288,-0.0029757347057515642,0.0029757347057515642
last_funding_rate,failed_breakout_up,0.002972932511644557,0.002972932511644557
funding_roc_12,eth_btc_ret_spread_12,-0.0029708403217342913,0.0029708403217342913
low,btc_ret_1,0.0029707483084587955,0.0029707483084587955
bb_width,cross_scale_curvature,-0.0029701523207863855,0.0029701523207863855
sum_toptrader_long_short_ratio,funding_oi_divergence,-0.002969479327667918,0.002969479327667918
minute_sin,btc_breakout_eth_lag_dir,0.002968883214390922,0.002968883214390922
ofti,mta_funding,0.0029662456430189542,0.0029662456430189542
session_europe,kel,0.002965427855869234,0.002965427855869234
funding_roc_12,compression_release_up,-0.0029608882417484564,0.0029608882417484564
bb_width,is_hour_open,-0.0029606781907705704,0.0029606781907705704
session_us,crowded_short_squeeze_risk,-0.0029530726866796126,0.0029530726866796126
funding_oi_divergence,funding_flip_signal,0.0029528796362269555,0.0029528796362269555
cvp_vah_val_width,oi_up_price_up,-0.002952061679036428,0.002952061679036428
rogers_satchell_vol,btc_eth_volume_rank_spread,-0.0029500288011738165,0.0029500288011738165
minute_sin,upper_wick_z,-0.0029457909457349237,0.0029457909457349237
cvp_vah_val_width,oi_up_price_down,-0.002944401389691006,0.002944401389691006
open,btc_lead_eth_follow_gap_3,0.0029425335545483445,0.0029425335545483445
taker_buy_quote,whale_conviction,0.002940351310152942,0.002940351310152942
mtf_trend_1h,is_hour_open,-0.002939378647489477,0.002939378647489477
wick_ratio,hour_sin,-0.0029351562129155437,0.0029351562129155437
sum_open_interest_value,cvp_vah_val_width,0.0029321144732286464,0.0029321144732286464
funding_roc_288,btc_ret_6,-0.002928799493568472,0.002928799493568472
last_funding_rate,vwap_dist_96,-0.002928044125190991,0.002928044125190991
smart_money_flow,squeeze_power,0.0029235213598380718,0.0029235213598380718
squeeze_power,oi_change_rate,0.0029235213598380718,0.0029235213598380718
log_return,funding_flip_signal,-0.0029218753580400286,0.0029218753580400286
minute_cos,regime_trending,0.002915487728262081,0.002915487728262081
taker_buy_quote,funding_roc_12,0.0029127231181860463,0.0029127231181860463
btc_corr_60,cvd_48,0.0029102525614234788,0.0029102525614234788
ou_halflife,evt_excess_z,0.002909537951545398,0.002909537951545398
ou_halflife,evt_tail_flag,0.0029089838949198023,0.0029089838949198023
cvp_vah_val_width,vwap_dist_96,0.0029070393235127766,0.0029070393235127766
regime_trending,btc_ret_3,-0.0029066787451209075,0.0029066787451209075
hurst_288,range_contraction_breakout_dir,-0.0029055071451373213,0.0029055071451373213
hour_cos,compression_release_down,0.002905195627924368,0.002905195627924368
fvg_dist,ofti,0.0029034986422681558,0.0029034986422681558
eth_btc_ratio_change,bb_width_pct_rank_288,-0.0029024015166068625,0.0029024015166068625
cvp_regime,sig_volume_confirm,0.0028983590371050227,0.0028983590371050227
crowded_long_unwind_risk,jump_flag,-0.0028979879779651445,0.0028979879779651445
low,chop_index,0.0028951087803982412,0.0028951087803982412
close,liquidity_vacuum,-0.0028922606361968988,0.0028922606361968988
bb_width_pct_rank_288,cross_scale_curvature,-0.0028861058132254504,0.0028861058132254504
session_europe,range_contraction_breakout_dir,-0.0028786106278380287,0.0028786106278380287
last_funding_rate,kel,-0.0028772376917903337,0.0028772376917903337
net_taker_ratio,trade_intensity,0.002876143744377088,0.002876143744377088
chop_index,cvp_cluster_position,0.0028741412307088867,0.0028741412307088867
last_funding_rate,vwap_reclaim_flag,-0.002872303007443396,0.002872303007443396
parkinson_vol,jump_z,-0.0028702072335552936,0.0028702072335552936
cvp_cluster_position,liquidity_vacuum,0.0028570241193162284,0.0028570241193162284
realized_vol_ratio,vwap_reject_flag,0.0028498590005463075,0.0028498590005463075
close_btc,cross_scale_curvature,-0.002848102059019795,0.002848102059019795
funding_roc_48,garch_vol_z,-0.0028457327444281763,0.0028457327444281763
amihud_illiquidity_z,funding_price_divergence,0.0028424888130157717,0.0028424888130157717
last_funding_rate,kalman_velocity,-0.002840464762166897,0.002840464762166897
squeeze_power,fvg_dist,0.002839512850390005,0.002839512850390005
high,btc_ret_1,0.002836590786167675,0.002836590786167675
btc_eth_volume_rank_spread,vwap_reclaim_flag,0.0028327675513043636,0.0028327675513043636
funding_roc_48,btc_ret_1,-0.0028291386735659384,0.0028291386735659384
mean_reversion_z,funding_abs,-0.0028287902761094347,0.0028287902761094347
smart_money_flow,vwap_reclaim_flag,-0.0028274156170547556,0.0028274156170547556
oi_change_rate,vwap_reclaim_flag,-0.0028274156170547556,0.0028274156170547556
minute_cos,cvd_slope_48,0.002825867415962726,0.002825867415962726
sum_open_interest_value,oi_up_price_up,0.0028249905827169883,0.0028249905827169883
mtf_trend_1h,funding_abs,0.0028236905197535234,0.0028236905197535234
regime_trending,btc_ret_1,-0.0028188287378328038,0.0028188287378328038
sum_open_interest_value,cvd_slope_12,-0.0028178833556921127,0.0028178833556921127
hour_sin,cvd_slope_12,-0.0028169994639628397,0.0028169994639628397
amihud_illiquidity_z,cvp_cluster_position,0.002815992261503902,0.002815992261503902
low,eth_btc_ret_spread_12,0.00281250894019382,0.00281250894019382
funding_flip_signal,jump_z,-0.002812408770429983,0.002812408770429983
hour_cos,cvd_288,-0.002811216277166881,0.002811216277166881
regime_trending,eth_btc_ret_spread_48,-0.0028084397097266726,0.0028084397097266726
regime_trending,sig_liquidity_trap,0.0028053732524366184,0.0028053732524366184
funding_abs,btc_impulse_x_eth_beta,0.00279884490124051,0.00279884490124051
regime_trending,btc_impulse_x_eth_beta,-0.0027940469484896355,0.0027940469484896355
btc_corr_60,funding_flip_signal,-0.0027896196554545935,0.0027896196554545935
trades,sig_liquidity_trap,-0.002785358783516449,0.002785358783516449
bb_width_pct_rank_288,crowded_long_unwind_risk,0.0027824393858040045,0.0027824393858040045
session_us,failed_breakout_up,0.002781555861194752,0.002781555861194752
funding_abs,sig_trend_health,-0.0027808908086119593,0.0027808908086119593
cvd_288,oi_up_price_down,0.0027786704775528254,0.0027786704775528254
funding_abs,lower_wick_z,0.002773798224140205,0.002773798224140205
sum_open_interest_value,btc_ret_1,-0.0027734869652867285,0.0027734869652867285
net_taker_ratio,minute_sin,-0.002771039908536519,0.002771039908536519
session_us,sweep_prev_high_reclaim,0.002770699935231907,0.002770699935231907
wick_ratio,bb_width_pct_rank_288,-0.0027678037050828004,0.0027678037050828004
bb_width,btc_ret_3,-0.002763486485170902,0.002763486485170902
fibonacci_level,crowded_short_squeeze_risk,-0.0027626892971558603,0.0027626892971558603
svps,jump_z,-0.0027621595977371173,0.0027621595977371173
rogers_satchell_vol,vwap_dist_24,0.0027581084811918915,0.0027581084811918915
session_us,long_squeeze_risk,0.002756359356855801,0.002756359356855801
hma_slope,btc_corr_60,0.0027548817541477033,0.0027548817541477033
squeeze_power,oi_up_price_down,0.0027543591679404676,0.0027543591679404676
low,evt_excess_z,-0.0027514137413820598,0.0027514137413820598
funding_z_score,vwap_reject_flag,0.0027512719615872404,0.0027512719615872404
hurst_288,eth_btc_beta_residual_z,-0.002747472679305305,0.002747472679305305
bb_width_z,eth_btc_ratio_change,-0.0027472813218277626,0.0027472813218277626
rogers_satchell_vol,funding_roc_12,0.0027472690473602846,0.0027472690473602846
garman_klass_vol,jump_z,-0.0027468229915201692,0.0027468229915201692
eth_btc_ratio_change,sweep_prev_low_reclaim,-0.002741610559142495,0.002741610559142495
minute_sin,vwap_dist_24,-0.0027415590963064153,0.0027415590963064153
vwap_reject_flag,ou_funding_z,0.0027414054210010857,0.0027414054210010857
chop_index,ofi_acceleration,-0.002733068376876066,0.002733068376876066
garman_klass_vol,funding_roc_12,0.0027325343275540824,0.0027325343275540824
eth_btc_beta_residual_z,failed_breakout_down,0.002727158684163195,0.002727158684163195
last_funding_rate,garch_vol_z,0.0027264623636088607,0.0027264623636088607
mta_funding,btc_ret_12,-0.002726137281773953,0.002726137281773953
is_hour_open,btc_eth_volume_rank_spread,-0.0027225238860535987,0.0027225238860535987
regime_trending,funding_flip_signal,0.0027208920630255587,0.0027208920630255587
funding_roc_288,sig_volume_confirm,0.0027205676867838465,0.0027205676867838465
funding_roc_288,btc_eth_volume_rank_spread,-0.0027160985890187037,0.0027160985890187037
hma_slope,hour_sin,-0.002715737985031605,0.002715737985031605
ofti,lower_wick_z,-0.0027056118149107566,0.0027056118149107566
parkinson_vol,funding_roc_12,0.00270284632473977,0.00270284632473977
trade_intensity,compression_release_down,0.0027016610191379197,0.0027016610191379197
short_squeeze_risk,vwap_reject_flag,-0.0027008734179031872,0.0027008734179031872
minute_sin,sweep_prev_low_reclaim,0.002700711476674345,0.002700711476674345
eth_btc_beta_residual_z,execution_quality,0.002698551465554653,0.002698551465554653
funding_abs,btc_ret_3,0.002697058560589443,0.002697058560589443
kel,btc_eth_volume_rank_spread,-0.0026967778746365156,0.0026967778746365156
quote_volume_btc,btc_breakout_eth_lag_dir,-0.0026960160711499087,0.0026960160711499087
minute_sin,failed_breakout_down,0.0026939170011216016,0.0026939170011216016
wick_ratio,eth_btc_ret_spread_12,0.0026917374046417347,0.0026917374046417347
taker_acceleration,hour_sin,-0.0026907694087981173,0.0026907694087981173
sum_open_interest_value,ofi_acceleration,-0.002690134726754648,0.002690134726754648
sum_open_interest_value,sig_liquidity_trap,-0.002689085517528318,0.002689085517528318
big_trade_ratio,vwap_reclaim_flag,0.002688713243009638,0.002688713243009638
high,eth_btc_ratio_change,-0.0026885501538404986,0.0026885501538404986
is_hour_open,jump_z,-0.0026850237515601075,0.0026850237515601075
long_squeeze_risk,vwap_reclaim_flag,-0.002684299732927858,0.002684299732927858
turtle_signal,mta_funding,0.0026835781226083387,0.0026835781226083387
wick_ratio,cvp_cluster_position,-0.0026806744125835408,0.0026806744125835408
trade_intensity,sig_liquidity_trap,0.0026742064197875916,0.0026742064197875916
session_us,crowded_long_unwind_risk,0.002668395771589896,0.002668395771589896
hurst_48,cvd_slope_12,0.002667809261453052,0.002667809261453052
cvp_regime,ofti,0.002664642809828297,0.002664642809828297
realized_vol_ratio,eth_btc_beta_residual_z,-0.0026597997698046593,0.0026597997698046593
eth_btc_beta_residual_z,sweep_prev_low_reclaim,0.0026592683248916876,0.0026592683248916876
cvp_vah_val_width,cvd_breakout_z,0.0026560363371211865,0.0026560363371211865
mean_reversion_z,execution_quality,-0.0026547695027063878,0.0026547695027063878
funding_z_score,execution_quality,0.002654370678454741,0.002654370678454741
regime_trending,eth_btc_ret_spread_12,0.0026534430822898014,0.0026534430822898014
last_funding_rate,price_cvd_divergence,0.0026517134316492844,0.0026517134316492844
cvp_vah_val_width,anchored_vwap_session_dist,0.0026511243396832515,0.0026511243396832515
hurst_48,range_contraction_breakout_dir,-0.002649851503042623,0.002649851503042623
mtf_trend_4h,ou_funding_z,-0.0026469591685317237,0.0026469591685317237
regime_trending,cvd_breakout_z,-0.002644537441899525,0.002644537441899525
chop_index,short_squeeze_risk,-0.0026429887442409234,0.0026429887442409234
mtf_trend_4h,funding_z_score,-0.002640595429528294,0.002640595429528294
eth_btc_ratio_change,failed_breakout_down,-0.00263575451873286,0.00263575451873286
low,eth_btc_ratio_change,-0.0026346429664422834,0.0026346429664422834
ou_funding_z,evt_tail_flag,0.002630966917012824,0.002630966917012824
last_funding_rate,oi_change_rate,0.0026293262471055595,0.0026293262471055595
last_funding_rate,smart_money_flow,0.0026293262471055595,0.0026293262471055595
ou_funding_z,execution_quality,0.0026291837555500316,0.0026291837555500316
volume_profile_signal,execution_quality,-0.002625491799640164,0.002625491799640164
funding_z_score,evt_tail_flag,0.002621932093441764,0.002621932093441764
long_squeeze_risk,cvd_12,0.002621709211001742,0.002621709211001742
sum_toptrader_long_short_ratio,log_return,0.0026176446394144755,0.0026176446394144755
sum_toptrader_long_short_ratio,kel,0.002615617416481847,0.002615617416481847
volume_profile_signal,oi_up_price_down,-0.0026155236339726814,0.0026155236339726814
is_hour_open,btc_lead_eth_follow_gap_3,0.002613664294203925,0.002613664294203925
funding_roc_12,funding_oi_divergence,0.002609466292852323,0.002609466292852323
rogers_satchell_vol,jump_z,-0.002607291153130636,0.002607291153130636
smart_money_flow,funding_roc_48,-0.0026047844433360707,0.0026047844433360707
oi_change_rate,funding_roc_48,-0.0026047844433360707,0.0026047844433360707
whale_conviction,bb_width_pct_rank_288,-0.002603798015303424,0.002603798015303424
bb_width,btc_impulse_x_eth_beta,-0.0026029612917328714,0.0026029612917328714
amihud_illiquidity_z,vwap_dist_96,0.002593507295004035,0.002593507295004035
cvp_regime,vwap_dist_24,0.002592961814775449,0.002592961814775449
squeeze_power,cvd_slope_12,-0.002592261189295497,0.002592261189295497
funding_roc_12,btc_ret_z_48,-0.0025921012726559662,0.0025921012726559662
hurst_288,crowded_long_unwind_risk,-0.00259081020564972,0.00259081020564972
whale_conviction,funding_roc_12,0.002587425419174371,0.002587425419174371
evt_tail_flag,crowding_pressure,-0.0025869245085107795,0.0025869245085107795
cvp_volume_imbalance,execution_quality,0.0025867968844860345,0.0025867968844860345
ou_funding_z,evt_excess_z,0.002583990729858986,0.002583990729858986
trade_intensity,funding_flip_signal,0.002581636187226534,0.002581636187226534
low,evt_tail_flag,-0.0025809060626962046,0.0025809060626962046
whale_conviction,minute_cos,-0.0025808852390048227,0.0025808852390048227
chop_index,cvd_breakout_z,0.002580708828965821,0.002580708828965821
is_hour_open,regime_trending,0.0025782386200076477,0.0025782386200076477
wick_ratio,fibonacci_level,0.002575876862732324,0.002575876862732324
funding_z_score,evt_excess_z,0.00257490569828112,0.00257490569828112
compression_release_up,failed_breakout_up,-0.0025725396260325487,0.0025725396260325487
quote_volume,crowding_pressure,0.0025688797864348856,0.0025688797864348856
funding_flip_signal,garch_vol_z,-0.002565336606999634,0.002565336606999634
trade_intensity,vwap_reclaim_flag,-0.002563260304667946,0.002563260304667946
volatility_z,jump_z,-0.0025630079842111748,0.0025630079842111748
funding_flip_signal,sig_trend_health,-0.002558403414197878,0.002558403414197878
high,session_us,0.0025541039320699905,0.0025541039320699905
funding_roc_288,mta_funding,-0.0025487631672495552,0.0025487631672495552
log_return,is_hour_open,-0.0025480622977201582,0.0025480622977201582
evt_excess_z,crowding_pressure,-0.0025480286953202046,0.0025480286953202046
mtf_trend_1h,cvp_vah_val_width,0.0025479086068284106,0.0025479086068284106
cvp_regime,vwap_dist_288,-0.002543652613645099,0.002543652613645099
hurst_48,sig_liquidity_trap,0.002541634468852457,0.002541634468852457
cvp_regime,eth_btc_ret_spread_12,0.002533541342902636,0.002533541342902636
sum_toptrader_long_short_ratio,compression_release_down,0.0025302196910483537,0.0025302196910483537
long_squeeze_risk,eth_btc_ret_spread_48,-0.0025296156004394354,0.0025296156004394354
ofti,execution_quality,-0.0025287681274952555,0.0025287681274952555
chop_index,minute_sin,0.00252870047196928,0.00252870047196928
funding_roc_12,jump_z,-0.002528615788803474,0.002528615788803474
session_europe,compression_release_up,-0.0025233235910020997,0.0025233235910020997
taker_buy_quote,funding_flip_signal,-0.002523206877505822,0.002523206877505822
cvp_vah_val_width,cvd_slope_48,-0.002522291469755916,0.002522291469755916
btc_lead_eth_follow_gap_3,evt_tail_flag,0.0025218933454142344,0.0025218933454142344
last_funding_rate,fvg_dist,0.0025181189940669244,0.0025181189940669244
chop_index,is_hour_open,-0.0025116941230246283,0.0025116941230246283
minute_cos,kel,-0.0025110182549889473,0.0025110182549889473
net_taker_ratio,cvp_regime,0.002510423691257473,0.002510423691257473
realized_skewness,kel,-0.002510031039994223,0.002510031039994223
whale_retail_ratio,compression_release_down,0.002506518653187718,0.002506518653187718
session_us,vwap_reject_flag,0.002506165625218067,0.002506165625218067
wick_ratio,cvd_48,0.0025050432309861675,0.0025050432309861675
funding_roc_288,oi_up_price_down,0.0025015077109559907,0.0025015077109559907
btc_corr_60,eth_btc_ratio_change,0.002500564063954483,0.002500564063954483
funding_abs,eth_btc_beta_residual_z,-0.0024989452960793787,0.0024989452960793787
high,eth_btc_ret_spread_12,0.002497130559288389,0.002497130559288389
close_btc,bb_width_z,0.00249548984025612,0.00249548984025612
quote_volume_btc,kel,-0.0024945241160630846,0.0024945241160630846
whale_conviction,mta_funding,-0.0024893960590295387,0.0024893960590295387
sum_toptrader_long_short_ratio,garch_vol_z,0.0024796699578907224,0.0024796699578907224
realized_vol_ratio,funding_z_score,0.002476885666332538,0.002476885666332538
volume_btc,sig_volume_confirm,-0.0024758743818535122,0.0024758743818535122
session_europe,turtle_signal,0.002475851613969241,0.002475851613969241
fvg_dist,is_hour_open,0.0024752583579629186,0.0024752583579629186
sig_trend_health,liquidity_vacuum,0.002474190254615211,0.002474190254615211
log_return,funding_abs,0.0024739077900909037,0.0024739077900909037
realized_vol_ratio,ou_funding_z,0.002472563913211297,0.002472563913211297
svps,funding_oi_divergence,0.0024705232063228864,0.0024705232063228864
kel,jump_z,0.002469065618173823,0.002469065618173823
wick_ratio,parkinson_vol,0.002468939126001034,0.002468939126001034
rogers_satchell_vol,kalman_velocity,-0.002464078702322537,0.002464078702322537
minute_sin,hurst_48,-0.0024634743930603085,0.0024634743930603085
last_funding_rate,compression_release_down,0.002461839047802665,0.002461839047802665
low,vwap_reject_flag,-0.0024596503555054583,0.0024596503555054583
wick_ratio,regime_persistence,0.0024590441740521014,0.0024590441740521014
is_hour_open,oi_up_price_down,-0.0024571945792023213,0.0024571945792023213
mtf_trend_4h,minute_sin,-0.002457130874721214,0.002457130874721214
net_taker_ratio,funding_abs,-0.0024535826867153237,0.0024535826867153237
vwap_dist_24,ou_halflife,-0.0024512878621079748,0.0024512878621079748
chop_index,kel,-0.0024506804608675596,0.0024506804608675596
hurst_48,sig_volume_confirm,-0.0024484095311822006,0.0024484095311822006
net_taker_ratio,session_us,0.0024467399729973306,0.0024467399729973306
sum_toptrader_long_short_ratio,funding_price_divergence,-0.0024451864716134595,0.0024451864716134595
funding_z_score,sig_liquidity_trap,0.0024445735101334245,0.0024445735101334245
chop_index,session_us,0.0024421372503790058,0.0024421372503790058
short_squeeze_risk,btc_ret_z_48,-0.002438562055282309,0.002438562055282309
eth_btc_ratio_change,ou_halflife,-0.002438182704571574,0.002438182704571574
taker_acceleration,svps,-0.002437800703226337,0.002437800703226337
mta_funding,cvd_slope_12,0.0024372729441644553,0.0024372729441644553
sum_toptrader_long_short_ratio,bb_width_pct_rank_288,0.002437114250086387,0.002437114250086387
chop_index,vwap_dist_288,-0.00243684159413025,0.00243684159413025
last_funding_rate,compression_score,-0.0024339874167393534,0.0024339874167393534
open,garch_vol_z,0.0024335227076529814,0.0024335227076529814
eth_btc_ratio_change,hurst_288,-0.002432020894854409,0.002432020894854409
fvg_dist,funding_roc_48,-0.0024315331520859064,0.0024315331520859064
sum_toptrader_long_short_ratio,evt_tail_flag,0.0024266559537974054,0.0024266559537974054
ou_funding_z,sig_liquidity_trap,0.002422292663155545,0.002422292663155545
cvp_cluster_position,execution_quality,0.002420093195911951,0.002420093195911951
is_hour_open,crowded_long_unwind_risk,0.002419136207355017,0.002419136207355017
fibonacci_level,vwap_reclaim_flag,0.002417830500906694,0.002417830500906694
high,volatility_z,0.0024158397179867216,0.0024158397179867216
net_taker_ratio,svps,-0.002415694829029909,0.002415694829029909
close,garch_vol_z,0.0024154247334496263,0.0024154247334496263
smart_money_flow,log_return,-0.002411977606396543,0.002411977606396543
oi_change_rate,log_return,-0.002411977606396543,0.002411977606396543
regime_trending,btc_lead_eth_follow_gap_3,-0.0024085071557115455,0.0024085071557115455
taker_acceleration,btc_volume_impulse_z,0.002407165249603302,0.002407165249603302
wick_ratio,funding_roc_288,-0.0024011822373762666,0.0024011822373762666
funding_roc_12,kel,-0.00240083100181763,0.00240083100181763
regime_trending,sig_volume_confirm,-0.0024005430387478797,0.0024005430387478797
high,bb_width_pct_rank_288,0.0024003199159092995,0.0024003199159092995
sum_toptrader_long_short_ratio,vwap_reclaim_flag,-0.0024000908598134623,0.0024000908598134623
cvp_regime,cvd_breakout_z,0.0024000683955037704,0.0024000683955037704
cvp_vah_val_width,range_contraction_breakout_dir,-0.0023995723285576225,0.0023995723285576225
funding_flip_signal,sig_volume_confirm,-0.002398399323698028,0.002398399323698028
wick_ratio,mtf_trend_1h,-0.0023944859235229534,0.0023944859235229534
taker_buy_quote,eth_btc_ret_spread_12,-0.00239327175454793,0.00239327175454793
cvp_regime,funding_flip_signal,-0.002392463032129503,0.002392463032129503
jump_flag,sig_liquidity_trap,-0.002391064392166577,0.002391064392166577
count_long_short_ratio,vwap_reject_flag,-0.0023857565261362255,0.0023857565261362255
bb_width,jump_z,-0.0023826098146243623,0.0023826098146243623
btc_lead_eth_follow_gap_3,evt_excess_z,0.0023821697067250157,0.0023821697067250157
eth_btc_beta_residual_z,evt_excess_z,0.002380054496624895,0.002380054496624895
whale_retail_ratio,volatility_z,-0.002379153357549186,0.002379153357549186
session_europe,eth_btc_ret_spread_48,0.0023760338274909473,0.0023760338274909473
regime_trending,range_contraction_breakout_dir,-0.002375709412790632,0.002375709412790632
low,btc_volume_impulse_z,-0.0023736885384475436,0.0023736885384475436
sum_toptrader_long_short_ratio,lower_wick_z,0.002372275532241978,0.002372275532241978
mta_funding,btc_ret_z_48,0.002369121312387747,0.002369121312387747
cvp_regime,kel,-0.0023677361584647644,0.0023677361584647644
funding_roc_48,sig_liquidity_trap,0.0023599868782133967,0.0023599868782133967
hour_cos,cvd_slope_12,-0.002359560922204906,0.002359560922204906
hurst_48,price_cvd_divergence,-0.002359108644228524,0.002359108644228524
open,sig_liquidity_trap,-0.002357453283629525,0.002357453283629525
sum_toptrader_long_short_ratio,atr_pct_rank_288,-0.002354856292167091,0.002354856292167091
cvd_slope_48,crowded_long_unwind_risk,0.002353778933214785,0.002353778933214785
eth_btc_ret_spread_48,crowded_long_unwind_risk,-0.002353742590180151,0.002353742590180151
chop_index,upper_wick_z,0.0023410554206533775,0.0023410554206533775
btc_eth_volume_rank_spread,sig_volume_confirm,0.002339771584015613,0.002339771584015613
is_hour_open,btc_ret_3,-0.0023379259632269585,0.0023379259632269585
hour_cos,fibonacci_level,-0.002336280212715282,0.002336280212715282
minute_sin,oi_up_price_down,0.0023309659831288296,0.0023309659831288296
close_btc,compression_score,-0.0023290916486278274,0.0023290916486278274
close,cross_scale_curvature,-0.002326946839373179,0.002326946839373179
funding_abs,failed_breakout_up,-0.002325657036437409,0.002325657036437409
sum_toptrader_long_short_ratio,evt_excess_z,0.002322274499010285,0.002322274499010285
ofi_acceleration,btc_volume_impulse_z,0.002318616710353898,0.002318616710353898
compression_release_up,sweep_prev_high_reclaim,-0.0023164410213230334,0.0023164410213230334
anchored_vwap_session_dist,oi_up_price_down,-0.002314860374573056,0.002314860374573056
hma_slope,regime_trending,0.002314208117120307,0.002314208117120307
wick_ratio,ofti,-0.002312270996570724,0.002312270996570724
high,atr_pct_rank_288,-0.0023101944602751793,0.0023101944602751793
taker_buy_base,funding_flip_signal,-0.0023030945838687974,0.0023030945838687974
squeeze_power,vwap_dist_96,0.0023014329160297217,0.0023014329160297217
hurst_48,btc_ret_3,-0.0023010914204737694,0.0023010914204737694
taker_acceleration,eth_btc_ret_spread_48,-0.0022997640572210145,0.0022997640572210145
quote_volume,whale_conviction,-0.002296115335648289,0.002296115335648289
btc_ret_1,evt_tail_flag,-0.002295527547119617,0.002295527547119617
funding_pressure,bb_width_pct_rank_288,0.002294584037804156,0.002294584037804156
session_europe,short_squeeze_risk,0.002293578066772703,0.002293578066772703
funding_abs,sweep_prev_high_reclaim,-0.0022929665067453558,0.0022929665067453558
mta_funding,compression_release_down,0.0022923663819847382,0.0022923663819847382
log_return,parkinson_vol,-0.0022899473294768244,0.0022899473294768244
minute_cos,hurst_48,0.0022894469362892828,0.0022894469362892828
log_return,garch_vol_z,-0.002288985047550333,0.002288985047550333
is_hour_open,btc_impulse_x_eth_beta,-0.002286646363414761,0.002286646363414761
taker_acceleration,hurst_48,0.002284695562804971,0.002284695562804971
sum_toptrader_long_short_ratio,upper_wick_z,-0.0022822798773922755,0.0022822798773922755
hour_sin,vwap_dist_24,-0.0022742181428125896,0.0022742181428125896
eth_btc_beta_residual_z,jump_flag,0.002273153391874388,0.002273153391874388
hour_sin,btc_lead_eth_follow_gap_3,-0.0022697377445898403,0.0022697377445898403
fvg_dist,cvp_vah_val_width,0.0022689183174654905,0.0022689183174654905
ofti,range_contraction_breakout_dir,0.0022687596051375264,0.0022687596051375264
btc_eth_volume_rank_spread,ou_halflife,-0.0022656759312733106,0.0022656759312733106
wick_ratio,cvp_volume_imbalance,0.0022652356313560256,0.0022652356313560256
funding_flip_signal,execution_quality,-0.002263085484893063,0.002263085484893063
oi_change_rate,hurst_48,-0.002262653529528818,0.002262653529528818
smart_money_flow,hurst_48,-0.002262653529528818,0.002262653529528818
bb_width,kel,-0.002261470354600458,0.002261470354600458
wick_ratio,anchored_vwap_session_dist,0.002258635263393338,0.002258635263393338
price_cvd_divergence,funding_flip_signal,0.002257472144154142,0.002257472144154142
cvp_regime,btc_breakout_eth_lag_dir,-0.0022550845211014746,0.0022550845211014746
sum_toptrader_long_short_ratio,cvd_slope_48,0.0022527054747332894,0.0022527054747332894
bb_width,btc_ret_1,-0.0022521767954051643,0.0022521767954051643
ofti,funding_flip_signal,-0.002251886283800043,0.002251886283800043
dual_momentum,execution_quality,0.0022517222775636503,0.0022517222775636503
eth_btc_beta_residual_z,evt_tail_flag,0.002250048850670874,0.002250048850670874
compression_release_down,failed_breakout_down,-0.0022486042302751206,0.0022486042302751206
taker_buy_quote,kel,0.0022485676170168932,0.0022485676170168932
volume_btc,vwap_reclaim_flag,0.0022475520216748376,0.0022475520216748376
compression_score,cross_scale_curvature,0.002240291020134511,0.002240291020134511
hurst_48,sig_trend_health,-0.0022384157174631246,0.0022384157174631246
wick_ratio,btc_impulse_x_eth_beta,-0.002224505581289597,0.002224505581289597
cvp_poc_dist,hurst_288,0.00221865975814379,0.00221865975814379
kel,compression_release_up,0.0022155389509576407,0.0022155389509576407
bb_width_pct_rank_288,funding_flip_signal,0.0022144234151342582,0.0022144234151342582
ou_halflife,regime_persistence,0.002207614822451351,0.002207614822451351
low,liquidity_vacuum,-0.002205902824942218,0.002205902824942218
is_hour_open,mta_funding,0.0022015190601468865,0.0022015190601468865
cvd_48,execution_quality,-0.002198990499580193,0.002198990499580193
low,taker_buy_base,-0.002197331477388401,0.002197331477388401
wick_ratio,volume_profile_signal,-0.002196511198080585,0.002196511198080585
eth_btc_ratio_change,funding_roc_12,-0.0021964006405824376,0.0021964006405824376
fvg_dist,cvp_regime,-0.0021952673482713765,0.0021952673482713765
close,bb_width_z,0.0021892476708286574,0.0021892476708286574
last_funding_rate,cvd_slope_12,-0.0021853686788338095,0.0021853686788338095
open,bb_width_z,0.0021821621608701684,0.0021821621608701684
funding_pressure,vwap_reclaim_flag,-0.002181652618111127,0.002181652618111127
cvd_slope_12,vwap_dist_96,0.002181643029994424,0.002181643029994424
compression_release_up,evt_excess_z,-0.0021711718821920043,0.0021711718821920043
wick_ratio,sig_liquidity_trap,-0.0021685698365691863,0.0021685698365691863
rogers_satchell_vol,btc_impulse_x_eth_beta,-0.0021672491151441906,0.0021672491151441906
garch_vol_z,cross_scale_curvature,0.0021672213778721524,0.0021672213778721524
garman_klass_vol,btc_impulse_x_eth_beta,-0.0021671264894557204,0.0021671264894557204
parkinson_vol,btc_impulse_x_eth_beta,-0.002166399747267412,0.002166399747267412
svps,crowded_short_squeeze_risk,-0.0021630680634826113,0.0021630680634826113
rsi,funding_abs,-0.0021606274809069146,0.0021606274809069146
hurst_48,btc_impulse_x_eth_beta,-0.0021590430348889644,0.0021590430348889644
whale_retail_ratio,btc_ret_6,0.0021570080689052294,0.0021570080689052294
squeeze_power,compression_release_down,0.0021553613467300355,0.0021553613467300355
whale_retail_ratio,btc_ret_z_48,-0.0021546551905741768,0.0021546551905741768
sum_toptrader_long_short_ratio,distance_to_day_high_low_pct,-0.0021515616431337656,0.0021515616431337656
parkinson_vol,btc_ret_3,-0.0021507191202582766,0.0021507191202582766
cvp_regime,funding_oi_divergence,0.0021493222906480455,0.0021493222906480455
net_taker_ratio,is_hour_open,-0.0021454136939710283,0.0021454136939710283
big_trade_ratio,cvd_breakout_z,-0.0021448244189432287,0.0021448244189432287
sum_toptrader_long_short_ratio,btc_ret_z_48,0.0021438740134839276,0.0021438740134839276
garman_klass_vol,btc_ret_3,-0.0021437104991855775,0.0021437104991855775
funding_pressure,vwap_reject_flag,-0.002142964256015182,0.002142964256015182
vwap_reject_flag,regime_persistence,0.002142594843142719,0.002142594843142719
hurst_48,funding_flip_signal,0.0021420347367803027,0.0021420347367803027
last_funding_rate,sig_trend_health,-0.0021412281443993608,0.0021412281443993608
kel,garch_vol_z,-0.002139290336887949,0.002139290336887949
eth_btc_ret_spread_48,ou_halflife,0.0021381189703541486,0.0021381189703541486
svps,eth_btc_beta_residual_z,-0.00213755451041624,0.00213755451041624
log_return,garman_klass_vol,-0.0021353899141681185,0.0021353899141681185
squeeze_power,rsi,-0.002135296885821307,0.002135296885821307
rogers_satchell_vol,btc_ret_3,-0.0021334754512965784,0.0021334754512965784
session_europe,cvd_slope_48,-0.0021321240830721347,0.0021321240830721347
cvp_vah_val_width,btc_ret_3,0.0021314137635612624,0.0021314137635612624
chop_index,btc_ret_z_48,0.0021313757072509622,0.0021313757072509622
trades,crowded_long_unwind_risk,0.0021310410451283804,0.0021310410451283804
volume_btc,dual_momentum,-0.002129866965761546,0.002129866965761546
last_funding_rate,hma_slope,-0.002125791617735013,0.002125791617735013
wick_ratio,kalman_velocity,0.002124621388096873,0.002124621388096873
mta_funding,failed_breakout_down,-0.0021237406375918177,0.0021237406375918177
count_long_short_ratio,btc_ret_6,-0.0021233978761011803,0.0021233978761011803
funding_roc_12,ofti,0.0021227608555490613,0.0021227608555490613
btc_ret_1,evt_excess_z,-0.0021210094982633274,0.0021210094982633274
chop_index,cvd_12,0.002118266047950708,0.002118266047950708
volatility_z,cross_scale_curvature,0.0021176884906880626,0.0021176884906880626
compression_release_up,evt_tail_flag,-0.0021138720612368365,0.0021138720612368365
whale_retail_ratio,failed_breakout_down,-0.002111644326648804,0.002111644326648804
funding_flip_signal,sig_liquidity_trap,0.002108067775632552,0.002108067775632552
chop_index,eth_btc_beta_residual_z,0.0021004708435907946,0.0021004708435907946
close,compression_release_down,0.002100211307812529,0.002100211307812529
funding_roc_48,ou_halflife,-0.002099691890642939,0.002099691890642939
compression_score,ou_halflife,0.0020960812460872552,0.0020960812460872552
compression_release_down,funding_flip_signal,0.002094365598500175,0.002094365598500175
close,chop_index,0.00209057268959857,0.00209057268959857
macd_hist,hour_cos,0.002089044675972287,0.002089044675972287
mta_funding,sweep_prev_low_reclaim,-0.0020882086961514835,0.0020882086961514835
open,chop_index,0.0020864842317275204,0.0020864842317275204
ou_funding_z,jump_flag,0.0020853202471670944,0.0020853202471670944
btc_ret_z_48,failed_breakout_down,0.0020834299601896473,0.0020834299601896473
whale_conviction,compression_score,-0.002083040374641387,0.002083040374641387
minute_sin,cvd_slope_12,-0.0020795763048573395,0.0020795763048573395
count_long_short_ratio,btc_lead_eth_follow_gap_3,0.0020763076466106508,0.0020763076466106508
close_btc,liquidity_vacuum,-0.0020753907488991453,0.0020753907488991453
whale_retail_ratio,sweep_prev_low_reclaim,-0.0020734923676362983,0.0020734923676362983
funding_z_score,jump_flag,0.002072773039738762,0.002072773039738762
minute_sin,cvp_poc_dist,-0.0020718314563667297,0.0020718314563667297
fvg_dist,minute_cos,0.0020701363419655164,0.0020701363419655164
taker_acceleration,session_us,0.0020689454984223208,0.0020689454984223208
funding_pressure,cvd_slope_12,-0.002068639335929867,0.002068639335929867
log_return,svps,-0.0020678931527695074,0.0020678931527695074
squeeze_power,ofi_acceleration,-0.0020672206078272233,0.0020672206078272233
bb_width_pct_rank_288,ou_halflife,-0.002062484510170404,0.002062484510170404
mean_reversion_z,ou_halflife,0.0020609224668993818,0.0020609224668993818
wick_ratio,btc_ret_3,-0.0020607840769712787,0.0020607840769712787
kel,vwap_reclaim_flag,-0.0020576830755590298,0.0020576830755590298
sum_toptrader_long_short_ratio,cvd_slope_12,0.002054291796488247,0.002054291796488247
ofti,btc_ret_1,0.0020529987660067,0.0020529987660067
regime_trending,funding_oi_divergence,0.002052596453114383,0.002052596453114383
eth_btc_ret_spread_12,oi_up_price_down,-0.0020523634147595715,0.0020523634147595715
funding_roc_288,btc_impulse_x_eth_beta,-0.002051884292961112,0.002051884292961112
wick_ratio,ou_halflife,-0.0020517984230309792,0.0020517984230309792
funding_pressure,btc_ret_z_48,0.0020517387914993153,0.0020517387914993153
high,taker_acceleration,-0.002048615795248458,0.002048615795248458
ofti,jump_flag,-0.002045516240697579,0.002045516240697579
funding_roc_48,compression_release_up,-0.002043833909013394,0.002043833909013394
cvp_volume_imbalance,cvp_regime,0.0020430897064254152,0.0020430897064254152
log_return,funding_roc_12,-0.002042114982139702,0.002042114982139702
sum_open_interest_value,btc_impulse_x_eth_beta,0.002041618166822473,0.002041618166822473
low,taker_acceleration,-0.002038425590832457,0.002038425590832457
turtle_signal,kel,0.002036615359807066,0.002036615359807066
high,sig_liquidity_trap,-0.0020308124972373705,0.0020308124972373705
squeeze_power,bb_width_pct_rank_288,0.0020306371974690264,0.0020306371974690264
atr_pct_rank_288,crowded_short_squeeze_risk,0.002028747786244723,0.002028747786244723
low,cvd_slope_12,-0.0020278906671725564,0.0020278906671725564
short_squeeze_risk,ofti,0.0020260959259504126,0.0020260959259504126
high,vwap_reject_flag,-0.00202572599988284,0.00202572599988284
ou_halflife,cross_scale_curvature,-0.0020236100536359393,0.0020236100536359393
close_btc,evt_excess_z,-0.002020501430287777,0.002020501430287777
short_squeeze_risk,anchored_vwap_session_dist,0.002017362638850785,0.002017362638850785
funding_oi_divergence,garch_vol_z,0.0020163285668471967,0.0020163285668471967
parkinson_vol,cross_scale_curvature,-0.0020146011020832463,0.0020146011020832463
low,sig_liquidity_trap,-0.0020110157610225723,0.0020110157610225723
funding_flip_signal,jump_flag,-0.0020108449972700347,0.0020108449972700347
high,cvd_slope_12,-0.0020094838235822127,0.0020094838235822127
minute_sin,vwap_dist_96,-0.0020091225315504928,0.0020091225315504928
trade_intensity,ou_funding_z,0.002008560500662268,0.002008560500662268
high,sweep_prev_low_reclaim,0.002007162790732961,0.002007162790732961
funding_roc_288,failed_breakout_down,0.0020042565087858904,0.0020042565087858904
hour_cos,sig_volume_confirm,0.002002874221795137,0.002002874221795137
close_btc,macd_hist,0.0020010091681681844,0.0020010091681681844
funding_roc_288,sweep_prev_low_reclaim,0.00200039650311025,0.00200039650311025
cvp_regime,volume_profile_signal,-0.00199948719792807,0.00199948719792807
bb_width,mtf_trend_1h,-0.0019977596065085122,0.0019977596065085122
vwap_reject_flag,funding_flip_signal,0.0019967007522453868,0.0019967007522453868
session_us,btc_breakout_eth_lag_dir,0.0019911893636396258,0.0019911893636396258
funding_roc_12,sig_liquidity_trap,0.0019879646326501892,0.0019879646326501892
trade_intensity,funding_z_score,0.0019865049879063974,0.0019865049879063974
kel,compression_release_down,-0.001986221045904881,0.001986221045904881
bb_width_z,btc_ret_3,-0.001984038492765307,0.001984038492765307
open,sweep_prev_low_reclaim,0.0019838472884321947,0.0019838472884321947
amihud_illiquidity_z,kalman_velocity,0.0019776564437083283,0.0019776564437083283
funding_price_divergence,ou_halflife,0.001976669812203512,0.001976669812203512
cvp_vah_val_width,btc_lead_eth_follow_gap_3,-0.001972619233339756,0.001972619233339756
bb_width_z,wick_ratio,-0.001972373843904089,0.001972373843904089
short_squeeze_risk,liquidity_vacuum,0.001970615244302125,0.001970615244302125
close,eth_btc_beta_residual_z,-0.001968864651574747,0.001968864651574747
log_return,bb_width_pct_rank_288,-0.001968468385339514,0.001968468385339514
log_return,rogers_satchell_vol,-0.001968324929539263,0.001968324929539263
bb_width,sig_liquidity_trap,0.0019680958554152282,0.0019680958554152282
svps,upper_wick_z,-0.0019668661489712436,0.0019668661489712436
btc_corr_60,sig_volume_confirm,0.001956487375644605,0.001956487375644605
oi_up_price_up,ou_funding_z,-0.0019555606131868887,0.0019555606131868887
funding_pressure,vwap_dist_96,-0.001955321820972063,0.001955321820972063
funding_z_score,oi_up_price_up,-0.0019532600013646246,0.0019532600013646246
is_hour_open,btc_ret_z_48,-0.0019514214734984172,0.0019514214734984172
sum_open_interest_value,btc_ret_3,0.001947383775987631,0.001947383775987631
log_return,bb_width,-0.0019465604478564119,0.0019465604478564119
quote_volume_btc,oi_up_price_down,0.0019462116146063979,0.0019462116146063979
btc_ret_z_48,sweep_prev_low_reclaim,0.001945914479472685,0.001945914479472685
count_long_short_ratio,funding_flip_signal,-0.0019379682212244368,0.0019379682212244368
btc_corr_60,kel,0.0019340041791703745,0.0019340041791703745
funding_roc_288,sweep_prev_high_reclaim,-0.0019335776770470045,0.0019335776770470045
parkinson_vol,funding_oi_divergence,0.0019330676052401287,0.0019330676052401287
dual_momentum,eth_btc_beta_residual_z,-0.0019284160487626194,0.0019284160487626194
macd_hist,chop_index,0.0019261790070213653,0.0019261790070213653
funding_abs,funding_oi_divergence,-0.0019209167137417837,0.0019209167137417837
btc_ret_3,ou_halflife,-0.0019206355125966086,0.0019206355125966086
oi_change_rate,ou_funding_z,-0.0019190472846693273,0.0019190472846693273
smart_money_flow,ou_funding_z,-0.0019190472846693273,0.0019190472846693273
close_btc,evt_tail_flag,-0.00191843218048026,0.00191843218048026
oi_change_rate,funding_z_score,-0.0019176234632023,0.0019176234632023
smart_money_flow,funding_z_score,-0.0019176234632023,0.0019176234632023
minute_sin,btc_ret_6,0.0019151645197990703,0.0019151645197990703
minute_sin,btc_ret_12,-0.0019135247725606324,0.0019135247725606324
turtle_signal,vwap_reclaim_flag,-0.0019133441304436253,0.0019133441304436253
oi_change_rate,jump_flag,0.0019113392042535134,0.0019113392042535134
smart_money_flow,jump_flag,0.0019113392042535134,0.0019113392042535134
funding_roc_12,jump_flag,-0.0019109221818331597,0.0019109221818331597
trade_intensity,vwap_dist_288,-0.0019106323846087609,0.0019106323846087609
mta_funding,cvd_breakout_z,0.0019097542864136062,0.0019097542864136062
dual_momentum,cvd_breakout_z,-0.001908284499242445,0.001908284499242445
btc_ret_6,funding_flip_signal,-0.001906661332590506,0.001906661332590506
low,hour_sin,0.0019065313704076073,0.0019065313704076073
funding_roc_288,btc_ret_3,-0.001905121644584656,0.001905121644584656
session_us,cross_scale_curvature,0.0019050181154628663,0.0019050181154628663
close,sweep_prev_low_reclaim,0.0019029920025650069,0.0019029920025650069
cvp_vah_val_width,sig_volume_confirm,-0.00190054356941147,0.00190054356941147
bb_width_z,btc_impulse_x_eth_beta,-0.001899727882235643,0.001899727882235643
wick_ratio,eth_btc_ret_spread_48,0.0018994198663096163,0.0018994198663096163
cvp_regime,btc_ret_1,-0.0018989490843008688,0.0018989490843008688
sum_toptrader_long_short_ratio,cross_scale_curvature,-0.0018978787070978646,0.0018978787070978646
minute_cos,range_contraction_breakout_dir,0.0018959636913237687,0.0018959636913237687
cvp_vah_val_width,btc_ret_12,0.0018932694487110554,0.0018932694487110554
btc_ret_1,bb_width_pct_rank_288,-0.0018932109975052143,0.0018932109975052143
hurst_288,funding_flip_signal,0.0018915400450083507,0.0018915400450083507
bb_width,funding_flip_signal,0.001891179314838336,0.001891179314838336
cvp_vah_val_width,kel,0.0018891714113120953,0.0018891714113120953
sum_toptrader_long_short_ratio,jump_z,0.0018872019538940202,0.0018872019538940202
whale_retail_ratio,oi_change_rate,0.001885251158512451,0.001885251158512451
whale_retail_ratio,smart_money_flow,0.001885251158512451,0.001885251158512451
funding_pressure,sig_volume_confirm,-0.0018850920066925399,0.0018850920066925399
close_btc,btc_lead_eth_follow_gap_3,-0.0018850552953258587,0.0018850552953258587
sum_open_interest_value,bb_width_z,0.0018809361450528095,0.0018809361450528095
high,failed_breakout_down,0.0018770383121615487,0.0018770383121615487
low,upper_wick_z,0.0018743033594557216,0.0018743033594557216
smart_money_flow,btc_ret_1,-0.0018739446987950353,0.0018739446987950353
oi_change_rate,btc_ret_1,-0.0018739446987950353,0.0018739446987950353
close_btc,btc_ret_1,0.0018716358838491566,0.0018716358838491566
taker_buy_base,eth_btc_ret_spread_12,-0.001865987140493285,0.001865987140493285
evt_excess_z,sig_volume_confirm,0.0018650838970354262,0.0018650838970354262
hma_slope,chop_index,0.0018643554447942236,0.0018643554447942236
cvp_vah_val_width,btc_impulse_x_eth_beta,0.0018641048710348735,0.0018641048710348735
open,failed_breakout_down,0.0018614021507329743,0.0018614021507329743
smart_money_flow,compression_release_down,0.001855143725691275,0.001855143725691275
oi_change_rate,compression_release_down,0.001855143725691275,0.001855143725691275
macd_hist,minute_sin,-0.0018543092275609154,0.0018543092275609154
chop_index,cvp_volume_imbalance,0.0018539248498598386,0.0018539248498598386
sum_open_interest_value,regime_trending,0.0018538211242680974,0.0018538211242680974
hma_slope,funding_flip_signal,-0.0018494157277420618,0.0018494157277420618
session_us,sig_liquidity_trap,0.0018480789283551653,0.0018480789283551653
hour_cos,btc_impulse_x_eth_beta,0.001847290700974738,0.001847290700974738
taker_buy_base,funding_roc_48,-0.0018463883624657083,0.0018463883624657083
big_trade_ratio,is_hour_open,0.0018459562005389125,0.0018459562005389125
big_trade_ratio,funding_price_divergence,-0.0018455142228660918,0.0018455142228660918
funding_roc_288,failed_breakout_up,-0.0018453726936431345,0.0018453726936431345
lower_wick_z,ou_halflife,0.0018444329355091443,0.0018444329355091443
session_europe,execution_quality,-0.0018435119181873317,0.0018435119181873317
eth_btc_ratio_change,minute_sin,-0.0018422440219273716,0.0018422440219273716
funding_z_score,cvd_12,0.0018416625382815604,0.0018416625382815604
compression_release_down,sweep_prev_low_reclaim,-0.0018412682973563417,0.0018412682973563417
btc_impulse_x_eth_beta,ou_halflife,-0.0018377569256554343,0.0018377569256554343
count_long_short_ratio,sig_liquidity_trap,-0.001836896157984455,0.001836896157984455
minute_cos,sig_trend_health,-0.0018363214629156077,0.0018363214629156077
hurst_48,btc_ret_1,-0.001836111769060084,0.001836111769060084
smart_money_flow,execution_quality,0.001832319065379105,0.001832319065379105
oi_change_rate,execution_quality,0.001832319065379105,0.001832319065379105
volume,sig_volume_confirm,-0.0018318015250708402,0.0018318015250708402
taker_buy_quote,short_squeeze_risk,0.0018306654349411781,0.0018306654349411781
sum_toptrader_long_short_ratio,compression_score,-0.0018301607466947058,0.0018301607466947058
volatility_z,btc_ret_1,-0.001825968674206155,0.001825968674206155
cvd_12,ou_funding_z,0.0018239806579532392,0.0018239806579532392
funding_roc_12,range_contraction_breakout_dir,-0.001819247543376822,0.001819247543376822
squeeze_power,mtf_trend_1h,-0.0018168443004372742,0.0018168443004372742
garman_klass_vol,funding_oi_divergence,0.0018154663139897849,0.0018154663139897849
garman_klass_vol,kalman_velocity,-0.0018138723358962563,0.0018138723358962563
high,evt_tail_flag,0.0018118686709106858,0.0018118686709106858
atr_pct_rank_288,ou_halflife,-0.0018099309387175529,0.0018099309387175529
low,volume,0.0018092269799203217,0.0018092269799203217
minute_cos,lower_wick_z,0.0018080954440479356,0.0018080954440479356
cvp_regime,vwap_dist_96,0.0018055465732675564,0.0018055465732675564
sum_toptrader_long_short_ratio,price_cvd_divergence,0.001795624507190152,0.001795624507190152
crowded_short_squeeze_risk,regime_persistence,-0.0017927281178546919,0.0017927281178546919
btc_ret_3,eth_btc_beta_residual_z,0.0017867293284702839,0.0017867293284702839
minute_cos,ou_halflife,0.001785849988737166,0.001785849988737166
evt_tail_flag,sig_volume_confirm,0.0017841014196631395,0.0017841014196631395
volume_btc,taker_acceleration,0.0017827449486910584,0.0017827449486910584
mean_reversion_z,oi_up_price_down,0.0017820535625732701,0.0017820535625732701
close,failed_breakout_down,0.0017810232703135045,0.0017810232703135045
minute_cos,vwap_dist_24,-0.0017804976528961142,0.0017804976528961142
btc_eth_volume_rank_spread,range_contraction_breakout_dir,0.0017798030362134705,0.0017798030362134705
big_trade_ratio,compression_release_down,0.0017768192193376997,0.0017768192193376997
net_taker_ratio,jump_flag,0.001773583794426218,0.001773583794426218
funding_roc_48,evt_excess_z,-0.0017735513657901685,0.0017735513657901685
funding_roc_48,evt_tail_flag,-0.0017722023971987583,0.0017722023971987583
whale_conviction,vwap_dist_288,-0.0017693252741178668,0.0017693252741178668
session_us,btc_ret_6,-0.001765951149912631,0.001765951149912631
eth_btc_beta_residual_z,ou_halflife,-0.0017599998978073308,0.0017599998978073308
session_us,btc_ret_12,-0.0017597452685094216,0.0017597452685094216
big_trade_ratio,btc_breakout_eth_lag_dir,-0.001756226480738235,0.001756226480738235
minute_sin,compression_score,-0.0017524873104205444,0.0017524873104205444
taker_buy_quote,mean_reversion_z,-0.0017496960699888969,0.0017496960699888969
cvp_vah_val_width,funding_oi_divergence,-0.0017496326433352957,0.0017496326433352957
cvd_288,funding_flip_signal,0.0017488735932776583,0.0017488735932776583
chop_index,ou_halflife,-0.0017481189395212498,0.0017481189395212498
wick_ratio,funding_price_divergence,0.001745038433104798,0.001745038433104798
quote_volume_btc,btc_ret_z_48,-0.0017432486020561822,0.0017432486020561822
taker_acceleration,execution_quality,-0.0017406524518876682,0.0017406524518876682
chop_index,vwap_dist_24,0.0017403210740584674,0.0017403210740584674
minute_sin,funding_price_divergence,-0.0017363066883988923,0.0017363066883988923
cvp_regime,fibonacci_level,0.0017332888017387198,0.0017332888017387198
whale_retail_ratio,session_us,0.0017305944266279485,0.0017305944266279485
garch_vol_z,jump_z,-0.001724242150489216,0.001724242150489216
hurst_288,cross_scale_curvature,0.0017242037589474647,0.0017242037589474647
funding_roc_12,btc_ret_3,-0.0017236275556799247,0.0017236275556799247
hour_cos,btc_ret_3,0.0017219917744302803,0.0017219917744302803
compression_release_down,ou_halflife,0.0017196011188214896,0.0017196011188214896
high,amihud_illiquidity_z,0.0017185441493502269,0.0017185441493502269
squeeze_power,taker_acceleration,-0.0017163741667687454,0.0017163741667687454
kel,eth_btc_beta_residual_z,0.00171335751065088,0.00171335751065088
ou_halflife,jump_z,-0.0017112957486402076,0.0017112957486402076
cvd_slope_48,jump_flag,-0.0017073387898187758,0.0017073387898187758
sum_open_interest_value,cross_scale_curvature,0.0017018714187732552,0.0017018714187732552
ou_halflife,sig_volume_confirm,-0.0017005745286114754,0.0017005745286114754
realized_vol_ratio,eth_btc_ratio_change,-0.0016973293680875691,0.0016973293680875691
minute_cos,sig_liquidity_trap,0.001696480355980937,0.001696480355980937
high,evt_excess_z,0.0016790485210773872,0.0016790485210773872
minute_cos,cvp_vah_val_width,-0.0016789768131042259,0.0016789768131042259
rogers_satchell_vol,funding_oi_divergence,0.0016780613609666286,0.0016780613609666286
fvg_dist,ou_halflife,-0.0016746656284727325,0.0016746656284727325
funding_roc_12,btc_impulse_x_eth_beta,-0.0016739673292703796,0.0016739673292703796
taker_acceleration,hour_cos,-0.0016738464581682385,0.0016738464581682385
sum_toptrader_long_short_ratio,taker_acceleration,0.0016732365080139053,0.0016732365080139053
session_us,dual_momentum,0.0016686593581331976,0.0016686593581331976
high,btc_volume_impulse_z,0.0016676288449525292,0.0016676288449525292
bb_width_z,kel,0.0016658596380052652,0.0016658596380052652
hour_sin,jump_z,-0.0016634995561090582,0.0016634995561090582
squeeze_power,kalman_velocity,-0.00166098785643637,0.00166098785643637
open,macd_hist,-0.0016597533544240963,0.0016597533544240963
funding_roc_288,vwap_reclaim_flag,-0.0016536781271343185,0.0016536781271343185
hour_sin,failed_breakout_down,-0.0016519487507846242,0.0016519487507846242
cvp_regime,lower_wick_z,0.0016508267204887455,0.0016508267204887455
sum_open_interest_value,cvd_slope_48,-0.0016458350232384598,0.0016458350232384598
rsi,minute_cos,-0.0016424180203952307,0.0016424180203952307
hour_sin,sweep_prev_low_reclaim,-0.001641720684553915,0.001641720684553915
bb_width_pct_rank_288,jump_z,-0.0016414543630208004,0.0016414543630208004
hour_cos,btc_ret_12,0.0016411178713279797,0.0016411178713279797
taker_acceleration,regime_trending,0.0016402415224558442,0.0016402415224558442
hurst_48,btc_breakout_eth_lag_dir,0.0016393877147731187,0.0016393877147731187
cvp_vah_val_width,vwap_dist_24,-0.0016366194187577188,0.0016366194187577188
hurst_48,btc_ret_6,-0.0016360745716807038,0.0016360745716807038
realized_skewness,funding_oi_divergence,-0.0016339144442609026,0.0016339144442609026
count_long_short_ratio,bb_width_z,0.0016338402253275276,0.0016338402253275276
last_funding_rate,range_contraction_breakout_dir,-0.001633178462849758,0.001633178462849758
low,ofi_acceleration,-0.0016306960640075474,0.0016306960640075474
bb_width_z,funding_roc_48,0.0016282660122730033,0.0016282660122730033
quote_volume_btc,funding_roc_12,0.0016270659681933653,0.0016270659681933653
squeeze_power,amihud_illiquidity_z,-0.0016269367617759273,0.0016269367617759273
close_btc,atr_pct_rank_288,-0.0016259444994827848,0.0016259444994827848
close_btc,failed_breakout_down,0.0016254440903024263,0.0016254440903024263
ofi_acceleration,sig_trend_health,-0.001623955611116849,0.001623955611116849
ofti,ou_halflife,0.0016216456175358533,0.0016216456175358533
last_funding_rate,ofi_acceleration,-0.0016204685299930392,0.0016204685299930392
realized_skewness,jump_z,0.0016160309312493793,0.0016160309312493793
breakout_strength,execution_quality,0.0016151915171467878,0.0016151915171467878
high,ofi_acceleration,-0.001615171602292483,0.001615171602292483
btc_ret_z_48,sig_volume_confirm,-0.0016120960772610157,0.0016120960772610157
quote_volume,funding_flip_signal,-0.0016101719786864271,0.0016101719786864271
is_hour_open,btc_ret_1,-0.0016098007454982517,0.0016098007454982517
atr_pct_rank_288,lower_wick_z,0.001609093491276657,0.001609093491276657
funding_abs,jump_z,0.00160404171952579,0.00160404171952579
close_btc,sweep_prev_low_reclaim,0.001603104157218083,0.001603104157218083
eth_btc_ratio_change,cvp_vah_val_width,0.0016027854904224446,0.0016027854904224446
quote_volume_btc,taker_acceleration,0.00159915944712552,0.00159915944712552
regime_trending,jump_z,-0.0015986473181425146,0.0015986473181425146
anchored_vwap_session_dist,execution_quality,0.001598012453489968,0.001598012453489968
realized_skewness,execution_quality,-0.001597484968167905,0.001597484968167905
session_europe,cvp_poc_dist,-0.0015960605287412234,0.0015960605287412234
kel,execution_quality,-0.00159493870865032,0.00159493870865032
minute_sin,sig_volume_confirm,-0.001594009921412394,0.001594009921412394
bb_width_z,funding_flip_signal,0.0015920090672509285,0.0015920090672509285
bb_width_pct_rank_288,funding_oi_divergence,0.0015872349394058542,0.0015872349394058542
funding_roc_48,sweep_prev_low_reclaim,-0.0015870751489788846,0.0015870751489788846
cvp_vah_val_width,kalman_velocity,0.0015736151366037214,0.0015736151366037214
funding_roc_12,evt_tail_flag,-0.0015695398470439474,0.0015695398470439474
hurst_288,kel,-0.001568882279769315,0.001568882279769315
btc_lead_eth_follow_gap_3,jump_flag,-0.0015667062555800618,0.0015667062555800618
dual_momentum,upper_wick_z,-0.0015645933191346167,0.0015645933191346167
funding_roc_48,failed_breakout_down,-0.001562005782945235,0.001562005782945235
hma_slope,hurst_48,0.0015586683350061192,0.0015586683350061192
ou_halflife,liquidity_vacuum,-0.0015574896480673272,0.0015574896480673272
funding_roc_12,evt_excess_z,-0.0015566168727789659,0.0015566168727789659
wick_ratio,mtf_trend_4h,0.001556023035893545,0.001556023035893545
close,amihud_illiquidity_z,0.0015518934702963747,0.0015518934702963747
chop_index,btc_ret_1,0.001546334143035942,0.001546334143035942
minute_cos,btc_ret_6,-0.0015462849784848136,0.0015462849784848136
hour_cos,btc_ret_1,0.0015445782682078548,0.0015445782682078548
compression_release_up,funding_flip_signal,-0.0015423685922393725,0.0015423685922393725
smart_money_flow,jump_z,-0.0015409974338665522,0.0015409974338665522
oi_change_rate,jump_z,-0.0015409974338665522,0.0015409974338665522
session_us,vwap_reclaim_flag,0.0015377948645741997,0.0015377948645741997
volume_btc,ofi_acceleration,0.0015358840125904835,0.0015358840125904835
oi_change_rate,minute_sin,-0.001532907651241465,0.001532907651241465
smart_money_flow,minute_sin,-0.001532907651241465,0.001532907651241465
parkinson_vol,btc_ret_1,-0.001532387717747239,0.001532387717747239
btc_ret_z_48,evt_tail_flag,-0.0015270442713872852,0.0015270442713872852
funding_abs,vwap_dist_96,-0.0015259207239011585,0.0015259207239011585
hour_sin,eth_btc_beta_residual_z,0.001525714125138385,0.001525714125138385
funding_roc_12,sig_volume_confirm,0.0015251963356282317,0.0015251963356282317
btc_ret_6,eth_btc_beta_residual_z,0.0015240105934918688,0.0015240105934918688
squeeze_power,sig_liquidity_trap,-0.0015238953884904188,0.0015238953884904188
minute_sin,cvp_volume_imbalance,-0.0015231063866340817,0.0015231063866340817
open,eth_btc_ret_spread_12,0.0015204539147811854,0.0015204539147811854
btc_corr_60,ofi_acceleration,0.001514894331905416,0.001514894331905416
hour_cos,btc_ret_6,0.001510259851629236,0.001510259851629236
open,session_us,0.001510015411635856,0.001510015411635856
minute_sin,kel,-0.0015094346211719826,0.0015094346211719826
chop_index,dual_momentum,-0.0015056183833761709,0.0015056183833761709
dual_momentum,garch_vol_z,0.00150397656799298,0.00150397656799298
eth_btc_ret_spread_12,ou_halflife,-0.0015035466164169062,0.0015035466164169062
hurst_288,cvd_slope_12,0.0015004423916073425,0.0015004423916073425
count_long_short_ratio,oi_up_price_up,-0.0014939112007729132,0.0014939112007729132
session_us,range_contraction_breakout_dir,-0.0014938911178581087,0.0014938911178581087
net_taker_ratio,regime_trending,0.001493177655067617,0.001493177655067617
realized_vol_ratio,btc_ret_1,0.001488006103093201,0.001488006103093201
realized_skewness,bb_width_pct_rank_288,-0.0014833914435726451,0.0014833914435726451
hour_cos,ofi_acceleration,-0.0014824987153514292,0.0014824987153514292
realized_vol_ratio,btc_lead_eth_follow_gap_3,0.0014816320359508054,0.0014816320359508054
mta_funding,vwap_reject_flag,-0.0014789892392549106,0.0014789892392549106
btc_eth_volume_rank_spread,funding_flip_signal,0.0014783742978372212,0.0014783742978372212
garman_klass_vol,cross_scale_curvature,-0.0014730810736405249,0.0014730810736405249
high,lower_wick_z,-0.001472531151919155,0.001472531151919155
wick_ratio,minute_cos,0.0014724123655431491,0.0014724123655431491
net_taker_ratio,ofti,-0.0014715860901867628,0.0014715860901867628
minute_sin,anchored_vwap_session_dist,-0.0014708984478888974,0.0014708984478888974
amihud_illiquidity_z,btc_breakout_eth_lag_dir,0.00147072690217002,0.00147072690217002
session_us,btc_impulse_x_eth_beta,-0.0014705990762905322,0.0014705990762905322
btc_ret_12,funding_flip_signal,-0.001467592357787935,0.001467592357787935
bb_width_z,ou_halflife,0.0014639646130657441,0.0014639646130657441
realized_vol_ratio,jump_z,0.0014623133831746663,0.0014623133831746663
cvd_12,funding_flip_signal,0.0014606829431301183,0.0014606829431301183
cvd_12,bb_width_pct_rank_288,0.0014603667164412356,0.0014603667164412356
eth_btc_beta_residual_z,btc_impulse_x_eth_beta,0.0014583886569921316,0.0014583886569921316
hurst_48,cvd_slope_48,0.0014579756035491833,0.0014579756035491833
close,session_us,0.0014562603601659652,0.0014562603601659652
dual_momentum,hurst_288,-0.0014558354356756984,0.0014558354356756984
minute_cos,regime_persistence,0.0014517695536811965,0.0014517695536811965
hurst_288,sig_volume_confirm,-0.0014515243453709636,0.0014515243453709636
volume_profile_signal,cvd_slope_12,0.001451288090417811,0.001451288090417811
is_hour_open,vwap_dist_24,-0.0014502244638798327,0.0014502244638798327
funding_flip_signal,oi_up_price_down,0.0014497794535088394,0.0014497794535088394
bb_width,hma_slope,-0.001447462762632066,0.001447462762632066
macd_hist,cvp_regime,-0.0014467793230877595,0.0014467793230877595
taker_acceleration,cvp_vah_val_width,-0.001443024051276463,0.001443024051276463
mtf_trend_1h,funding_roc_12,-0.001442670154966402,0.001442670154966402
bb_width_z,sig_volume_confirm,-0.001439874057353804,0.001439874057353804
wick_ratio,cvd_breakout_z,-0.0014377648567600468,0.0014377648567600468
session_europe,funding_roc_12,-0.0014360937556424634,0.0014360937556424634
whale_retail_ratio,sig_liquidity_trap,0.0014343338927206356,0.0014343338927206356
hurst_288,btc_ret_z_48,-0.0014336557921295803,0.0014336557921295803
realized_vol_ratio,funding_flip_signal,-0.001432844808132656,0.001432844808132656
cvp_vah_val_width,btc_ret_6,0.001431314318049449,0.001431314318049449
funding_z_score,garch_vol_z,0.001430330046200919,0.001430330046200919
is_hour_open,hurst_48,0.0014299474415627527,0.0014299474415627527
is_hour_open,btc_breakout_eth_lag_dir,0.0014241162200115266,0.0014241162200115266
session_us,btc_ret_3,-0.0014234846462172373,0.0014234846462172373
garch_vol_z,ou_funding_z,0.0014224171049798985,0.0014224171049798985
squeeze_power,hma_slope,-0.0014201321470658182,0.0014201321470658182
amihud_illiquidity_z,eth_btc_ret_spread_48,0.0014179228258772584,0.0014179228258772584
close_btc,amihud_illiquidity_z,0.0014174367730796843,0.0014174367730796843
log_return,regime_trending,-0.0014137069900223844,0.0014137069900223844
squeeze_power,garman_klass_vol,0.001411197449624425,0.001411197449624425
minute_cos,vwap_reject_flag,0.001410346083970004,0.001410346083970004
kel,evt_excess_z,0.0014101510068746576,0.0014101510068746576
hma_slope,wick_ratio,0.0014101123147243317,0.0014101123147243317
rsi,funding_flip_signal,0.0014089983253529183,0.0014089983253529183
kel,evt_tail_flag,0.001408568621511952,0.001408568621511952
quote_volume,oi_up_price_down,-0.0014084541593701208,0.0014084541593701208
minute_sin,btc_impulse_x_eth_beta,0.0014063941262646264,0.0014063941262646264
hour_cos,long_squeeze_risk,0.00140440128671637,0.00140440128671637
realized_skewness,btc_volume_impulse_z,0.0014032701776441545,0.0014032701776441545
sum_toptrader_long_short_ratio,breakout_strength,-0.0014029246788180758,0.0014029246788180758
sum_open_interest_value,big_trade_ratio,0.0014022958046423061,0.0014022958046423061
mta_funding,btc_eth_volume_rank_spread,0.0013992613303234103,0.0013992613303234103
open,amihud_illiquidity_z,0.0013958820026450855,0.0013958820026450855
btc_corr_60,sig_liquidity_trap,0.0013924365739457515,0.0013924365739457515
eth_btc_ratio_change,chop_index,0.001390907622189723,0.001390907622189723
funding_pressure,btc_volume_impulse_z,0.001389186036057515,0.001389186036057515
smart_money_flow,regime_trending,-0.0013854545427104193,0.0013854545427104193
oi_change_rate,regime_trending,-0.0013854545427104193,0.0013854545427104193
btc_breakout_eth_lag_dir,range_contraction_breakout_dir,-0.0013842524306509755,0.0013842524306509755
sum_open_interest_value,oi_change_rate,0.0013831707341302646,0.0013831707341302646
sum_open_interest_value,smart_money_flow,0.0013831707341302646,0.0013831707341302646
bb_width,funding_oi_divergence,0.0013807493379307354,0.0013807493379307354
funding_pressure,sig_liquidity_trap,-0.0013806748945221405,0.0013806748945221405
ou_halflife,jump_flag,-0.0013722085420599126,0.0013722085420599126
cvd_12,compression_score,0.0013709773010597754,0.0013709773010597754
realized_vol_ratio,funding_roc_48,-0.0013650095688887154,0.0013650095688887154
mean_reversion_z,ofi_acceleration,-0.001364136666233686,0.001364136666233686
hurst_288,cvd_slope_48,-0.0013618835481091097,0.0013618835481091097
regime_trending,cvd_slope_12,0.0013587045254967551,0.0013587045254967551
btc_ret_z_48,evt_excess_z,-0.0013586139690544207,0.0013586139690544207
minute_cos,cvp_cluster_position,-0.0013575727613948344,0.0013575727613948344
log_return,realized_skewness,0.0013547124181177903,0.0013547124181177903
hma_slope,funding_abs,0.0013517560795019423,0.0013517560795019423
low,volatility_z,-0.0013475053175380598,0.0013475053175380598
oi_change_rate,btc_corr_60,-0.0013469487055293632,0.0013469487055293632
smart_money_flow,btc_corr_60,-0.0013469487055293632,0.0013469487055293632
funding_roc_48,sig_volume_confirm,-0.0013424564749115384,0.0013424564749115384
high,chop_index,0.0013402202124171876,0.0013402202124171876
amihud_illiquidity_z,dual_momentum,0.0013396735677084271,0.0013396735677084271
rsi,is_hour_open,-0.0013355634481491878,0.0013355634481491878
sig_volume_confirm,liquidity_vacuum,0.0013312230894192124,0.0013312230894192124
funding_roc_288,compression_release_down,0.0013310830091353488,0.0013310830091353488
taker_buy_quote,vwap_dist_288,0.0013300195161122094,0.0013300195161122094
taker_acceleration,hurst_288,0.0013285660119497407,0.0013285660119497407
open,vwap_reject_flag,-0.0013263575978890113,0.0013263575978890113
net_taker_ratio,evt_excess_z,0.0013249159491336665,0.0013249159491336665
amihud_illiquidity_z,funding_roc_48,0.001323603030111567,0.001323603030111567
open,funding_roc_12,0.0013153378979471116,0.0013153378979471116
funding_roc_48,compression_release_down,0.0013144036985776658,0.0013144036985776658
taker_buy_quote,funding_roc_48,-0.0013115537319996374,0.0013115537319996374
last_funding_rate,btc_ret_1,0.0013111950513766397,0.0013111950513766397
low,funding_roc_12,0.0013093383193313692,0.0013093383193313692
sum_toptrader_long_short_ratio,liquidity_vacuum,0.0013086370029559184,0.0013086370029559184
ofi_acceleration,mta_funding,0.001307503895567181,0.001307503895567181
hour_sin,oi_up_price_up,0.0013074458386966277,0.0013074458386966277
wick_ratio,btc_corr_60,0.0013045525008539333,0.0013045525008539333
minute_sin,long_squeeze_risk,0.001303856891760454,0.001303856891760454
log_return,kel,0.0013019741019754069,0.0013019741019754069
whale_conviction,vwap_reject_flag,0.0013008575310197946,0.0013008575310197946
ofi_acceleration,funding_pressure,-0.001300643459563326,0.001300643459563326
mtf_trend_4h,ofti,-0.0013004316979273662,0.0013004316979273662
quote_volume_btc,ofi_acceleration,0.0012989700900508663,0.0012989700900508663
minute_cos,cvp_regime,0.0012975862967925808,0.0012975862967925808
minute_sin,sig_trend_health,-0.0012950316699680124,0.0012950316699680124
volume_profile_signal,ou_halflife,-0.001290718880570255,0.001290718880570255
is_hour_open,crowding_pressure,-0.001290685395047766,0.001290685395047766
low,amihud_illiquidity_z,0.0012904461247912496,0.0012904461247912496
mta_funding,sig_liquidity_trap,-0.0012893018308804758,0.0012893018308804758
funding_pressure,compression_release_down,-0.0012890758186714067,0.0012890758186714067
last_funding_rate,log_return,0.001288669206702601,0.001288669206702601
high,funding_roc_12,0.0012871402764330878,0.0012871402764330878
volume,funding_flip_signal,-0.0012854282139107553,0.0012854282139107553
funding_roc_48,oi_up_price_down,-0.0012840148911864963,0.0012840148911864963
garman_klass_vol,btc_ret_1,-0.001283562458254872,0.001283562458254872
sum_toptrader_long_short_ratio,eth_btc_beta_residual_z,-0.0012832720599124678,0.0012832720599124678
session_us,funding_flip_signal,-0.0012830302218446409,0.0012830302218446409
minute_cos,btc_ret_z_48,0.0012828233436466892,0.0012828233436466892
atr_pct_rank_288,funding_flip_signal,-0.0012814738764670012,0.0012814738764670012
mtf_trend_4h,minute_cos,-0.0012805736399856577,0.0012805736399856577
minute_cos,btc_impulse_x_eth_beta,0.0012804292673205958,0.0012804292673205958
close,cvd_slope_12,-0.0012802940081894426,0.0012802940081894426
quote_volume,breakout_strength,-0.001278339184154825,0.001278339184154825
minute_sin,cross_scale_curvature,-0.0012748840765285543,0.0012748840765285543
minute_sin,btc_ret_3,0.0012737663680802667,0.0012737663680802667
hma_slope,svps,0.0012732778254955705,0.0012732778254955705
close,funding_roc_12,0.0012710316421985133,0.0012710316421985133
close,sig_liquidity_trap,-0.0012683568147174138,0.0012683568147174138
minute_sin,jump_z,-0.0012663211840054105,0.0012663211840054105
cvp_regime,cvd_slope_12,0.0012641007815342585,0.0012641007815342585
whale_retail_ratio,funding_flip_signal,0.0012632698196431485,0.0012632698196431485
macd_hist,session_us,0.0012581396252808975,0.0012581396252808975
sweep_prev_high_reclaim,evt_excess_z,0.0012570524583448575,0.0012570524583448575
close_btc,big_trade_ratio,-0.0012531179725322737,0.0012531179725322737
sum_toptrader_long_short_ratio,volatility_z,-0.0012530692634133858,0.0012530692634133858
hour_sin,vwap_reclaim_flag,-0.001252517436507467,0.001252517436507467
mta_funding,upper_wick_z,0.001249979365091665,0.001249979365091665
minute_sin,short_squeeze_risk,0.001247902526948372,0.001247902526948372
minute_sin,bb_width_pct_rank_288,-0.001245994749712695,0.001245994749712695
cvp_vah_val_width,btc_ret_1,0.0012444104621957587,0.0012444104621957587
sum_open_interest_value,macd_hist,0.0012412948727084218,0.0012412948727084218
realized_vol_ratio,sig_volume_confirm,0.0012412488737480892,0.0012412488737480892
session_us,cvd_288,0.0012402905171038662,0.0012402905171038662
is_hour_open,cvd_slope_48,0.0012395285869525158,0.0012395285869525158
minute_cos,btc_ret_3,0.0012391500107015408,0.0012391500107015408
btc_ret_z_48,funding_flip_signal,-0.0012391360297341902,0.0012391360297341902
regime_trending,btc_breakout_eth_lag_dir,0.0012384684210967384,0.0012384684210967384
funding_pressure,btc_lead_eth_follow_gap_3,0.0012375665714851436,0.0012375665714851436
btc_ret_1,funding_flip_signal,-0.0012340813438891114,0.0012340813438891114
session_europe,cvd_288,-0.0012324497224994152,0.0012324497224994152
evt_tail_flag,sig_liquidity_trap,0.0012316946520292277,0.0012316946520292277
net_taker_ratio,ou_funding_z,-0.0012304212845509225,0.0012304212845509225
evt_excess_z,sig_liquidity_trap,0.001228579454400037,0.001228579454400037
cvp_volume_imbalance,funding_abs,-0.0012272763240597261,0.0012272763240597261
cvd_breakout_z,execution_quality,-0.001226923651819117,0.001226923651819117
bb_width,funding_roc_48,0.0012265562811687306,0.0012265562811687306
funding_roc_12,hurst_48,-0.0012255985519090179,0.0012255985519090179
session_europe,sig_liquidity_trap,-0.0012252991981583884,0.0012252991981583884
minute_sin,breakout_strength,-0.0012235969085625771,0.0012235969085625771
is_hour_open,btc_ret_6,-0.001219466264305626,0.001219466264305626
kel,mta_funding,0.0012176203264962348,0.0012176203264962348
cvp_regime,regime_persistence,-0.0012159582970529192,0.0012159582970529192
squeeze_power,sig_trend_health,-0.0012158643953003511,0.0012158643953003511
bb_width,funding_z_score,-0.0012145464203582473,0.0012145464203582473
net_taker_ratio,funding_z_score,-0.0012144174107300116,0.0012144174107300116
minute_sin,oi_up_price_up,0.0012136643411072964,0.0012136643411072964
sweep_prev_high_reclaim,evt_tail_flag,0.0012108404602258508,0.0012108404602258508
net_taker_ratio,evt_tail_flag,0.001210553657449364,0.001210553657449364
hour_cos,funding_price_divergence,-0.001210092469332815,0.001210092469332815
bb_width,ou_funding_z,-0.0012077988900883714,0.0012077988900883714
parkinson_vol,sig_liquidity_trap,-0.0012043286896793691,0.0012043286896793691
last_funding_rate,session_us,0.001204181132802455,0.001204181132802455
whale_retail_ratio,ofi_acceleration,0.0012010703259441096,0.0012010703259441096
compression_score,sig_volume_confirm,-0.0012005386338245988,0.0012005386338245988
funding_roc_12,compression_release_down,0.0011930945088333526,0.0011930945088333526
dual_momentum,vwap_reject_flag,0.001190813827422278,0.001190813827422278
amihud_illiquidity_z,funding_pressure,0.0011906206878436122,0.0011906206878436122
close,hour_sin,0.0011895263798381566,0.0011895263798381566
btc_corr_60,btc_lead_eth_follow_gap_3,-0.0011881745092523698,0.0011881745092523698
eth_btc_ratio_change,hurst_48,0.001185362680325357,0.001185362680325357
minute_sin,funding_oi_divergence,0.0011847517458679717,0.0011847517458679717
taker_acceleration,ou_funding_z,-0.0011824302511586043,0.0011824302511586043
big_trade_ratio,funding_flip_signal,-0.0011808752734082007,0.0011808752734082007
taker_acceleration,funding_z_score,-0.0011802348684519755,0.0011802348684519755
mta_funding,btc_breakout_eth_lag_dir,-0.0011800955920957465,0.0011800955920957465
open,hour_sin,0.0011788202448702934,0.0011788202448702934
mtf_trend_1h,hour_sin,0.0011770498798522057,0.0011770498798522057
last_funding_rate,taker_acceleration,-0.0011742290750531756,0.0011742290750531756
cvp_vah_val_width,jump_z,0.001172254168604277,0.001172254168604277
realized_vol_ratio,btc_impulse_x_eth_beta,0.0011679074467386029,0.0011679074467386029
garch_vol_z,ou_halflife,-0.001162738046715735,0.001162738046715735
hour_sin,vwap_reject_flag,0.0011625682823077066,0.0011625682823077066
minute_sin,eth_btc_ret_spread_12,-0.0011586508092694908,0.0011586508092694908
log_return,cvp_regime,-0.0011581364390890238,0.0011581364390890238
cvp_regime,sig_trend_health,0.0011577060317896231,0.0011577060317896231
amihud_illiquidity_z,ou_halflife,-0.001153367602003732,0.001153367602003732
log_return,ou_halflife,-0.0011528962820205808,0.0011528962820205808
quote_volume_btc,vwap_reclaim_flag,0.0011522562288318822,0.0011522562288318822
funding_roc_12,oi_up_price_down,-0.0011522221189829132,0.0011522221189829132
dual_momentum,cross_scale_curvature,-0.0011518472504143944,0.0011518472504143944
funding_abs,range_contraction_breakout_dir,0.001151829703009396,0.001151829703009396
realized_skewness,vwap_reject_flag,-0.001151347385714437,0.001151347385714437
is_hour_open,sig_trend_health,-0.0011511307876588004,0.0011511307876588004
whale_conviction,dual_momentum,-0.0011507226328362696,0.0011507226328362696
cvp_vah_val_width,eth_btc_ret_spread_12,0.0011486306134856185,0.0011486306134856185
log_return,hour_sin,-0.0011482221031841654,0.0011482221031841654
bb_width_z,funding_pressure,0.0011477548333003133,0.0011477548333003133
trade_intensity,is_hour_open,-0.0011473069698692624,0.0011473069698692624
hurst_48,kel,-0.0011449678128180201,0.0011449678128180201
minute_sin,funding_flip_signal,-0.0011421172417228893,0.0011421172417228893
cvd_48,vwap_reclaim_flag,0.001139332218965525,0.001139332218965525
long_squeeze_risk,btc_ret_1,0.0011392219112974374,0.0011392219112974374
minute_cos,failed_breakout_up,-0.001137093155115911,0.001137093155115911
realized_vol_ratio,ou_halflife,0.0011351361974229184,0.0011351361974229184
rogers_satchell_vol,cross_scale_curvature,-0.0011324238400941137,0.0011324238400941137
vwap_dist_288,execution_quality,-0.0011308283341165428,0.0011308283341165428
funding_roc_48,vwap_reclaim_flag,-0.0011299037204202315,0.0011299037204202315
minute_cos,sweep_prev_high_reclaim,-0.0011273112813827543,0.0011273112813827543
close,taker_buy_base,0.0011263887643523066,0.0011263887643523066
wick_ratio,funding_roc_12,-0.0011263678839887891,0.0011263678839887891
hour_sin,ofi_acceleration,-0.0011256067813963275,0.0011256067813963275
realized_vol_ratio,btc_ret_3,0.0011251166447867262,0.0011251166447867262
close_btc,volatility_z,0.001124757036884741,0.001124757036884741
hour_cos,funding_roc_288,0.0011236542774604552,0.0011236542774604552
funding_pressure,oi_up_price_down,0.0011221365147551007,0.0011221365147551007
bb_width,funding_pressure,-0.0011214541512721487,0.0011214541512721487
rogers_satchell_vol,btc_ret_1,-0.001121298769970938,0.001121298769970938
is_hour_open,kel,-0.0011207142309805187,0.0011207142309805187
whale_conviction,funding_pressure,-0.0011176885197897184,0.0011176885197897184
wick_ratio,cvd_slope_48,-0.0011174878766902973,0.0011174878766902973
btc_ret_1,jump_flag,-0.001116937093463842,0.001116937093463842
oi_change_rate,hurst_288,-0.0011161964893716,0.0011161964893716
smart_money_flow,hurst_288,-0.0011161964893716,0.0011161964893716
vwap_reclaim_flag,ou_funding_z,-0.0011143213837696547,0.0011143213837696547
quote_volume,cvd_slope_12,-0.0011110604378986723,0.0011110604378986723
funding_roc_48,failed_breakout_up,-0.001109594215333685,0.001109594215333685
taker_buy_base,kel,0.001109292739672348,0.001109292739672348
last_funding_rate,sig_liquidity_trap,-0.0011080329027465885,0.0011080329027465885
bb_width_z,crowded_long_unwind_risk,0.0011051391743833081,0.0011051391743833081
is_hour_open,ou_halflife,0.0011023673373028535,0.0011023673373028535
squeeze_power,btc_ret_3,0.0011018004152683549,0.0011018004152683549
count_long_short_ratio,volatility_z,0.0011014438573665436,0.0011014438573665436
hour_sin,funding_flip_signal,0.0011010169632004766,0.0011010169632004766
close_btc,eth_btc_ratio_change,0.0011002296911648813,0.0011002296911648813
funding_z_score,vwap_reclaim_flag,-0.0010997647914962703,0.0010997647914962703
eth_btc_ratio_change,short_squeeze_risk,0.001099399907475178,0.001099399907475178
quote_volume,kel,-0.0010944562449902897,0.0010944562449902897
volume_btc,btc_ret_z_48,-0.0010909697152711884,0.0010909697152711884
dual_momentum,funding_roc_12,0.0010841055067140322,0.0010841055067140322
minute_sin,garch_vol_z,-0.0010792983527529228,0.0010792983527529228
whale_conviction,btc_eth_volume_rank_spread,-0.0010746007914748301,0.0010746007914748301
cvp_regime,failed_breakout_down,0.001072167872958387,0.001072167872958387
minute_sin,distance_to_day_high_low_pct,-0.0010681849920674365,0.0010681849920674365
session_us,btc_ret_1,-0.0010627808313691824,0.0010627808313691824
short_squeeze_risk,jump_z,0.0010627756030340049,0.0010627756030340049
funding_abs,btc_ret_z_48,0.001061721946395769,0.001061721946395769
hour_sin,kalman_velocity,-0.0010588883604797637,0.0010588883604797637
svps,sig_liquidity_trap,-0.0010566340099514447,0.0010566340099514447
funding_roc_48,sweep_prev_high_reclaim,-0.0010563060265056299,0.0010563060265056299
ofti,btc_breakout_eth_lag_dir,0.0010560492851256536,0.0010560492851256536
minute_sin,price_cvd_divergence,-0.0010538211295749238,0.0010538211295749238
trade_intensity,sig_volume_confirm,-0.0010537658071871985,0.0010537658071871985
volume,funding_roc_48,-0.0010521723089709479,0.0010521723089709479
cvd_slope_12,execution_quality,-0.0010520414619922932,0.0010520414619922932
cvp_regime,sweep_prev_low_reclaim,0.0010485802123987357,0.0010485802123987357
bb_width_z,funding_z_score,0.0010478229270879608,0.0010478229270879608
count_long_short_ratio,chop_index,0.0010466337789844602,0.0010466337789844602
hma_slope,cvp_vah_val_width,0.0010413368582485746,0.0010413368582485746
count_long_short_ratio,wick_ratio,0.001040350221889357,0.001040350221889357
bb_width_z,ou_funding_z,0.001037290372654298,0.001037290372654298
taker_acceleration,session_europe,-0.0010360203564642714,0.0010360203564642714
minute_cos,ofti,-0.0010351322305596818,0.0010351322305596818
funding_abs,btc_ret_1,0.001034570853450763,0.001034570853450763
sum_toptrader_long_short_ratio,hma_slope,0.001029297368489933,0.001029297368489933
bb_width_z,jump_z,-0.0010275130602826657,0.0010275130602826657
chop_index,btc_breakout_eth_lag_dir,-0.0010235047811079153,0.0010235047811079153
hurst_48,eth_btc_beta_residual_z,-0.001023396126112073,0.001023396126112073
cvd_288,vwap_reject_flag,0.0010190844059779606,0.0010190844059779606
sum_toptrader_long_short_ratio,ofi_acceleration,0.0010168249883472098,0.0010168249883472098
mtf_trend_4h,is_hour_open,-0.0010162439439397616,0.0010162439439397616
sum_toptrader_long_short_ratio,funding_roc_48,0.001015191825981643,0.001015191825981643
last_funding_rate,btc_ret_3,0.001014895035396538,0.001014895035396538
mtf_trend_4h,ou_halflife,-0.001011221718749081,0.001011221718749081
log_return,bb_width_z,-0.0010073516006868575,0.0010073516006868575
squeeze_power,btc_impulse_x_eth_beta,0.001005532836264296,0.001005532836264296
volatility_z,funding_flip_signal,-0.001005137868372992,0.001005137868372992
hurst_288,btc_eth_volume_rank_spread,-0.0010043399105780272,0.0010043399105780272
minute_cos,btc_breakout_eth_lag_dir,0.0010014677044239899,0.0010014677044239899
realized_skewness,ofti,-0.0010008445234166653,0.0010008445234166653
high,hour_cos,-0.0009990507013334124,0.0009990507013334124
low,sweep_prev_low_reclaim,0.0009988204066737193,0.0009988204066737193
vwap_reclaim_flag,funding_flip_signal,0.0009983503761226934,0.0009983503761226934
squeeze_power,log_return,0.0009979705014758174,0.0009979705014758174
close_btc,btc_volume_impulse_z,-0.0009959391927889941,0.0009959391927889941
minute_cos,crowded_long_unwind_risk,0.0009936836466010067,0.0009936836466010067
cvp_vah_val_width,sig_liquidity_trap,0.0009922217055981547,0.0009922217055981547
open,bb_width_pct_rank_288,0.0009910864729674603,0.0009910864729674603
close,bb_width_pct_rank_288,0.0009890746999464508,0.0009890746999464508
realized_vol_ratio,funding_oi_divergence,-0.0009869465636794057,0.0009869465636794057
hurst_48,ofi_acceleration,0.0009810493868665027,0.0009810493868665027
log_return,chop_index,0.0009798800995258845,0.0009798800995258845
funding_roc_48,oi_up_price_up,-0.0009793081167455133,0.0009793081167455133
whale_retail_ratio,kel,-0.0009746017923051518,0.0009746017923051518
minute_cos,crowding_pressure,-0.0009716346119296516,0.0009716346119296516
macd_hist,hurst_288,-0.0009699372410795919,0.0009699372410795919
high,btc_lead_eth_follow_gap_3,0.0009652987041363616,0.0009652987041363616
session_us,ofi_acceleration,0.0009629354728012122,0.0009629354728012122
atr_pct_rank_288,sig_volume_confirm,-0.000962078482339226,0.000962078482339226
cvd_slope_12,ou_halflife,-0.0009620236437607277,0.0009620236437607277
bb_width_z,cross_scale_curvature,0.0009613540026259477,0.0009613540026259477
sum_open_interest_value,evt_tail_flag,0.0009589062058769337,0.0009589062058769337
distance_to_day_high_low_pct,ou_halflife,0.0009548409786561527,0.0009548409786561527
bb_width,minute_sin,-0.0009545091641064237,0.0009545091641064237
sum_toptrader_long_short_ratio,btc_ret_6,-0.0009539958256861655,0.0009539958256861655
hour_sin,funding_oi_divergence,0.0009531050521815775,0.0009531050521815775
minute_sin,mean_reversion_z,0.0009525546460894138,0.0009525546460894138
quote_volume_btc,sig_liquidity_trap,-0.000952372760214134,0.000952372760214134
funding_roc_288,btc_ret_z_48,-0.0009501258607603254,0.0009501258607603254
cvp_vah_val_width,cvd_12,0.0009486008457099527,0.0009486008457099527
btc_corr_60,failed_breakout_down,-0.000945587618041774,0.000945587618041774
btc_corr_60,kalman_velocity,-0.0009454922680226285,0.0009454922680226285
chop_index,funding_abs,0.000944177542117628,0.000944177542117628
funding_roc_48,jump_flag,-0.000940972006225745,0.000940972006225745
log_return,realized_vol_ratio,0.0009386446948334184,0.0009386446948334184
wick_ratio,kel,-0.0009381860274180429,0.0009381860274180429
minute_cos,long_squeeze_risk,-0.0009327928536829584,0.0009327928536829584
mtf_trend_1h,chop_index,0.0009275945473362241,0.0009275945473362241
last_funding_rate,btc_impulse_x_eth_beta,0.0009259619377274958,0.0009259619377274958
open,cvd_slope_48,-0.0009228458127102764,0.0009228458127102764
is_hour_open,cvp_vah_val_width,-0.0009206385704736408,0.0009206385704736408
chop_index,breakout_strength,-0.0009146051624696704,0.0009146051624696704
mtf_trend_4h,cvp_regime,-0.0009138022933191588,0.0009138022933191588
minute_cos,funding_flip_signal,0.0009136668372928978,0.0009136668372928978
funding_roc_12,atr_pct_rank_288,0.000912451906587981,0.000912451906587981
ofti,atr_pct_rank_288,-0.0009119489337370767,0.0009119489337370767
low,bb_width_z,0.0009099789552270308,0.0009099789552270308
dual_momentum,btc_eth_volume_rank_spread,-0.0009093531872261549,0.0009093531872261549
eth_btc_ratio_change,svps,-0.0009083352771200604,0.0009083352771200604
regime_trending,btc_ret_z_48,-0.0009079267310845923,0.0009079267310845923
funding_abs,oi_up_price_up,0.000904723891423077,0.000904723891423077
crowded_short_squeeze_risk,ou_halflife,-0.0009044830744408315,0.0009044830744408315
funding_abs,cvd_slope_48,0.0009019437384784436,0.0009019437384784436
squeeze_power,range_contraction_breakout_dir,-0.0008996737094518572,0.0008996737094518572
funding_abs,btc_lead_eth_follow_gap_3,0.0008942580990394797,0.0008942580990394797
funding_roc_48,mta_funding,0.0008929088999274242,0.0008929088999274242
regime_trending,btc_ret_12,-0.0008900313750639644,0.0008900313750639644
hurst_288,upper_wick_z,-0.0008897355312601888,0.0008897355312601888
dual_momentum,ofi_acceleration,-0.0008881500422124821,0.0008881500422124821
last_funding_rate,btc_ret_z_48,0.0008837608370274799,0.0008837608370274799
dual_momentum,bb_width_pct_rank_288,-0.0008830792181701396,0.0008830792181701396
bb_width_z,minute_sin,-0.0008818863323706169,0.0008818863323706169
dual_momentum,vwap_reclaim_flag,0.0008802281593225609,0.0008802281593225609
close_btc,session_us,0.0008776053337648516,0.0008776053337648516
ofi_acceleration,ou_funding_z,-0.0008773152522675646,0.0008773152522675646
sum_open_interest_value,jump_z,-0.0008769535419814593,0.0008769535419814593
high,macd_hist,-0.0008750061290339932,0.0008750061290339932
minute_sin,volume_profile_signal,0.0008743125388296632,0.0008743125388296632
funding_z_score,ofi_acceleration,-0.0008741288443872667,0.0008741288443872667
close_btc,eth_btc_ret_spread_12,0.0008730849937437572,0.0008730849937437572
btc_corr_60,sweep_prev_low_reclaim,-0.000872228726731885,0.000872228726731885
cvd_slope_12,ou_funding_z,-0.0008721867164656541,0.0008721867164656541
low,failed_breakout_down,0.0008719396038535249,0.0008719396038535249
trade_intensity,funding_roc_288,0.0008718352293346898,0.0008718352293346898
hurst_288,oi_up_price_up,0.000869166577841837,0.000869166577841837
funding_z_score,cvd_slope_12,-0.0008679708463316488,0.0008679708463316488
high,upper_wick_z,0.0008677638897114236,0.0008677638897114236
turtle_signal,ou_halflife,-0.0008644186859504593,0.0008644186859504593
whale_conviction,funding_flip_signal,0.0008607516596966516,0.0008607516596966516
log_return,cvp_vah_val_width,0.0008572462907263949,0.0008572462907263949
funding_roc_12,lower_wick_z,-0.000855879499912589,0.000855879499912589
kalman_velocity,funding_flip_signal,-0.0008531575617107694,0.0008531575617107694
mtf_trend_1h,funding_flip_signal,-0.0008500227228768177,0.0008500227228768177
funding_roc_288,liquidity_vacuum,-0.0008482687652198653,0.0008482687652198653
volume,cvd_slope_12,-0.0008476967603876256,0.0008476967603876256
funding_roc_288,btc_ret_1,-0.0008467177453659352,0.0008467177453659352
minute_cos,mta_funding,0.000845624092187918,0.000845624092187918
parkinson_vol,funding_flip_signal,-0.0008438130604534012,0.0008438130604534012
bb_width,kalman_velocity,-0.0008434042006094494,0.0008434042006094494
low,garch_vol_z,0.0008399903464872049,0.0008399903464872049
sum_toptrader_long_short_ratio,btc_lead_eth_follow_gap_3,0.0008398388687654188,0.0008398388687654188
cvd_slope_48,regime_persistence,-0.0008389793759078631,0.0008389793759078631
close_btc,eth_btc_ret_spread_48,-0.000837352512247189,0.000837352512247189
minute_sin,btc_ret_1,0.0008369105379393919,0.0008369105379393919
long_squeeze_risk,compression_release_down,0.0008366886819089428,0.0008366886819089428
funding_roc_12,oi_up_price_up,-0.0008351709841480491,0.0008351709841480491
sum_toptrader_long_short_ratio,btc_impulse_x_eth_beta,0.0008338679310292288,0.0008338679310292288
svps,btc_lead_eth_follow_gap_3,-0.0008337453895726971,0.0008337453895726971
sum_open_interest_value,evt_excess_z,0.0008332355880415014,0.0008332355880415014
amihud_illiquidity_z,price_cvd_divergence,-0.0008320832364579892,0.0008320832364579892
whale_retail_ratio,execution_quality,0.0008302296755649697,0.0008302296755649697
fvg_dist,funding_flip_signal,0.0008298012339738615,0.0008298012339738615
hurst_288,lower_wick_z,0.0008283658285821954,0.0008283658285821954
realized_vol_ratio,cvd_12,-0.0008237643215085876,0.0008237643215085876
close_btc,eth_btc_beta_residual_z,0.0008191605447758457,0.0008191605447758457
low,btc_lead_eth_follow_gap_3,0.000812716394267205,0.000812716394267205
volatility_z,crowded_short_squeeze_risk,0.0008125572855770106,0.0008125572855770106
btc_ret_z_48,ou_funding_z,-0.0008114615245080144,0.0008114615245080144
close,btc_lead_eth_follow_gap_3,-0.0008105543745027228,0.0008105543745027228
open,lower_wick_z,0.0008087390905039455,0.0008087390905039455
rogers_satchell_vol,funding_flip_signal,-0.0008083849124094083,0.0008083849124094083
realized_vol_ratio,minute_cos,-0.0008060904131098705,0.0008060904131098705
range_contraction_breakout_dir,funding_flip_signal,-0.0008059280311408004,0.0008059280311408004
funding_roc_288,sig_liquidity_trap,0.0008049005433778319,0.0008049005433778319
cvd_slope_48,ou_halflife,-0.0008044759932412905,0.0008044759932412905
quote_volume,funding_roc_48,-0.000803390852280269,0.000803390852280269
funding_abs,vwap_reject_flag,-0.0008031918079629156,0.0008031918079629156
eth_btc_ratio_change,hour_sin,0.0008023421039918877,0.0008023421039918877
open,hour_cos,-0.0008010390932518836,0.0008010390932518836
funding_z_score,btc_ret_z_48,-0.000800106077768824,0.000800106077768824
btc_ret_1,garch_vol_z,0.0007999903493416148,0.0007999903493416148
kel,ou_halflife,-0.0007980901612691677,0.0007980901612691677
ofi_acceleration,vwap_dist_288,0.0007959168870631541,0.0007959168870631541
hurst_48,btc_lead_eth_follow_gap_3,-0.0007947102133400376,0.0007947102133400376
volatility_z,ofti,-0.0007920064660514199,0.0007920064660514199
funding_roc_12,btc_ret_1,-0.0007888345745998047,0.0007888345745998047
amihud_illiquidity_z,funding_roc_288,-0.0007887077023200951,0.0007887077023200951
volume_btc,sig_liquidity_trap,-0.0007878672550109065,0.0007878672550109065
close_btc,crowded_short_squeeze_risk,-0.0007877686815476799,0.0007877686815476799
cvp_regime,jump_z,-0.0007872856387330638,0.0007872856387330638
eth_btc_ratio_change,execution_quality,0.0007850739124106333,0.0007850739124106333
mta_funding,vwap_reclaim_flag,-0.0007850049597681401,0.0007850049597681401
sum_toptrader_long_short_ratio,btc_ret_3,0.0007835153364094591,0.0007835153364094591
regime_trending,ofi_acceleration,0.0007820161868562071,0.0007820161868562071
eth_btc_ratio_change,realized_skewness,-0.0007808371287733409,0.0007808371287733409
log_return,ofti,0.0007790432121093882,0.0007790432121093882
hour_cos,short_squeeze_risk,0.0007789267165836384,0.0007789267165836384
net_taker_ratio,hurst_48,0.0007716199551173974,0.0007716199551173974
parkinson_vol,kalman_velocity,-0.0007706480749339752,0.0007706480749339752
close,hour_cos,-0.0007693531355169214,0.0007693531355169214
long_squeeze_risk,vwap_reject_flag,-0.0007677403669879791,0.0007677403669879791
sum_open_interest_value,btc_lead_eth_follow_gap_3,-0.0007674426610791016,0.0007674426610791016
amihud_illiquidity_z,btc_corr_60,-0.0007650629254354638,0.0007650629254354638
btc_ret_3,oi_up_price_down,-0.0007646117844155897,0.0007646117844155897
mta_funding,ou_halflife,0.0007608457975005082,0.0007608457975005082
long_squeeze_risk,compression_release_up,0.0007566357923366727,0.0007566357923366727
close,taker_acceleration,-0.0007561002587660742,0.0007561002587660742
count_long_short_ratio,taker_acceleration,0.0007530302818910171,0.0007530302818910171
session_europe,cvp_cluster_position,0.0007515437687487161,0.0007515437687487161
close_btc,kel,0.00075036106261168,0.00075036106261168
minute_sin,ou_halflife,0.000750160745943752,0.000750160745943752
fvg_dist,mta_funding,0.0007494864866746375,0.0007494864866746375
vwap_dist_96,execution_quality,0.0007485152985644392,0.0007485152985644392
minute_sin,cvp_cluster_position,0.000747870129131686,0.000747870129131686
count_long_short_ratio,compression_release_down,-0.0007470003570869967,0.0007470003570869967
ofti,jump_z,0.0007460584617740914,0.0007460584617740914
btc_impulse_x_eth_beta,oi_up_price_down,-0.000744132170357156,0.000744132170357156
taker_acceleration,funding_pressure,-0.0007438723931150331,0.0007438723931150331
open,funding_oi_divergence,-0.0007398009143707457,0.0007398009143707457
count_long_short_ratio,ofi_acceleration,-0.0007394054961837155,0.0007394054961837155
hma_slope,btc_eth_volume_rank_spread,-0.000737561306460088,0.000737561306460088
amihud_illiquidity_z,funding_roc_12,0.0007364390668958756,0.0007364390668958756
garman_klass_vol,funding_flip_signal,-0.000735798389592307,0.000735798389592307
hurst_288,ofi_acceleration,0.0007288078636867491,0.0007288078636867491
last_funding_rate,btc_ret_12,-0.0007276865094035293,0.0007276865094035293
sum_open_interest_value,lower_wick_z,0.0007257227106128175,0.0007257227106128175
eth_btc_ret_spread_12,funding_flip_signal,-0.0007230968654044668,0.0007230968654044668
squeeze_power,btc_ret_6,0.0007230487009077604,0.0007230487009077604
last_funding_rate,oi_up_price_down,0.0007221391349308364,0.0007221391349308364
log_return,long_squeeze_risk,0.0007200475803598518,0.0007200475803598518
hour_cos,ou_halflife,-0.0007191303238164435,0.0007191303238164435
squeeze_power,btc_ret_1,0.0007160401336472088,0.0007160401336472088
count_long_short_ratio,realized_vol_ratio,-0.0007131577942601129,0.0007131577942601129
mta_funding,btc_ret_6,0.0007128754853690637,0.0007128754853690637
cvp_vah_val_width,cvd_slope_12,-0.000710839349030304,0.000710839349030304
whale_retail_ratio,sig_volume_confirm,-0.0007092163112451803,0.0007092163112451803
cvp_regime,btc_lead_eth_follow_gap_3,0.0006974477749858189,0.0006974477749858189
vwap_dist_288,ou_halflife,0.0006953353650193752,0.0006953353650193752
trades,funding_flip_signal,-0.0006952280875021268,0.0006952280875021268
sum_toptrader_long_short_ratio,bb_width_z,0.0006927263139927406,0.0006927263139927406
sum_toptrader_long_short_ratio,funding_flip_signal,-0.0006890452373164158,0.0006890452373164158
minute_cos,dual_momentum,0.0006857948093205314,0.0006857948093205314
funding_roc_48,compression_score,-0.0006849737231244298,0.0006849737231244298
chop_index,funding_oi_divergence,-0.0006840935722794432,0.0006840935722794432
btc_ret_z_48,jump_flag,-0.0006833681200986968,0.0006833681200986968
minute_cos,oi_up_price_down,-0.0006828933182813791,0.0006828933182813791
garman_klass_vol,sig_liquidity_trap,-0.0006814512163334746,0.0006814512163334746
funding_roc_12,failed_breakout_up,-0.0006788291786871478,0.0006788291786871478
chop_index,jump_z,0.0006771832606116427,0.0006771832606116427
minute_sin,fibonacci_level,-0.0006769643156458897,0.0006769643156458897
minute_cos,distance_to_day_high_low_pct,0.000675893445946524,0.000675893445946524
session_us,realized_skewness,0.0006745542512798332,0.0006745542512798332
squeeze_power,rogers_satchell_vol,-0.0006738549141406622,0.0006738549141406622
sum_toptrader_long_short_ratio,funding_roc_12,-0.0006725467204502205,0.0006725467204502205
low,macd_hist,-0.0006718483227048873,0.0006718483227048873
funding_price_divergence,hurst_48,0.0006716332191797545,0.0006716332191797545
failed_breakout_up,evt_excess_z,0.0006695849360509711,0.0006695849360509711
regime_trending,cross_scale_curvature,0.0006660276433153566,0.0006660276433153566
funding_flip_signal,oi_up_price_up,-0.0006658715567457446,0.0006658715567457446
minute_sin,crowded_short_squeeze_risk,-0.000664011450002257,0.000664011450002257
smart_money_flow,funding_flip_signal,-0.000661711667435569,0.000661711667435569
oi_change_rate,funding_flip_signal,-0.000661711667435569,0.000661711667435569
oi_up_price_up,ou_halflife,-0.0006590840612721826,0.0006590840612721826
session_europe,btc_breakout_eth_lag_dir,0.0006590513897423562,0.0006590513897423562
is_hour_open,cvd_slope_12,-0.0006578873081672504,0.0006578873081672504
realized_vol_ratio,minute_sin,-0.0006563429104727091,0.0006563429104727091
minute_cos,eth_btc_ret_spread_12,0.0006522850432945718,0.0006522850432945718
funding_roc_12,sweep_prev_high_reclaim,-0.0006512735056216444,0.0006512735056216444
funding_flip_signal,upper_wick_z,0.0006507401882044923,0.0006507401882044923
wick_ratio,btc_ret_12,0.0006457120131288116,0.0006457120131288116
count_long_short_ratio,eth_btc_ratio_change,-0.0006432245706011936,0.0006432245706011936
minute_sin,crowded_long_unwind_risk,0.0006417699101835234,0.0006417699101835234
last_funding_rate,sig_volume_confirm,-0.0006410500941238853,0.0006410500941238853
ofti,cvd_breakout_z,-0.0006387074000561634,0.0006387074000561634
funding_oi_divergence,execution_quality,0.0006295276714514379,0.0006295276714514379
eth_btc_ret_spread_48,oi_up_price_down,-0.0006268077071175018,0.0006268077071175018
chop_index,kalman_velocity,-0.000624820108273194,0.000624820108273194
failed_breakout_up,evt_tail_flag,0.0006246951722797083,0.0006246951722797083
bb_width_z,btc_ret_1,-0.0006244828064137799,0.0006244828064137799
cvp_regime,eth_btc_beta_residual_z,-0.0006226704999644507,0.0006226704999644507
close,btc_ret_z_48,-0.0006224033143676218,0.0006224033143676218
minute_sin,vwap_dist_288,-0.0006171415007729454,0.0006171415007729454
eth_btc_ratio_change,funding_abs,0.0006158258087416426,0.0006158258087416426
funding_z_score,sig_volume_confirm,0.0006156027398804544,0.0006156027398804544
is_hour_open,regime_persistence,0.0006139827282246847,0.0006139827282246847
cvp_vah_val_width,ofi_acceleration,-0.0006122290289288591,0.0006122290289288591
smart_money_flow,funding_roc_12,-0.0006120141016782433,0.0006120141016782433
oi_change_rate,funding_roc_12,-0.0006120141016782433,0.0006120141016782433
ofti,sig_liquidity_trap,0.0006107079695932868,0.0006107079695932868
ou_funding_z,sig_volume_confirm,0.0006100533450390237,0.0006100533450390237
sum_toptrader_long_short_ratio,sig_liquidity_trap,0.0006098613435652779,0.0006098613435652779
minute_cos,kalman_velocity,-0.0006077362215279921,0.0006077362215279921
cvp_vah_val_width,btc_ret_z_48,-0.0006066383150554365,0.0006066383150554365
wick_ratio,vwap_dist_24,-0.0006064452156869679,0.0006064452156869679
taker_acceleration,ou_halflife,-0.0006054497613420588,0.0006054497613420588
mta_funding,lower_wick_z,0.0006041833284890787,0.0006041833284890787
kel,lower_wick_z,-0.0006027702915920257,0.0006027702915920257
funding_abs,cvd_slope_12,-0.0006018324895673535,0.0006018324895673535
dual_momentum,kel,0.0006009157269814834,0.0006009157269814834
kel,jump_flag,0.0006002900308410789,0.0006002900308410789
funding_abs,vwap_reclaim_flag,0.0005981339860101192,0.0005981339860101192
quote_volume,mean_reversion_z,0.0005977724576983553,0.0005977724576983553
last_funding_rate,cvp_poc_dist,-0.000597529276364094,0.000597529276364094
minute_sin,btc_ret_z_48,-0.0005971826134745064,0.0005971826134745064
btc_volume_impulse_z,funding_flip_signal,0.0005956181015308075,0.0005956181015308075
rsi,wick_ratio,0.0005944005103772011,0.0005944005103772011
close_btc,bb_width_pct_rank_288,0.0005923493042127515,0.0005923493042127515
wick_ratio,btc_ret_6,0.0005833638113190931,0.0005833638113190931
minute_sin,cvp_regime,0.0005827347218617887,0.0005827347218617887
low,lower_wick_z,-0.0005818851023369746,0.0005818851023369746
minute_sin,cvp_vah_val_width,0.0005811048886328499,0.0005811048886328499
bb_width_z,funding_oi_divergence,0.0005809159417162137,0.0005809159417162137
hma_slope,minute_cos,-0.0005806475035559674,0.0005806475035559674
minute_cos,btc_ret_1,0.0005792514067839967,0.0005792514067839967
open,evt_excess_z,-0.0005787985383370683,0.0005787985383370683
funding_flip_signal,cross_scale_curvature,0.0005767720378442407,0.0005767720378442407
session_us,sig_volume_confirm,0.0005767117913378454,0.0005767117913378454
quote_volume,regime_persistence,-0.0005763765106162955,0.0005763765106162955
minute_sin,realized_skewness,0.0005721516872712384,0.0005721516872712384
open,volatility_z,0.0005709048454356979,0.0005709048454356979
bb_width_pct_rank_288,sig_volume_confirm,0.000570237977679715,0.000570237977679715
low,hour_cos,-0.0005699001233583311,0.0005699001233583311
close,volatility_z,0.0005669632216519969,0.0005669632216519969
compression_score,funding_flip_signal,-0.0005632562498951661,0.0005632562498951661
close_btc,compression_release_down,-0.0005604705532998815,0.0005604705532998815
open,jump_z,-0.0005593938117752921,0.0005593938117752921
macd_hist,cvp_vah_val_width,-0.00055653438167566,0.00055653438167566
minute_sin,svps,-0.0005549669712473256,0.0005549669712473256
eth_btc_ratio_change,ofti,0.0005521464190731078,0.0005521464190731078
session_europe,ofi_acceleration,0.0005508969848276404,0.0005508969848276404
smart_money_flow,funding_roc_288,0.0005452966337532643,0.0005452966337532643
oi_change_rate,funding_roc_288,0.0005452966337532643,0.0005452966337532643
bb_width_z,dual_momentum,0.0005450164249017902,0.0005450164249017902
short_squeeze_risk,btc_ret_1,-0.0005441882732925812,0.0005441882732925812
cvp_regime,ofi_acceleration,-0.0005428721985446419,0.0005428721985446419
funding_flip_signal,failed_breakout_up,0.0005421184718598872,0.0005421184718598872
whale_retail_ratio,vwap_reject_flag,-0.0005390483082313075,0.0005390483082313075
cvp_regime,price_cvd_divergence,-0.0005371331212166569,0.0005371331212166569
close_btc,btc_ret_z_48,-0.0005338566062483437,0.0005338566062483437
mta_funding,oi_up_price_up,0.000529727036359181,0.000529727036359181
is_hour_open,eth_btc_ret_spread_12,0.0005287333849373599,0.0005287333849373599
high,hour_sin,0.0005285821332755395,0.0005285821332755395
last_funding_rate,funding_oi_divergence,-0.0005277478569785295,0.0005277478569785295
is_hour_open,dual_momentum,0.0005260737854842693,0.0005260737854842693
ofi_acceleration,svps,-0.0005182022821142253,0.0005182022821142253
wick_ratio,crowding_pressure,-0.000517325527632924,0.000517325527632924
last_funding_rate,jump_z,0.0005104037238614532,0.0005104037238614532
upper_wick_z,ou_halflife,-0.0005085074610331262,0.0005085074610331262
vwap_dist_288,oi_up_price_down,-0.0005033177467832591,0.0005033177467832591
mtf_trend_4h,amihud_illiquidity_z,0.0004981145335166691,0.0004981145335166691
btc_breakout_eth_lag_dir,ou_halflife,0.0004955352888319907,0.0004955352888319907
wick_ratio,cvp_poc_dist,0.0004941909035719415,0.0004941909035719415
funding_flip_signal,sweep_prev_high_reclaim,0.0004933527856995975,0.0004933527856995975
low,bb_width_pct_rank_288,-0.0004903372588862799,0.0004903372588862799
is_hour_open,sig_volume_confirm,0.0004894050666091989,0.0004894050666091989
minute_cos,cvd_slope_12,0.00048755596854154496,0.00048755596854154496
cvp_regime,sweep_prev_high_reclaim,-0.0004866731830276314,0.0004866731830276314
close,eth_btc_ratio_change,0.000485060859004062,0.000485060859004062
is_hour_open,funding_z_score,0.00048458689908180484,0.00048458689908180484
quote_volume,vwap_dist_288,0.00048456275840506397,0.00048456275840506397
hurst_48,cvd_12,0.0004840348991750487,0.0004840348991750487
funding_roc_288,oi_up_price_up,0.00048342343624048896,0.00048342343624048896
btc_ret_12,eth_btc_beta_residual_z,0.0004813371411447718,0.0004813371411447718
is_hour_open,ou_funding_z,0.0004806309283337954,0.0004806309283337954
funding_abs,regime_persistence,0.00047679212335443184,0.00047679212335443184
squeeze_power,sig_volume_confirm,-0.00047291564404174097,0.00047291564404174097
funding_roc_12,btc_volume_impulse_z,0.00047241273944362283,0.00047241273944362283
dual_momentum,btc_ret_z_48,0.0004712262123490305,0.0004712262123490305
last_funding_rate,bb_width_pct_rank_288,-0.0004650116655742246,0.0004650116655742246
funding_roc_288,vwap_reject_flag,0.0004649891361437803,0.0004649891361437803
eth_btc_ratio_change,regime_trending,0.0004638454040573804,0.0004638454040573804
open,btc_ret_1,-0.00046179223604602814,0.00046179223604602814
range_contraction_breakout_dir,ou_halflife,-0.0004608635163863299,0.0004608635163863299
funding_roc_12,btc_ret_6,-0.00045917146581926085,0.00045917146581926085
regime_trending,eth_btc_beta_residual_z,-0.00045606756782396064,0.00045606756782396064
volume_profile_signal,vwap_reclaim_flag,0.0004552803618720715,0.0004552803618720715
bb_width,sig_volume_confirm,0.0004538275935221491,0.0004538275935221491
minute_cos,cvd_breakout_z,0.0004522506420839767,0.0004522506420839767
funding_flip_signal,evt_tail_flag,0.0004508070866875143,0.0004508070866875143
count_long_short_ratio,amihud_illiquidity_z,-0.00044979539687235503,0.00044979539687235503
whale_conviction,long_squeeze_risk,0.0004428787405457843,0.0004428787405457843
amihud_illiquidity_z,cvd_288,-0.0004424657269273635,0.0004424657269273635
ofi_acceleration,ou_halflife,-0.00043754197275825573,0.00043754197275825573
cvp_regime,failed_breakout_up,-0.0004362172228828979,0.0004362172228828979
wick_ratio,funding_roc_48,-0.0004355062429966519,0.0004355062429966519
cvp_regime,btc_ret_z_48,-0.00043105852124548477,0.00043105852124548477
hurst_288,btc_breakout_eth_lag_dir,0.0004272199302161845,0.0004272199302161845
open,evt_tail_flag,-0.0004259282321716471,0.0004259282321716471
net_taker_ratio,hurst_288,0.0004227639614815731,0.0004227639614815731
funding_roc_48,lower_wick_z,0.0004216727096950189,0.0004216727096950189
price_cvd_divergence,execution_quality,0.0004208899415709051,0.0004208899415709051
hma_slope,cvp_regime,-0.00041949157103360866,0.00041949157103360866
open,upper_wick_z,-0.00041884830289352427,0.00041884830289352427
close,evt_excess_z,-0.00041677446684357364,0.00041677446684357364
funding_abs,sig_volume_confirm,-0.0004166201934196617,0.0004166201934196617
session_us,btc_ret_z_48,0.00041642820280172305,0.00041642820280172305
funding_flip_signal,evt_excess_z,0.0004120651162410373,0.0004120651162410373
dual_momentum,funding_flip_signal,-0.0004111497829230315,0.0004111497829230315
hour_cos,sig_liquidity_trap,-0.00040963295051849567,0.00040963295051849567
dual_momentum,lower_wick_z,-0.00040796382208134696,0.00040796382208134696
close_btc,hurst_48,0.00040784773840285495,0.00040784773840285495
hour_cos,oi_up_price_up,-0.0004071199321310688,0.0004071199321310688
cvp_vah_val_width,lower_wick_z,0.0004053513146586607,0.0004053513146586607
funding_flip_signal,liquidity_vacuum,-0.0004050045773853115,0.0004050045773853115
sum_toptrader_long_short_ratio,kalman_velocity,-0.00040486877922711015,0.00040486877922711015
minute_sin,turtle_signal,0.0004031069473644655,0.0004031069473644655
hurst_288,sig_liquidity_trap,-0.0004013167934677012,0.0004013167934677012
cvp_regime,cvd_slope_48,0.00040011737736492345,0.00040011737736492345
taker_acceleration,dual_momentum,-0.00039883833688225326,0.00039883833688225326
minute_cos,cvd_12,0.0003975485590523312,0.0003975485590523312
quote_volume,anchored_vwap_session_dist,-0.0003968938119365035,0.0003968938119365035
squeeze_power,is_hour_open,0.0003963231219215539,0.0003963231219215539
realized_vol_ratio,is_hour_open,-0.00039435299539042156,0.00039435299539042156
oi_change_rate,minute_cos,0.0003942011618248715,0.0003942011618248715
smart_money_flow,minute_cos,0.0003942011618248715,0.0003942011618248715
btc_corr_60,funding_oi_divergence,0.0003925452849314943,0.0003925452849314943
chop_index,crowding_pressure,0.00039210999500300015,0.00039210999500300015
last_funding_rate,vwap_reject_flag,-0.00039163777545475945,0.00039163777545475945
close,ofi_acceleration,-0.00038905508560499924,0.00038905508560499924
eth_btc_ratio_change,kel,-0.0003876079158662624,0.0003876079158662624
is_hour_open,svps,-0.0003857795217745137,0.0003857795217745137
funding_roc_48,ofi_acceleration,0.00038146869601117034,0.00038146869601117034
wick_ratio,price_cvd_divergence,0.0003800728874667113,0.0003800728874667113
kel,funding_flip_signal,0.00037760378752040605,0.00037760378752040605
ofti,vwap_reclaim_flag,-0.0003773522867693681,0.0003773522867693681
cvp_vah_val_width,distance_to_day_high_low_pct,-0.0003729430900715107,0.0003729430900715107
close,cvd_slope_48,0.0003719006493470041,0.0003719006493470041
sum_toptrader_long_short_ratio,eth_btc_ratio_change,-0.00037178618809372406,0.00037178618809372406
whale_retail_ratio,taker_acceleration,0.0003708494322378074,0.0003708494322378074
minute_sin,funding_z_score,-0.00036875404781730155,0.00036875404781730155
ofti,funding_oi_divergence,0.0003679098454180424,0.0003679098454180424
btc_corr_60,minute_cos,0.00036709163347942663,0.00036709163347942663
hurst_48,btc_ret_z_48,0.0003645357684277443,0.0003645357684277443
cvp_vah_val_width,ofti,0.00036058005784882414,0.00036058005784882414
minute_cos,vwap_dist_96,-0.00036053080526400323,0.00036053080526400323
kel,bb_width_pct_rank_288,-0.0003599963393706248,0.0003599963393706248
squeeze_power,btc_ret_z_48,-0.0003598115240862581,0.0003598115240862581
minute_cos,funding_price_divergence,-0.000358335957071027,0.000358335957071027
low,session_us,0.00034845607796706295,0.00034845607796706295
eth_btc_ratio_change,funding_pressure,0.0003483054697984071,0.0003483054697984071
funding_abs,price_cvd_divergence,-0.00034762192044390485,0.00034762192044390485
regime_trending,kel,0.0003471449299182508,0.0003471449299182508
is_hour_open,realized_skewness,0.0003468017550155536,0.0003468017550155536
is_hour_open,vwap_dist_96,-0.0003448986524497435,0.0003448986524497435
sum_open_interest_value,amihud_illiquidity_z,0.0003446503661870549,0.0003446503661870549
mta_funding,cross_scale_curvature,-0.0003443290199538307,0.0003443290199538307
count_long_short_ratio,minute_sin,-0.0003439480342773786,0.0003439480342773786
hma_slope,parkinson_vol,0.0003438620811658073,0.0003438620811658073
close,btc_volume_impulse_z,-0.00034249852084157945,0.00034249852084157945
realized_vol_ratio,kel,-0.0003419528984312278,0.0003419528984312278
minute_sin,ou_funding_z,-0.0003418954523973597,0.0003418954523973597
close_btc,cvd_slope_12,-0.00034042881185610365,0.00034042881185610365
hurst_48,btc_ret_12,-0.0003400965039982234,0.0003400965039982234
bb_width,wick_ratio,-0.0003393365267882693,0.0003393365267882693
cvp_regime,cross_scale_curvature,0.00033881702584567206,0.00033881702584567206
minute_sin,regime_persistence,-0.0003308508764513235,0.0003308508764513235
session_europe,cvd_slope_12,-0.0003265620083333449,0.0003265620083333449
wick_ratio,distance_to_day_high_low_pct,0.00032481257806709355,0.00032481257806709355
minute_cos,anchored_vwap_session_dist,0.00032466213798931277,0.00032466213798931277
whale_retail_ratio,btc_lead_eth_follow_gap_3,-0.0003233983896435005,0.0003233983896435005
hour_sin,sig_trend_health,-0.0003222787627280193,0.0003222787627280193
cvp_cluster_position,mta_funding,-0.0003221999948491142,0.0003221999948491142
is_hour_open,funding_abs,0.0003197940116670088,0.0003197940116670088
hour_sin,cvp_regime,-0.000318554973346934,0.000318554973346934
minute_cos,price_cvd_divergence,-0.00031723915093094106,0.00031723915093094106
ofi_acceleration,eth_btc_ret_spread_48,-0.0003162398516552839,0.0003162398516552839
log_return,minute_sin,-0.0003150145715539923,0.0003150145715539923
sum_toptrader_long_short_ratio,mtf_trend_1h,-0.00031323729773190435,0.00031323729773190435
quote_volume_btc,funding_flip_signal,-0.00030905935526496386,0.00030905935526496386
funding_abs,sig_liquidity_trap,-0.0003090251193752042,0.0003090251193752042
rsi,regime_trending,0.00030712259645542694,0.00030712259645542694
hurst_48,funding_oi_divergence,0.0003053241486676726,0.0003053241486676726
eth_btc_ret_spread_48,execution_quality,0.0003042852311729307,0.0003042852311729307
close_btc,sig_liquidity_trap,0.00030361207296565596,0.00030361207296565596
rsi,cvp_regime,0.000299622241665371,0.000299622241665371
volume_btc,funding_roc_12,0.0002986943005320076,0.0002986943005320076
quote_volume_btc,dual_momentum,-0.0002984242402078191,0.0002984242402078191
mta_funding,jump_z,0.0002983315889443709,0.0002983315889443709
short_squeeze_risk,vwap_reclaim_flag,0.00029738623068271524,0.00029738623068271524
ofti,compression_release_down,-0.0002968401833021417,0.0002968401833021417
net_taker_ratio,cvp_vah_val_width,-0.0002947556364755067,0.0002947556364755067
funding_abs,upper_wick_z,-0.0002943999905011791,0.0002943999905011791
chop_index,cvd_slope_48,0.00029257689909828764,0.00029257689909828764
whale_retail_ratio,minute_sin,0.0002904966292787593,0.0002904966292787593
hurst_48,eth_btc_ret_spread_12,-0.00028722824617324183,0.00028722824617324183
smart_money_flow,atr_pct_rank_288,0.00028679286080319485,0.00028679286080319485
oi_change_rate,atr_pct_rank_288,0.00028679286080319485,0.00028679286080319485
minute_sin,cvd_slope_48,-0.00028618197298558705,0.00028618197298558705
is_hour_open,funding_price_divergence,-0.00028501435980618023,0.00028501435980618023
funding_roc_288,ofi_acceleration,-0.0002827938525622642,0.0002827938525622642
minute_cos,cvd_48,0.0002816973931412299,0.0002816973931412299
funding_flip_signal,ou_halflife,0.0002813913203912199,0.0002813913203912199
volume_btc,oi_up_price_down,0.0002809247080313333,0.0002809247080313333
hma_slope,is_hour_open,-0.0002785511320358222,0.0002785511320358222
minute_sin,cvd_12,-0.00027800733818269017,0.00027800733818269017
close_btc,taker_acceleration,-0.00027423365867076667,0.00027423365867076667
open,btc_volume_impulse_z,-0.0002719711747160167,0.0002719711747160167
funding_roc_48,liquidity_vacuum,0.00027153982393405575,0.00027153982393405575
squeeze_power,jump_z,0.00027136701875670025,0.00027136701875670025
last_funding_rate,is_hour_open,0.0002701289738850615,0.0002701289738850615
is_hour_open,cvd_48,0.0002689076331476283,0.0002689076331476283
btc_breakout_eth_lag_dir,funding_flip_signal,-0.0002676657916069842,0.0002676657916069842
close,evt_tail_flag,-0.00026758015836362604,0.00026758015836362604
open,log_return,0.0002658953539307006,0.0002658953539307006
minute_cos,cvp_volume_imbalance,-0.00026550691789978975,0.00026550691789978975
minute_cos,cvd_288,0.0002654678591188702,0.0002654678591188702
mta_funding,funding_oi_divergence,0.00026489606676339834,0.00026489606676339834
close_btc,hour_cos,-0.0002644159534277286,0.0002644159534277286
wick_ratio,breakout_strength,0.0002623357540024299,0.0002623357540024299
is_hour_open,kalman_velocity,-0.00026216450182225915,0.00026216450182225915
btc_ret_1,eth_btc_beta_residual_z,-0.00026157442543525206,0.00026157442543525206
squeeze_power,funding_oi_divergence,-0.00026132942323994784,0.00026132942323994784
last_funding_rate,amihud_illiquidity_z,-0.0002601185953396443,0.0002601185953396443
ofti,compression_release_up,-0.0002595494200736,0.0002595494200736
cvp_regime,kalman_velocity,0.0002592446037679873,0.0002592446037679873
btc_volume_impulse_z,ou_halflife,0.0002591456535966428,0.0002591456535966428
hma_slope,rogers_satchell_vol,-0.00025776347030955464,0.00025776347030955464
funding_oi_divergence,ou_halflife,0.00025557293250190504,0.00025557293250190504
funding_roc_48,ofti,0.00025549832383805864,0.00025549832383805864
funding_roc_288,cvd_slope_12,-0.00025190462510014337,0.00025190462510014337
low,cross_scale_curvature,0.0002502111087437196,0.0002502111087437196
chop_index,funding_flip_signal,-0.0002499322087137917,0.0002499322087137917
kel,upper_wick_z,0.0002474596413301222,0.0002474596413301222
squeeze_power,btc_ret_12,0.00024533049451540083,0.00024533049451540083
hurst_48,jump_z,-0.00024518483567175745,0.00024518483567175745
wick_ratio,funding_abs,-0.00024492697654822945,0.00024492697654822945
funding_roc_12,vwap_reclaim_flag,-0.00024408782677563497,0.00024408782677563497
high,cross_scale_curvature,0.0002394793908953239,0.0002394793908953239
taker_acceleration,cvp_regime,0.00023767324774648106,0.00023767324774648106
trades,cvd_slope_12,0.00023664551282515241,0.00023664551282515241
vwap_dist_24,funding_flip_signal,0.00023262419528064025,0.00023262419528064025
squeeze_power,vwap_reject_flag,-0.00023201447684611544,0.00023201447684611544
wick_ratio,funding_z_score,0.00023194945482457325,0.00023194945482457325
funding_roc_288,execution_quality,-0.00023185023717209587,0.00023185023717209587
btc_ret_z_48,ou_halflife,0.0002316919283320218,0.0002316919283320218
minute_cos,funding_z_score,0.00023012634709006848,0.00023012634709006848
sum_open_interest_value,log_return,-0.00022408351971758535,0.00022408351971758535
cvp_regime,range_contraction_breakout_dir,0.00022315683826805083,0.00022315683826805083
is_hour_open,cvd_288,0.00022205846127631556,0.00022205846127631556
wick_ratio,ou_funding_z,0.0002219710730121107,0.0002219710730121107
high,is_hour_open,0.00022123178778703958,0.00022123178778703958
btc_corr_60,is_hour_open,0.0002204466636186023,0.0002204466636186023
rsi,hurst_48,0.00021968587446250196,0.00021968587446250196
sum_open_interest_value,funding_flip_signal,-0.0002193876416022242,0.0002193876416022242
taker_acceleration,funding_roc_48,0.00021806717581015903,0.00021806717581015903
session_europe,crowding_pressure,-0.00021800436573378407,0.00021800436573378407
low,is_hour_open,-0.00021789470305902254,0.00021789470305902254
minute_sin,eth_btc_ret_spread_48,0.0002114253135752733,0.0002114253135752733
whale_retail_ratio,is_hour_open,-0.00021017233729182084,0.00021017233729182084
close_btc,session_europe,-0.00020936195414800063,0.00020936195414800063
count_long_short_ratio,is_hour_open,0.00020933685679643433,0.00020933685679643433
minute_cos,ou_funding_z,0.00020916408563214451,0.00020916408563214451
count_long_short_ratio,minute_cos,0.00020854908484170168,0.00020854908484170168
btc_ret_1,ou_halflife,0.00020787331341082208,0.00020787331341082208
is_hour_open,btc_ret_12,-0.0002067806783979753,0.0002067806783979753
funding_roc_48,btc_breakout_eth_lag_dir,-0.0002066023889345986,0.0002066023889345986
sum_open_interest_value,hour_sin,-0.00020648673870458977,0.00020648673870458977
minute_cos,volume_profile_signal,0.000205608611741503,0.000205608611741503
cvp_vah_val_width,cross_scale_curvature,-0.00020291734007039794,0.00020291734007039794
btc_corr_60,minute_sin,-0.00020110602826860729,0.00020110602826860729
btc_lead_eth_follow_gap_3,funding_flip_signal,-0.0001987960281160602,0.0001987960281160602
is_hour_open,cvd_breakout_z,0.00019818252238305902,0.00019818252238305902
minute_cos,turtle_signal,-0.0001976096668787327,0.0001976096668787327
minute_cos,breakout_strength,0.00019739745926137763,0.00019739745926137763
wick_ratio,chop_index,-0.00019657076252951238,0.00019657076252951238
eth_btc_ratio_change,cvp_regime,0.0001963608707316602,0.0001963608707316602
funding_pressure,cross_scale_curvature,-0.0001957660698192811,0.0001957660698192811
close,macd_hist,-0.0001937568449186759,0.0001937568449186759
whale_retail_ratio,bb_width_z,0.00019367961280046994,0.00019367961280046994
ofti,eth_btc_beta_residual_z,0.0001917819735239579,0.0001917819735239579
minute_cos,upper_wick_z,-0.00019107825978223003,0.00019107825978223003
close_btc,garch_vol_z,-0.00019039812713142254,0.00019039812713142254
whale_retail_ratio,minute_cos,-0.00018986916897975186,0.00018986916897975186
is_hour_open,range_contraction_breakout_dir,0.00018949787733000062,0.00018949787733000062
log_return,short_squeeze_risk,0.00018949665236483345,0.00018949665236483345
whale_retail_ratio,eth_btc_ratio_change,-0.00018885470464460413,0.00018885470464460413
is_hour_open,cvp_volume_imbalance,-0.0001876946649077107,0.0001876946649077107
mta_funding,range_contraction_breakout_dir,-0.00018562248722605934,0.00018562248722605934
hour_cos,mta_funding,-0.00018547709954404851,0.00018547709954404851
sum_open_interest_value,kel,-0.0001852323355118156,0.0001852323355118156
minute_cos,fibonacci_level,0.00018470803264481004,0.00018470803264481004
funding_roc_12,upper_wick_z,-0.00018281178552912152,0.00018281178552912152
minute_cos,cvp_poc_dist,-0.00018185481652271848,0.00018185481652271848
taker_acceleration,funding_roc_288,-0.0001809000016607958,0.0001809000016607958
minute_sin,cvd_breakout_z,0.000175689392136587,0.000175689392136587
taker_acceleration,funding_abs,0.00017311533369527703,0.00017311533369527703
close,upper_wick_z,0.00017269536407506616,0.00017269536407506616
mtf_trend_1h,cvp_regime,-0.00017236709055184576,0.00017236709055184576
is_hour_open,eth_btc_ret_spread_48,0.00017179344426916028,0.00017179344426916028
taker_buy_base,funding_price_divergence,0.00017041989230478686,0.00017041989230478686
taker_buy_base,kalman_velocity,0.00016935866298308015,0.00016935866298308015
sum_open_interest_value,failed_breakout_down,-0.00016609333935159123,0.00016609333935159123
btc_corr_60,jump_z,0.00016587237000543182,0.00016587237000543182
close_btc,hour_sin,-0.00016405641253311183,0.00016405641253311183
squeeze_power,minute_cos,0.00016201464897838873,0.00016201464897838873
whale_retail_ratio,realized_skewness,0.00016153499312851006,0.00016153499312851006
sweep_prev_high_reclaim,ou_halflife,0.0001610271655885438,0.0001610271655885438
low,minute_sin,-0.0001609140068574267,0.0001609140068574267
range_contraction_breakout_dir,jump_flag,0.00015867666712339422,0.00015867666712339422
oi_up_price_down,ou_halflife,-0.00015409542033866468,0.00015409542033866468
cvp_vah_val_width,funding_price_divergence,0.00015397783696639172,0.00015397783696639172
funding_roc_48,upper_wick_z,0.00015378844762912203,0.00015378844762912203
minute_cos,funding_abs,0.00015363926901689943,0.00015363926901689943
minute_cos,eth_btc_ret_spread_48,0.00015333540140764803,0.00015333540140764803
last_funding_rate,btc_ret_6,0.0001518377783035599,0.0001518377783035599
sum_open_interest_value,sweep_prev_low_reclaim,-0.00015169396146764256,0.00015169396146764256
eth_btc_ratio_change,sweep_prev_high_reclaim,-0.0001515185023416913,0.0001515185023416913
open,taker_buy_base,0.00015088432146709863,0.00015088432146709863
is_hour_open,anchored_vwap_session_dist,0.00015011200603100533,0.00015011200603100533
bb_width_z,funding_roc_288,0.00014928317297704203,0.00014928317297704203
volume_btc,ou_funding_z,0.00014846699938225418,0.00014846699938225418
close_btc,ofi_acceleration,0.00014753444759348008,0.00014753444759348008
trade_intensity,kel,0.00014707344492247653,0.00014707344492247653
vwap_reclaim_flag,sig_volume_confirm,0.00014595681388980991,0.00014595681388980991
big_trade_ratio,funding_roc_12,0.00014508398696118374,0.00014508398696118374
cvd_288,execution_quality,0.00014358590633638604,0.00014358590633638604
close,lower_wick_z,0.00014281767892827498,0.00014281767892827498
ofti,upper_wick_z,-0.00014239356985169867,0.00014239356985169867
btc_breakout_eth_lag_dir,sig_liquidity_trap,0.0001395833415071795,0.0001395833415071795
minute_cos,svps,-0.00013630273644462337,0.00013630273644462337
taker_buy_quote,mtf_trend_4h,0.0001354910330599409,0.0001354910330599409
sum_toptrader_long_short_ratio,regime_persistence,-0.0001342615982574738,0.0001342615982574738
regime_trending,sig_trend_health,-0.00013350212252246935,0.00013350212252246935
volume_btc,funding_z_score,0.00013304928495804907,0.00013304928495804907
volume_btc,funding_flip_signal,-0.0001329139742603142,0.0001329139742603142
kel,btc_ret_1,-0.0001323677915254246,0.0001323677915254246
btc_ret_z_48,btc_volume_impulse_z,0.00013202110545638236,0.00013202110545638236
ou_halflife,sig_liquidity_trap,-0.0001317536803095043,0.0001317536803095043
long_squeeze_risk,btc_ret_z_48,-0.00012897247081276343,0.00012897247081276343
minute_sin,hurst_288,-0.0001271753690294593,0.0001271753690294593
cvp_vah_val_width,btc_breakout_eth_lag_dir,0.00012615493861147442,0.00012615493861147442
jump_flag,crowding_pressure,-0.00012608829988588143,0.00012608829988588143
fvg_dist,minute_sin,0.00012566983937332648,0.00012566983937332648
high,cvd_slope_48,-0.00012545456009261952,0.00012545456009261952
last_funding_rate,minute_cos,0.0001249055611375318,0.0001249055611375318
smart_money_flow,mta_funding,0.00012371995532479562,0.00012371995532479562
oi_change_rate,mta_funding,0.00012371995532479562,0.00012371995532479562
funding_roc_12,liquidity_vacuum,0.00012327820494332392,0.00012327820494332392
oi_change_rate,evt_excess_z,-0.00012227369149649036,0.00012227369149649036
smart_money_flow,evt_excess_z,-0.00012227369149649036,0.00012227369149649036
chop_index,cross_scale_curvature,0.00012132468104316394,0.00012132468104316394
is_hour_open,cvp_poc_dist,-0.00011855512880016314,0.00011855512880016314
minute_cos,mean_reversion_z,-0.00011597774675629067,0.00011597774675629067
high,minute_sin,0.00011516434706530825,0.00011516434706530825
close_btc,smart_money_flow,-0.00011253862819227027,0.00011253862819227027
close_btc,oi_change_rate,-0.00011253862819227027,0.00011253862819227027
sum_open_interest_value,funding_oi_divergence,-0.00011247388737893768,0.00011247388737893768
close_btc,lower_wick_z,-0.00011198865054509278,0.00011198865054509278
smart_money_flow,is_hour_open,-0.00011083018949847143,0.00011083018949847143
oi_change_rate,is_hour_open,-0.00011083018949847143,0.00011083018949847143
atr_pct_rank_288,upper_wick_z,-0.00011008079943241452,0.00011008079943241452
is_hour_open,price_cvd_divergence,-0.00010696308499125387,0.00010696308499125387
session_europe,funding_roc_288,0.00010579535715708961,0.00010579535715708961
failed_breakout_up,ou_halflife,0.00010347899014931902,0.00010347899014931902
mta_funding,btc_impulse_x_eth_beta,-0.00010317634799998037,0.00010317634799998037
minute_sin,dual_momentum,-0.00010047334867494167,0.00010047334867494167
is_hour_open,sig_liquidity_trap,0.00010026451016200985,0.00010026451016200985
is_hour_open,vwap_dist_288,-0.00010010882090191877,0.00010010882090191877
ofti,btc_eth_volume_rank_spread,-9.854744625649708e-05,9.854744625649708e-05
wick_ratio,vwap_dist_96,9.853372325097395e-05,9.853372325097395e-05
close_btc,upper_wick_z,9.824477002668058e-05,9.824477002668058e-05
is_hour_open,cvd_12,-9.708938245129624e-05,9.708938245129624e-05
wick_ratio,btc_breakout_eth_lag_dir,-9.67860734717697e-05,9.67860734717697e-05
macd_hist,minute_cos,9.615666927481252e-05,9.615666927481252e-05
is_hour_open,cvp_cluster_position,-9.382474731866313e-05,9.382474731866313e-05
failed_breakout_down,ou_halflife,-9.272892162700683e-05,9.272892162700683e-05
log_return,hurst_48,-9.106807878445912e-05,9.106807878445912e-05
is_hour_open,volume_profile_signal,-9.020373829589086e-05,9.020373829589086e-05
sweep_prev_low_reclaim,ou_halflife,-8.97866400850878e-05,8.97866400850878e-05
macd_hist,is_hour_open,8.921185317312888e-05,8.921185317312888e-05
hour_cos,kel,-8.864464846549819e-05,8.864464846549819e-05
sum_toptrader_long_short_ratio,minute_sin,-8.814877776871948e-05,8.814877776871948e-05
oi_change_rate,evt_tail_flag,-8.787665743593674e-05,8.787665743593674e-05
smart_money_flow,evt_tail_flag,-8.787665743593674e-05,8.787665743593674e-05
eth_btc_ratio_change,failed_breakout_up,-8.74365718308406e-05,8.74365718308406e-05
minute_cos,vwap_dist_288,-8.734714105909354e-05,8.734714105909354e-05
minute_cos,realized_skewness,-8.635629035143565e-05,8.635629035143565e-05
garch_vol_z,sig_volume_confirm,-8.547793451440657e-05,8.547793451440657e-05
count_long_short_ratio,btc_breakout_eth_lag_dir,8.454655154065015e-05,8.454655154065015e-05
long_squeeze_risk,jump_z,-8.13934481326688e-05,8.13934481326688e-05
is_hour_open,mean_reversion_z,7.904593099436628e-05,7.904593099436628e-05
mta_funding,btc_ret_3,-7.76119541119327e-05,7.76119541119327e-05
jump_z,execution_quality,-7.487283525688179e-05,7.487283525688179e-05
oi_up_price_down,ou_funding_z,7.400137508233528e-05,7.400137508233528e-05
sum_toptrader_long_short_ratio,btc_ret_1,7.07083011883301e-05,7.07083011883301e-05
minute_cos,btc_ret_12,6.723984267527529e-05,6.723984267527529e-05
quote_volume_btc,funding_z_score,-6.704008711347173e-05,6.704008711347173e-05
sum_toptrader_long_short_ratio,minute_cos,-6.545078400925107e-05,6.545078400925107e-05
minute_sin,cvd_288,-6.52929498347021e-05,6.52929498347021e-05
funding_abs,funding_flip_signal,-6.483456770732117e-05,6.483456770732117e-05
range_contraction_breakout_dir,execution_quality,6.403025244175025e-05,6.403025244175025e-05
funding_z_score,oi_up_price_down,6.396461927833667e-05,6.396461927833667e-05
hour_sin,funding_roc_288,-6.254368577887355e-05,6.254368577887355e-05
big_trade_ratio,ou_halflife,-6.101562262848071e-05,6.101562262848071e-05
hour_cos,btc_ret_z_48,5.8758695726647106e-05,5.8758695726647106e-05
low,funding_flip_signal,5.822053347837456e-05,5.822053347837456e-05
sum_toptrader_long_short_ratio,is_hour_open,-5.7929583109553366e-05,5.7929583109553366e-05
ofi_acceleration,funding_abs,-5.6927623939206134e-05,5.6927623939206134e-05
low,cvd_slope_48,-5.512500211223108e-05,5.512500211223108e-05
sum_open_interest_value,minute_cos,5.404532569818419e-05,5.404532569818419e-05
is_hour_open,funding_roc_288,5.3767136957767686e-05,5.3767136957767686e-05
mta_funding,btc_ret_1,-5.375377864766789e-05,5.375377864766789e-05
is_hour_open,hurst_288,-5.316215974187136e-05,5.316215974187136e-05
macd_hist,wick_ratio,-5.265013365747917e-05,5.265013365747917e-05
sig_liquidity_trap,execution_quality,5.218707898572909e-05,5.218707898572909e-05
minute_cos,funding_pressure,5.1927232236624706e-05,5.1927232236624706e-05
sum_open_interest_value,upper_wick_z,-5.1193950656083736e-05,5.1193950656083736e-05
hour_sin,funding_pressure,5.086959374254563e-05,5.086959374254563e-05
bb_width,cvd_12,4.988195026500051e-05,4.988195026500051e-05
hma_slope,garman_klass_vol,-4.8779494110765075e-05,4.8779494110765075e-05
sum_open_interest_value,is_hour_open,4.5246304531654634e-05,4.5246304531654634e-05
low,minute_cos,4.341328169936754e-05,4.341328169936754e-05
open,funding_flip_signal,4.3329091268318625e-05,4.3329091268318625e-05
whale_conviction,hurst_48,4.296025531541081e-05,4.296025531541081e-05
log_return,btc_corr_60,4.1587526394224684e-05,4.1587526394224684e-05
quote_volume_btc,ou_funding_z,-3.700877190717642e-05,3.700877190717642e-05
funding_roc_48,cvd_slope_12,-3.5992603082974704e-05,3.5992603082974704e-05
close_btc,is_hour_open,-3.4875977297702353e-05,3.4875977297702353e-05
minute_cos,hurst_288,3.2581320808574664e-05,3.2581320808574664e-05
is_hour_open,breakout_strength,-3.243812564661579e-05,3.243812564661579e-05
hurst_48,cross_scale_curvature,-3.1449660297662044e-05,3.1449660297662044e-05
minute_sin,funding_pressure,-3.111470713834614e-05,3.111470713834614e-05
svps,btc_breakout_eth_lag_dir,2.86971708277952e-05,2.86971708277952e-05
is_hour_open,funding_pressure,2.8677615288561786e-05,2.8677615288561786e-05
hour_cos,is_hour_open,-2.820705607264127e-05,2.820705607264127e-05
rogers_satchell_vol,sig_liquidity_trap,2.6255903349666838e-05,2.6255903349666838e-05
close,minute_sin,-2.457142357561242e-05,2.457142357561242e-05
close_btc,funding_flip_signal,2.4304897094414324e-05,2.4304897094414324e-05
high,minute_cos,-2.3708577483920327e-05,2.3708577483920327e-05
whale_retail_ratio,oi_up_price_down,2.34051205283879e-05,2.34051205283879e-05
open,minute_cos,2.1827211101165712e-05,2.1827211101165712e-05
log_return,execution_quality,2.1706749286360326e-05,2.1706749286360326e-05
open,minute_sin,-2.0961073492420108e-05,2.0961073492420108e-05
high,funding_flip_signal,2.071930553408622e-05,2.071930553408622e-05
is_hour_open,distance_to_day_high_low_pct,-2.0100028464085798e-05,2.0100028464085798e-05
squeeze_power,minute_sin,-1.9511258314614677e-05,1.9511258314614677e-05
macd_hist,dual_momentum,1.8392693881294093e-05,1.8392693881294093e-05
minute_sin,cvd_48,1.7599548104391404e-05,1.7599548104391404e-05
compression_release_up,ou_halflife,1.5768839928747117e-05,1.5768839928747117e-05
close_btc,minute_cos,-1.571580318510125e-05,1.571580318510125e-05
is_hour_open,turtle_signal,1.4263448215856437e-05,1.4263448215856437e-05
minute_sin,funding_abs,-1.3787617953419499e-05,1.3787617953419499e-05
sum_open_interest_value,minute_sin,1.1834148993407056e-05,1.1834148993407056e-05
minute_cos,funding_roc_48,1.1818048003396887e-05,1.1818048003396887e-05
minute_cos,funding_roc_288,1.1446429909206215e-05,1.1446429909206215e-05
close,funding_flip_signal,1.0962997512200972e-05,1.0962997512200972e-05
minute_sin,funding_roc_48,-1.0817264271723872e-05,1.0817264271723872e-05
whale_conviction,funding_abs,-1.0765480029875856e-05,1.0765480029875856e-05
hour_cos,minute_sin,-9.56337776800075e-06,9.56337776800075e-06
minute_sin,funding_roc_288,9.36417219079728e-06,9.36417219079728e-06
last_funding_rate,minute_sin,-7.68889137716884e-06,7.68889137716884e-06
log_return,mta_funding,7.005845914386268e-06,7.005845914386268e-06
close,is_hour_open,-6.682727693918275e-06,6.682727693918275e-06
is_hour_open,fibonacci_level,-6.20470781203863e-06,6.20470781203863e-06
is_hour_open,cvp_regime,5.951558215552493e-06,5.951558215552493e-06
minute_sin,crowding_pressure,-5.580518807258029e-06,5.580518807258029e-06
close,minute_cos,5.253316134180732e-06,5.253316134180732e-06
open,is_hour_open,3.888035505893557e-06,3.888035505893557e-06
is_hour_open,funding_roc_48,-3.514316990982405e-06,3.514316990982405e-06
hour_sin,minute_sin,2.7452086615935642e-06,2.7452086615935642e-06
hour_sin,minute_cos,-2.505213366397452e-06,2.505213366397452e-06
close_btc,cvd_slope_48,-2.2592815790126605e-06,2.2592815790126605e-06
hour_sin,is_hour_open,2.047783890347846e-06,2.047783890347846e-06
close_btc,minute_sin,-1.8109274028519178e-06,1.8109274028519178e-06
hour_cos,minute_cos,-2.7820669833240515e-07,2.7820669833240515e-07
minute_cos,funding_roc_12,1.0026970533166758e-07,1.0026970533166758e-07
is_hour_open,funding_roc_12,7.813748045072324e-08,7.813748045072324e-08
minute_sin,funding_roc_12,-5.431276468499159e-08,5.431276468499159e-08
